gene	type
Zm00001eb207540	SD
Zm00001eb074430	SD
Zm00001eb047830	SD
Zm00001eb390320	SD
Zm00001eb155010	SD
Zm00001eb139250	SD
Zm00001eb000870	SD
Zm00001eb000340	SD
Zm00001eb271550	SD
Zm00001eb029610	SD
Zm00001eb171790	SD
Zm00001eb404370	SD
Zm00001eb156610	SD
Zm00001eb360480	SD
Zm00001eb361410	SD
Zm00001eb294190	SD
Zm00001eb023270	SD
Zm00001eb187690	SD
Zm00001eb149800	SD
Zm00001eb434410	SD
Zm00001eb070840	SD
Zm00001eb351570	SD
Zm00001eb343660	SD
Zm00001eb395310	SD
Zm00001eb229270	SD
Zm00001eb295800	SD
Zm00001eb268610	SD
Zm00001eb380840	SD
Zm00001eb323810	SD
Zm00001eb359990	SD
Zm00001eb152970	SD
Zm00001eb298600	SD
Zm00001eb432020	SD
Zm00001eb163250	SD
Zm00001eb094250	SD
Zm00001eb404830	SD
Zm00001eb299670	SD
Zm00001eb388040	SD
Zm00001eb043720	SD
Zm00001eb413290	SD
Zm00001eb326610	SD
Zm00001eb355010	SD
Zm00001eb287260	SD
Zm00001eb041840	SD
Zm00001eb390440	SD
Zm00001eb174440	SD
Zm00001eb188560	SD
Zm00001eb330260	SD
Zm00001eb111100	SD
Zm00001eb102050	SD
Zm00001eb324930	SD
Zm00001eb153100	SD
Zm00001eb031290	SD
Zm00001eb135720	SD
Zm00001eb400280	SD
Zm00001eb371020	SD
Zm00001eb122250	SD
Zm00001eb024600	SD
Zm00001eb072510	SD
Zm00001eb088090	SD
Zm00001eb296870	SD
Zm00001eb193530	SD
Zm00001eb256170	SD
Zm00001eb079300	SD
Zm00001eb209850	SD
Zm00001eb394410	SD
Zm00001eb399840	SD
Zm00001eb192340	SD
Zm00001eb188030	SD
Zm00001eb161780	SD
Zm00001eb192500	SD
Zm00001eb077900	SD
Zm00001eb283610	SD
Zm00001eb121520	SD
Zm00001eb023450	SD
Zm00001eb012760	SD
Zm00001eb300740	SD
Zm00001eb017000	SD
Zm00001eb312360	SD
Zm00001eb252790	SD
Zm00001eb433610	SD
Zm00001eb158110	SD
Zm00001eb214970	SD
Zm00001eb000590	SD
Zm00001eb432730	SD
Zm00001eb384230	SD
Zm00001eb060220	SD
Zm00001eb037470	SD
Zm00001eb404940	SD
Zm00001eb417970	SD
Zm00001eb109270	SD
Zm00001eb365340	SD
Zm00001eb007050	SD
Zm00001eb093980	SD
Zm00001eb127880	SD
Zm00001eb253140	SD
Zm00001eb106120	SD
Zm00001eb292350	SD
Zm00001eb265670	SD
Zm00001eb413950	SD
Zm00001eb175670	SD
Zm00001eb330790	SD
Zm00001eb098590	SD
Zm00001eb165660	SD
Zm00001eb277540	SD
Zm00001eb396680	SD
Zm00001eb352890	SD
Zm00001eb232170	SD
Zm00001eb129790	SD
Zm00001eb322530	SD
Zm00001eb105540	SD
Zm00001eb155860	SD
Zm00001eb067080	SD
Zm00001eb430160	SD
Zm00001eb035960	SD
Zm00001eb342670	SD
Zm00001eb431930	SD
Zm00001eb342680	SD
Zm00001eb321900	SD
Zm00001eb387800	SD
Zm00001eb222050	SD
Zm00001eb158050	SD
Zm00001eb106890	SD
Zm00001eb223160	SD
Zm00001eb079970	SD
Zm00001eb135220	SD
Zm00001eb050350	SD
Zm00001eb115830	SD
Zm00001eb360580	SD
Zm00001eb156300	SD
Zm00001eb431870	SD
Zm00001eb139750	SD
Zm00001eb094340	SD
Zm00001eb053110	SD
Zm00001eb383980	SD
Zm00001eb182010	SD
Zm00001eb267350	SD
Zm00001eb228660	SD
Zm00001eb006560	SD
Zm00001eb073760	SD
Zm00001eb247890	SD
Zm00001eb221190	SD
Zm00001eb013860	SD
Zm00001eb431240	SD
Zm00001eb210450	SD
Zm00001eb102240	SD
Zm00001eb371770	SD
Zm00001eb144600	SD
Zm00001eb252650	SD
Zm00001eb078140	SD
Zm00001eb101320	SD
Zm00001eb356970	SD
Zm00001eb040920	SD
Zm00001eb433980	SD
Zm00001eb386920	SD
Zm00001eb099590	SD
Zm00001eb349830	SD
Zm00001eb399270	SD
Zm00001eb428530	SD
Zm00001eb033590	SD
Zm00001eb396030	SD
Zm00001eb188670	SD
Zm00001eb201030	SD
Zm00001eb063660	SD
Zm00001eb107220	SD
Zm00001eb227100	SD
Zm00001eb140560	SD
Zm00001eb361450	SD
Zm00001eb159160	SD
Zm00001eb233940	SD
Zm00001eb214800	SD
Zm00001eb316130	SD
Zm00001eb254410	SD
Zm00001eb216020	SD
Zm00001eb329590	SD
Zm00001eb398420	SD
Zm00001eb325270	SD
Zm00001eb333590	SD
Zm00001eb257250	SD
Zm00001eb361520	SD
Zm00001eb344140	SD
Zm00001eb313280	SD
Zm00001eb099720	SD
Zm00001eb117210	SD
Zm00001eb280820	SD
Zm00001eb192780	SD
Zm00001eb199970	SD
Zm00001eb016560	SD
Zm00001eb356140	SD
Zm00001eb394870	SD
Zm00001eb199400	SD
Zm00001eb135380	SD
Zm00001eb083200	SD
Zm00001eb334990	SD
Zm00001eb345240	SD
Zm00001eb364620	SD
Zm00001eb195450	SD
Zm00001eb304560	SD
Zm00001eb087920	SD
Zm00001eb097100	SD
Zm00001eb225970	SD
Zm00001eb362840	SD
Zm00001eb430440	SD
Zm00001eb207890	SD
Zm00001eb417870	SD
Zm00001eb275450	SD
Zm00001eb428910	SD
Zm00001eb095640	SD
Zm00001eb035840	SD
Zm00001eb293660	SD
Zm00001eb096900	SD
Zm00001eb205470	SD
Zm00001eb095350	SD
Zm00001eb266250	SD
Zm00001eb212800	SD
Zm00001eb303110	SD
Zm00001eb283110	SD
Zm00001eb151630	SD
Zm00001eb072860	SD
Zm00001eb293320	SD
Zm00001eb000860	SD
Zm00001eb336020	SD
Zm00001eb273370	SD
Zm00001eb187440	SD
Zm00001eb361980	SD
Zm00001eb360990	SD
Zm00001eb397320	SD
Zm00001eb109780	SD
Zm00001eb102350	SD
Zm00001eb192910	SD
Zm00001eb413670	SD
Zm00001eb349780	SD
Zm00001eb195000	SD
Zm00001eb016120	SD
Zm00001eb053540	SD
Zm00001eb402480	SD
Zm00001eb153630	SD
Zm00001eb104820	SD
Zm00001eb099710	SD
Zm00001eb331520	SD
Zm00001eb043680	SD
Zm00001eb343670	SD
Zm00001eb096920	SD
Zm00001eb021510	SD
Zm00001eb272820	SD
Zm00001eb159550	SD
Zm00001eb384580	SD
Zm00001eb363270	SD
Zm00001eb402940	SD
Zm00001eb003150	SD
Zm00001eb405190	SD
Zm00001eb227030	SD
Zm00001eb139110	SD
Zm00001eb373500	SD
Zm00001eb167830	SD
Zm00001eb086360	SD
Zm00001eb138830	SD
Zm00001eb407890	SD
Zm00001eb072940	SD
Zm00001eb247150	SD
Zm00001eb204940	SD
Zm00001eb299510	SD
Zm00001eb054660	SD
Zm00001eb281080	SD
Zm00001eb059050	SD
Zm00001eb392440	SD
Zm00001eb051470	SD
Zm00001eb070760	SD
Zm00001eb171780	SD
Zm00001eb359430	SD
Zm00001eb398680	SD
Zm00001eb020370	SD
Zm00001eb199600	SD
Zm00001eb154260	SD
Zm00001eb258510	SD
Zm00001eb022080	SD
Zm00001eb242050	SD
Zm00001eb434040	SD
Zm00001eb421170	SD
Zm00001eb165880	SD
Zm00001eb033230	SD
Zm00001eb321450	SD
Zm00001eb391770	SD
Zm00001eb396450	SD
Zm00001eb295600	SD
Zm00001eb134240	SD
Zm00001eb291070	SD
Zm00001eb396440	SD
Zm00001eb150100	SD
Zm00001eb115900	SD
Zm00001eb048660	SD
Zm00001eb176030	SD
Zm00001eb037120	SD
Zm00001eb394120	SD
Zm00001eb430580	SD
Zm00001eb364280	SD
Zm00001eb071300	SD
Zm00001eb353510	SD
Zm00001eb293720	SD
Zm00001eb036140	SD
Zm00001eb256740	SD
Zm00001eb257400	SD
Zm00001eb004500	SD
Zm00001eb334900	SD
Zm00001eb389830	SD
Zm00001eb351500	SD
Zm00001eb191290	SD
Zm00001eb220750	SD
Zm00001eb018010	SD
Zm00001eb050340	SD
Zm00001eb313960	SD
Zm00001eb286080	SD
Zm00001eb055280	SD
Zm00001eb280130	SD
Zm00001eb031970	SD
Zm00001eb180790	SD
Zm00001eb085420	SD
Zm00001eb208110	SD
Zm00001eb121480	SD
Zm00001eb214520	SD
Zm00001eb035700	SD
Zm00001eb256570	SD
Zm00001eb089490	SD
Zm00001eb331350	SD
Zm00001eb414040	SD
Zm00001eb350390	SD
Zm00001eb402710	SD
Zm00001eb361260	SD
Zm00001eb201810	SD
Zm00001eb119830	SD
Zm00001eb180670	SD
Zm00001eb333690	SD
Zm00001eb354250	SD
Zm00001eb362860	SD
Zm00001eb374480	SD
Zm00001eb151510	SD
Zm00001eb332530	SD
Zm00001eb391030	SD
Zm00001eb098460	SD
Zm00001eb310520	SD
Zm00001eb216140	SD
Zm00001eb079340	SD
Zm00001eb099810	SD
Zm00001eb020330	SD
Zm00001eb327340	SD
Zm00001eb387040	SD
Zm00001eb260480	SD
Zm00001eb089800	SD
Zm00001eb190410	SD
Zm00001eb091060	SD
Zm00001eb275240	SD
Zm00001eb364820	SD
Zm00001eb403310	SD
Zm00001eb238660	SD
Zm00001eb016040	SD
Zm00001eb063390	SD
Zm00001eb396900	SD
Zm00001eb383680	SD
Zm00001eb144810	SD
Zm00001eb045810	SD
Zm00001eb324300	SD
Zm00001eb276980	SD
Zm00001eb250070	SD
Zm00001eb274910	SD
Zm00001eb153560	SD
Zm00001eb413150	SD
Zm00001eb330690	SD
Zm00001eb055210	SD
Zm00001eb042110	SD
Zm00001eb106360	SD
Zm00001eb358200	SD
Zm00001eb238670	SD
Zm00001eb353280	SD
Zm00001eb186970	SD
Zm00001eb017330	SD
Zm00001eb059900	SD
Zm00001eb178670	SD
Zm00001eb302400	SD
Zm00001eb207950	SD
Zm00001eb275100	SD
Zm00001eb281010	SD
Zm00001eb006320	SD
Zm00001eb173050	SD
Zm00001eb067750	SD
Zm00001eb365680	SD
Zm00001eb000690	SD
Zm00001eb224910	SD
Zm00001eb293110	SD
Zm00001eb419050	SD
Zm00001eb160480	SD
Zm00001eb172230	SD
Zm00001eb149530	SD
Zm00001eb242420	SD
Zm00001eb149670	SD
Zm00001eb430400	SD
Zm00001eb310870	SD
Zm00001eb433020	SD
Zm00001eb425660	SD
Zm00001eb077920	SD
Zm00001eb319410	SD
Zm00001eb154010	SD
Zm00001eb413780	SD
Zm00001eb429250	SD
Zm00001eb137140	SD
Zm00001eb251910	SD
Zm00001eb317490	SD
Zm00001eb248450	SD
Zm00001eb288850	SD
Zm00001eb427560	SD
Zm00001eb058570	SD
Zm00001eb258860	SD
Zm00001eb296680	SD
Zm00001eb127130	SD
Zm00001eb169050	SD
Zm00001eb329230	SD
Zm00001eb056470	SD
Zm00001eb339390	SD
Zm00001eb303780	SD
Zm00001eb252410	SD
Zm00001eb343270	SD
Zm00001eb209370	SD
Zm00001eb396410	SD
Zm00001eb320100	SD
Zm00001eb240380	SD
Zm00001eb023660	SD
Zm00001eb421360	SD
Zm00001eb106100	SD
Zm00001eb066150	SD
Zm00001eb081610	SD
Zm00001eb007610	SD
Zm00001eb097580	SD
Zm00001eb063970	SD
Zm00001eb008780	SD
Zm00001eb071720	SD
Zm00001eb273840	SD
Zm00001eb104210	SD
Zm00001eb010990	SD
Zm00001eb370990	SD
Zm00001eb126740	SD
Zm00001eb014730	SD
Zm00001eb171140	SD
Zm00001eb270080	SD
Zm00001eb125230	SD
Zm00001eb176470	SD
Zm00001eb201360	SD
Zm00001eb163930	SD
Zm00001eb095370	SD
Zm00001eb131230	SD
Zm00001eb403550	SD
Zm00001eb040050	SD
Zm00001eb314780	SD
Zm00001eb149830	SD
Zm00001eb177300	SD
Zm00001eb055620	SD
Zm00001eb104480	SD
Zm00001eb388330	SD
Zm00001eb128780	SD
Zm00001eb012100	SD
Zm00001eb047500	SD
Zm00001eb323710	SD
Zm00001eb432990	SD
Zm00001eb193330	SD
Zm00001eb022940	SD
Zm00001eb352150	SD
Zm00001eb191700	SD
Zm00001eb211190	SD
Zm00001eb394540	SD
Zm00001eb330660	SD
Zm00001eb357900	SD
Zm00001eb341260	SD
Zm00001eb031700	SD
Zm00001eb391740	SD
Zm00001eb186910	SD
Zm00001eb092180	SD
Zm00001eb397920	SD
Zm00001eb131620	SD
Zm00001eb211870	SD
Zm00001eb208050	SD
Zm00001eb103510	SD
Zm00001eb076490	SD
Zm00001eb042420	SD
Zm00001eb265410	SD
Zm00001eb200590	SD
Zm00001eb256260	SD
Zm00001eb044640	SD
Zm00001eb362080	SD
Zm00001eb139520	SD
Zm00001eb116280	SD
Zm00001eb395240	SD
Zm00001eb216870	SD
Zm00001eb072270	SD
Zm00001eb359320	SD
Zm00001eb403560	SD
Zm00001eb137290	SD
Zm00001eb351580	SD
Zm00001eb306260	SD
Zm00001eb337350	SD
Zm00001eb349090	SD
Zm00001eb129860	SD
Zm00001eb101780	SD
Zm00001eb186130	SD
Zm00001eb243020	SD
Zm00001eb243360	SD
Zm00001eb151300	SD
Zm00001eb373110	SD
Zm00001eb369010	SD
Zm00001eb315780	SD
Zm00001eb234620	SD
Zm00001eb378670	SD
Zm00001eb197990	SD
Zm00001eb379420	SD
Zm00001eb355970	SD
Zm00001eb136540	SD
Zm00001eb425310	SD
Zm00001eb260470	SD
Zm00001eb030390	SD
Zm00001eb040860	SD
Zm00001eb017310	SD
Zm00001eb013000	SD
Zm00001eb069410	SD
Zm00001eb398340	SD
Zm00001eb370130	SD
Zm00001eb044760	SD
Zm00001eb387310	SD
Zm00001eb271590	SD
Zm00001eb333220	SD
Zm00001eb092100	SD
Zm00001eb373560	SD
Zm00001eb397250	SD
Zm00001eb042370	SD
Zm00001eb227820	SD
Zm00001eb016330	SD
Zm00001eb016660	SD
Zm00001eb031250	SD
Zm00001eb422090	SD
Zm00001eb260420	SD
Zm00001eb280380	SD
Zm00001eb111550	SD
Zm00001eb078170	SD
Zm00001eb425970	SD
Zm00001eb273100	SD
Zm00001eb268840	SD
Zm00001eb044360	SD
Zm00001eb368190	SD
Zm00001eb278740	SD
Zm00001eb019050	SD
Zm00001eb374840	SD
Zm00001eb218730	SD
Zm00001eb050660	SD
Zm00001eb103990	SD
Zm00001eb343930	SD
Zm00001eb281160	SD
Zm00001eb122860	SD
Zm00001eb192680	SD
Zm00001eb136060	SD
Zm00001eb224940	SD
Zm00001eb240330	SD
Zm00001eb033110	SD
Zm00001eb089580	SD
Zm00001eb397790	SD
Zm00001eb385250	SD
Zm00001eb238050	SD
Zm00001eb104260	SD
Zm00001eb342080	SD
Zm00001eb296100	SD
Zm00001eb378680	SD
Zm00001eb000880	SD
Zm00001eb327420	SD
Zm00001eb379530	SD
Zm00001eb021170	SD
Zm00001eb339080	SD
Zm00001eb329690	SD
Zm00001eb202800	SD
Zm00001eb159350	SD
Zm00001eb431350	SD
Zm00001eb428840	SD
Zm00001eb084160	SD
Zm00001eb219420	SD
Zm00001eb007030	SD
Zm00001eb398060	SD
Zm00001eb337940	SD
Zm00001eb157580	SD
Zm00001eb102840	SD
Zm00001eb245950	SD
Zm00001eb012880	SD
Zm00001eb369770	SD
Zm00001eb265200	SD
Zm00001eb197530	SD
Zm00001eb331960	SD
Zm00001eb318030	SD
Zm00001eb014970	SD
Zm00001eb284360	SD
Zm00001eb148790	SD
Zm00001eb315400	SD
Zm00001eb235400	SD
Zm00001eb059990	SD
Zm00001eb218410	SD
Zm00001eb070050	SD
Zm00001eb226820	SD
Zm00001eb095660	SD
Zm00001eb188050	SD
Zm00001eb297070	SD
Zm00001eb112080	SD
Zm00001eb048000	SD
Zm00001eb343980	SD
Zm00001eb360910	SD
Zm00001eb382900	SD
Zm00001eb257160	SD
Zm00001eb430810	SD
Zm00001eb040940	SD
Zm00001eb069460	SD
Zm00001eb410840	SD
Zm00001eb392710	SD
Zm00001eb044280	SD
Zm00001eb037010	SD
Zm00001eb153090	SD
Zm00001eb368920	SD
Zm00001eb251630	SD
Zm00001eb010790	SD
Zm00001eb364230	SD
Zm00001eb364470	SD
Zm00001eb227150	SD
Zm00001eb368270	SD
Zm00001eb355080	SD
Zm00001eb066640	SD
Zm00001eb143240	SD
Zm00001eb056350	SD
Zm00001eb300880	SD
Zm00001eb406310	SD
Zm00001eb325590	SD
Zm00001eb375490	SD
Zm00001eb186240	SD
Zm00001eb275630	SD
Zm00001eb037420	SD
Zm00001eb137900	SD
Zm00001eb363810	SD
Zm00001eb222570	SD
Zm00001eb047170	SD
Zm00001eb131510	SD
Zm00001eb374440	SD
Zm00001eb289360	SD
Zm00001eb357140	SD
Zm00001eb051370	SD
Zm00001eb148290	SD
Zm00001eb181960	SD
Zm00001eb322310	SD
Zm00001eb035390	SD
Zm00001eb139410	SD
Zm00001eb228120	SD
Zm00001eb212750	SD
Zm00001eb163960	SD
Zm00001eb152050	SD
Zm00001eb004170	SD
Zm00001eb082760	SD
Zm00001eb070910	SD
Zm00001eb258520	SD
Zm00001eb365610	SD
Zm00001eb421870	SD
Zm00001eb212740	SD
Zm00001eb413140	SD
Zm00001eb400100	SD
Zm00001eb162370	SD
Zm00001eb061990	SD
Zm00001eb327640	SD
Zm00001eb142310	SD
Zm00001eb216680	SD
Zm00001eb031220	SD
Zm00001eb185690	SD
Zm00001eb358420	SD
Zm00001eb174640	SD
Zm00001eb315880	SD
Zm00001eb055750	SD
Zm00001eb321710	SD
Zm00001eb159570	SD
Zm00001eb016160	SD
Zm00001eb208140	SD
Zm00001eb184560	SD
Zm00001eb064410	SD
Zm00001eb329740	SD
Zm00001eb316620	SD
Zm00001eb157070	SD
Zm00001eb243060	SD
Zm00001eb429280	SD
Zm00001eb209970	SD
Zm00001eb360180	SD
Zm00001eb041980	SD
Zm00001eb199730	SD
Zm00001eb361760	SD
Zm00001eb102610	SD
Zm00001eb429200	SD
Zm00001eb256960	SD
Zm00001eb099080	SD
Zm00001eb374240	SD
Zm00001eb427140	SD
Zm00001eb233540	SD
Zm00001eb278480	SD
Zm00001eb066110	SD
Zm00001eb192720	SD
Zm00001eb390970	SD
Zm00001eb427630	SD
Zm00001eb078350	SD
Zm00001eb073990	SD
Zm00001eb075850	SD
Zm00001eb247110	SD
Zm00001eb043580	SD
Zm00001eb325470	SD
Zm00001eb141980	SD
Zm00001eb225720	SD
Zm00001eb302800	SD
Zm00001eb160600	SD
Zm00001eb410440	SD
Zm00001eb401720	SD
Zm00001eb389210	SD
Zm00001eb419690	SD
Zm00001eb269310	SD
Zm00001eb218470	SD
Zm00001eb407660	SD
Zm00001eb206880	SD
Zm00001eb176670	SD
Zm00001eb040700	SD
Zm00001eb116310	SD
Zm00001eb400410	SD
Zm00001eb315710	SD
Zm00001eb272780	SD
Zm00001eb431180	SD
Zm00001eb189420	SD
Zm00001eb388260	SD
Zm00001eb371190	SD
Zm00001eb110730	SD
Zm00001eb348590	SD
Zm00001eb075250	SD
Zm00001eb253500	SD
Zm00001eb084600	SD
Zm00001eb145640	SD
Zm00001eb321870	SD
Zm00001eb252120	SD
Zm00001eb135750	SD
Zm00001eb387010	SD
Zm00001eb159640	SD
Zm00001eb173380	SD
Zm00001eb044780	SD
Zm00001eb059840	SD
Zm00001eb351990	SD
Zm00001eb357010	SD
Zm00001eb007090	SD
Zm00001eb075420	SD
Zm00001eb103410	SD
Zm00001eb099960	SD
Zm00001eb215280	SD
Zm00001eb396040	SD
Zm00001eb379150	SD
Zm00001eb247540	SD
Zm00001eb314920	SD
Zm00001eb206510	SD
Zm00001eb419810	SD
Zm00001eb340640	SD
Zm00001eb355580	SD
Zm00001eb205510	SD
Zm00001eb150160	SD
Zm00001eb032290	SD
Zm00001eb079940	SD
Zm00001eb218320	SD
Zm00001eb348840	SD
Zm00001eb429900	SD
Zm00001eb387520	SD
Zm00001eb061880	SD
Zm00001eb281840	SD
Zm00001eb102800	SD
Zm00001eb402340	SD
Zm00001eb148720	SD
Zm00001eb345060	SD
Zm00001eb295010	SD
Zm00001eb246700	SD
Zm00001eb302670	SD
Zm00001eb187850	SD
Zm00001eb275550	SD
Zm00001eb267610	SD
Zm00001eb000920	SD
Zm00001eb251350	SD
Zm00001eb054650	SD
Zm00001eb160430	SD
Zm00001eb019590	SD
Zm00001eb405150	SD
Zm00001eb254950	SD
Zm00001eb206420	SD
Zm00001eb058410	SD
Zm00001eb139400	SD
Zm00001eb273690	SD
Zm00001eb260560	SD
Zm00001eb215130	SD
Zm00001eb365010	SD
Zm00001eb028510	SD
Zm00001eb322350	SD
Zm00001eb288330	SD
Zm00001eb245640	SD
Zm00001eb161420	SD
Zm00001eb217900	SD
Zm00001eb085570	SD
Zm00001eb035540	SD
Zm00001eb089670	SD
Zm00001eb192580	SD
Zm00001eb029530	SD
Zm00001eb156740	SD
Zm00001eb185290	SD
Zm00001eb216910	SD
Zm00001eb288910	SD
Zm00001eb006570	SD
Zm00001eb233880	SD
Zm00001eb335110	SD
Zm00001eb342340	SD
Zm00001eb064480	SD
Zm00001eb038540	SD
Zm00001eb211400	SD
Zm00001eb055050	SD
Zm00001eb418160	SD
Zm00001eb162250	SD
Zm00001eb018610	SD
Zm00001eb273040	SD
Zm00001eb258820	SD
Zm00001eb043420	SD
Zm00001eb253230	SD
Zm00001eb012350	SD
Zm00001eb105840	SD
Zm00001eb251290	SD
Zm00001eb207870	SD
Zm00001eb201440	SD
Zm00001eb258330	SD
Zm00001eb017280	SD
Zm00001eb150680	SD
Zm00001eb089630	SD
Zm00001eb149270	SD
Zm00001eb399030	SD
Zm00001eb391540	SD
Zm00001eb084450	SD
Zm00001eb006270	SD
Zm00001eb295830	SD
Zm00001eb034080	SD
Zm00001eb205200	SD
Zm00001eb085350	SD
Zm00001eb330730	SD
Zm00001eb010160	SD
Zm00001eb153370	SD
Zm00001eb104850	SD
Zm00001eb246000	SD
Zm00001eb397720	SD
Zm00001eb012280	SD
Zm00001eb421150	SD
Zm00001eb278700	SD
Zm00001eb345410	SD
Zm00001eb327960	SD
Zm00001eb282080	SD
Zm00001eb185240	SD
Zm00001eb279740	SD
Zm00001eb204890	SD
Zm00001eb190030	SD
Zm00001eb397700	SD
Zm00001eb367740	SD
Zm00001eb344950	SD
Zm00001eb193280	SD
Zm00001eb335890	SD
Zm00001eb360620	SD
Zm00001eb057860	SD
Zm00001eb255460	SD
Zm00001eb373520	SD
Zm00001eb199530	SD
Zm00001eb238620	SD
Zm00001eb193930	SD
Zm00001eb228090	SD
Zm00001eb431890	SD
Zm00001eb203470	SD
Zm00001eb248990	SD
Zm00001eb325080	SD
Zm00001eb076880	SD
Zm00001eb163150	SD
Zm00001eb195860	SD
Zm00001eb401630	SD
Zm00001eb225570	SD
Zm00001eb216660	SD
Zm00001eb148950	SD
Zm00001eb254390	SD
Zm00001eb368340	SD
Zm00001eb317930	SD
Zm00001eb314240	SD
Zm00001eb395790	SD
Zm00001eb074460	SD
Zm00001eb029390	SD
Zm00001eb197020	SD
Zm00001eb024200	SD
Zm00001eb172450	SD
Zm00001eb028400	SD
Zm00001eb152940	SD
Zm00001eb425450	SD
Zm00001eb433650	SD
Zm00001eb143180	SD
Zm00001eb353320	SD
Zm00001eb426920	SD
Zm00001eb429450	SD
Zm00001eb424990	SD
Zm00001eb189070	SD
Zm00001eb189400	SD
Zm00001eb347680	SD
Zm00001eb406750	SD
Zm00001eb334630	SD
Zm00001eb003350	SD
Zm00001eb326620	SD
Zm00001eb344930	SD
Zm00001eb040760	SD
Zm00001eb179120	SD
Zm00001eb000500	SD
Zm00001eb209880	SD
Zm00001eb265830	SD
Zm00001eb012000	SD
Zm00001eb188550	SD
Zm00001eb009100	SD
Zm00001eb301430	SD
Zm00001eb149130	SD
Zm00001eb221130	SD
Zm00001eb160160	SD
Zm00001eb096340	SD
Zm00001eb058860	SD
Zm00001eb028680	SD
Zm00001eb153830	SD
Zm00001eb186770	SD
Zm00001eb240400	SD
Zm00001eb208020	SD
Zm00001eb161170	SD
Zm00001eb430330	SD
Zm00001eb247720	SD
Zm00001eb339240	SD
Zm00001eb196060	SD
Zm00001eb182820	SD
Zm00001eb244770	SD
Zm00001eb174080	SD
Zm00001eb186000	SD
Zm00001eb254490	SD
Zm00001eb024330	SD
Zm00001eb427720	SD
Zm00001eb095770	SD
Zm00001eb272510	SD
Zm00001eb103030	SD
Zm00001eb000760	SD
Zm00001eb205070	SD
Zm00001eb153530	SD
Zm00001eb426300	SD
Zm00001eb117070	SD
Zm00001eb152560	SD
Zm00001eb077230	SD
Zm00001eb222260	SD
Zm00001eb079950	SD
Zm00001eb292590	SD
Zm00001eb420920	SD
Zm00001eb176380	SD
Zm00001eb403260	SD
Zm00001eb277450	SD
Zm00001eb159400	SD
Zm00001eb117810	SD
Zm00001eb160590	SD
Zm00001eb099520	SD
Zm00001eb045420	SD
Zm00001eb159780	SD
Zm00001eb257480	SD
Zm00001eb029660	SD
Zm00001eb354720	SD
Zm00001eb316410	SD
Zm00001eb294910	SD
Zm00001eb269520	SD
Zm00001eb136450	SD
Zm00001eb338010	SD
Zm00001eb199590	SD
Zm00001eb311590	SD
Zm00001eb407800	SD
Zm00001eb376990	SD
Zm00001eb299200	SD
Zm00001eb368740	SD
Zm00001eb334440	SD
Zm00001eb064770	SD
Zm00001eb358270	SD
Zm00001eb073510	SD
Zm00001eb196590	SD
Zm00001eb430940	SD
Zm00001eb119890	SD
Zm00001eb419620	SD
Zm00001eb363830	SD
Zm00001eb247390	SD
Zm00001eb397350	SD
Zm00001eb114030	SD
Zm00001eb160250	SD
Zm00001eb289020	SD
Zm00001eb198960	SD
Zm00001eb126640	SD
Zm00001eb067960	SD
Zm00001eb199820	SD
Zm00001eb006950	SD
Zm00001eb273870	SD
Zm00001eb054960	SD
Zm00001eb127090	SD
Zm00001eb256270	SD
Zm00001eb103470	SD
Zm00001eb424550	SD
Zm00001eb004420	SD
Zm00001eb037050	SD
Zm00001eb163310	SD
Zm00001eb250590	SD
Zm00001eb149420	SD
Zm00001eb012790	SD
Zm00001eb396300	SD
Zm00001eb037500	SD
Zm00001eb143710	SD
Zm00001eb256420	SD
Zm00001eb335860	SD
Zm00001eb131530	SD
Zm00001eb191270	SD
Zm00001eb244500	SD
Zm00001eb045640	SD
Zm00001eb398630	SD
Zm00001eb360520	SD
Zm00001eb339300	SD
Zm00001eb115370	SD
Zm00001eb367830	SD
Zm00001eb156250	SD
Zm00001eb403880	SD
Zm00001eb232490	SD
Zm00001eb220140	SD
Zm00001eb431290	SD
Zm00001eb357920	SD
Zm00001eb399830	SD
Zm00001eb370810	SD
Zm00001eb009310	SD
Zm00001eb070190	SD
Zm00001eb153840	SD
Zm00001eb084730	SD
Zm00001eb395300	SD
Zm00001eb091940	SD
Zm00001eb289960	SD
Zm00001eb202550	SD
Zm00001eb236640	SD
Zm00001eb053750	SD
Zm00001eb125880	SD
Zm00001eb420580	SD
Zm00001eb082150	SD
Zm00001eb162110	SD
Zm00001eb196100	SD
Zm00001eb011300	SD
Zm00001eb163520	SD
Zm00001eb124840	SD
Zm00001eb214860	SD
Zm00001eb247610	SD
Zm00001eb352310	SD
Zm00001eb093670	SD
Zm00001eb033050	SD
Zm00001eb118140	SD
Zm00001eb165340	SD
Zm00001eb100310	SD
Zm00001eb237760	SD
Zm00001eb243930	SD
Zm00001eb159650	SD
Zm00001eb124900	SD
Zm00001eb106060	SD
Zm00001eb035220	SD
Zm00001eb360110	SD
Zm00001eb257860	SD
Zm00001eb052630	SD
Zm00001eb226660	SD
Zm00001eb296520	SD
Zm00001eb015700	SD
Zm00001eb291820	SD
Zm00001eb099000	SD
Zm00001eb429620	SD
Zm00001eb083450	SD
Zm00001eb251420	SD
Zm00001eb150970	SD
Zm00001eb248900	SD
Zm00001eb122880	SD
Zm00001eb427460	SD
Zm00001eb397570	SD
Zm00001eb423570	SD
Zm00001eb238340	SD
Zm00001eb107170	SD
Zm00001eb373990	SD
Zm00001eb289630	SD
Zm00001eb179530	SD
Zm00001eb369800	SD
Zm00001eb038920	SD
Zm00001eb358580	SD
Zm00001eb111640	SD
Zm00001eb116420	SD
Zm00001eb011080	SD
Zm00001eb099640	SD
Zm00001eb382660	SD
Zm00001eb112600	SD
Zm00001eb183460	SD
Zm00001eb292010	SD
Zm00001eb193850	SD
Zm00001eb179320	SD
Zm00001eb399910	SD
Zm00001eb415730	SD
Zm00001eb335590	SD
Zm00001eb348150	SD
Zm00001eb383780	SD
Zm00001eb068540	SD
Zm00001eb137200	SD
Zm00001eb229930	SD
Zm00001eb242230	SD
Zm00001eb022280	SD
Zm00001eb351930	SD
Zm00001eb350460	SD
Zm00001eb236320	SD
Zm00001eb157010	SD
Zm00001eb078040	SD
Zm00001eb106380	SD
Zm00001eb389670	SD
Zm00001eb063690	SD
Zm00001eb194110	SD
Zm00001eb296810	SD
Zm00001eb233370	SD
Zm00001eb401100	SD
Zm00001eb212660	SD
Zm00001eb147740	SD
Zm00001eb432770	SD
Zm00001eb361150	SD
Zm00001eb096850	SD
Zm00001eb048230	SD
Zm00001eb189150	SD
Zm00001eb037260	SD
Zm00001eb162360	SD
Zm00001eb023710	SD
Zm00001eb206560	SD
Zm00001eb299300	SD
Zm00001eb048850	SD
Zm00001eb417950	SD
Zm00001eb399580	SD
Zm00001eb154830	SD
Zm00001eb259310	SD
Zm00001eb158490	SD
Zm00001eb405630	SD
Zm00001eb212300	SD
Zm00001eb397600	SD
Zm00001eb349080	SD
Zm00001eb213930	SD
Zm00001eb081930	SD
Zm00001eb182380	SD
Zm00001eb025860	SD
Zm00001eb171090	SD
Zm00001eb051900	SD
Zm00001eb205780	SD
Zm00001eb146270	SD
Zm00001eb410600	SD
Zm00001eb216260	SD
Zm00001eb349530	SD
Zm00001eb101380	SD
Zm00001eb328720	SD
Zm00001eb378050	SD
Zm00001eb155640	SD
Zm00001eb348740	SD
Zm00001eb214870	SD
Zm00001eb106410	SD
Zm00001eb029200	SD
Zm00001eb351340	SD
Zm00001eb301310	SD
Zm00001eb330810	SD
Zm00001eb148420	SD
Zm00001eb221970	SD
Zm00001eb187980	SD
Zm00001eb187150	SD
Zm00001eb273850	SD
Zm00001eb015440	SD
Zm00001eb023010	SD
Zm00001eb072220	SD
Zm00001eb103700	SD
Zm00001eb171410	SD
Zm00001eb159560	SD
Zm00001eb251490	SD
Zm00001eb035050	SD
Zm00001eb235810	SD
Zm00001eb374210	SD
Zm00001eb049840	SD
Zm00001eb219190	SD
Zm00001eb217090	SD
Zm00001eb380430	SD
Zm00001eb006860	SD
Zm00001eb058850	SD
Zm00001eb275380	SD
Zm00001eb395480	SD
Zm00001eb244240	SD
Zm00001eb332130	SD
Zm00001eb359410	SD
Zm00001eb428660	SD
Zm00001eb328470	SD
Zm00001eb196510	SD
Zm00001eb030260	SD
Zm00001eb035820	SD
Zm00001eb366250	SD
Zm00001eb093160	SD
Zm00001eb124690	SD
Zm00001eb323940	SD
Zm00001eb251990	SD
Zm00001eb021820	SD
Zm00001eb338800	SD
Zm00001eb386990	SD
Zm00001eb012390	SD
Zm00001eb314040	SD
Zm00001eb180890	SD
Zm00001eb399560	SD
Zm00001eb108060	SD
Zm00001eb318880	SD
Zm00001eb332400	SD
Zm00001eb130690	SD
Zm00001eb275220	SD
Zm00001eb374600	SD
Zm00001eb149650	SD
Zm00001eb300970	SD
Zm00001eb372330	SD
Zm00001eb108320	SD
Zm00001eb368950	SD
Zm00001eb427110	SD
Zm00001eb183280	SD
Zm00001eb166100	SD
Zm00001eb226260	SD
Zm00001eb330760	SD
Zm00001eb293190	SD
Zm00001eb101010	SD
Zm00001eb280280	SD
Zm00001eb201110	SD
Zm00001eb121470	SD
Zm00001eb369120	SD
Zm00001eb248060	SD
Zm00001eb052860	SD
Zm00001eb315420	SD
Zm00001eb218400	SD
Zm00001eb015890	SD
Zm00001eb015970	SD
Zm00001eb054170	SD
Zm00001eb370850	SD
Zm00001eb397650	SD
Zm00001eb145810	SD
Zm00001eb122920	SD
Zm00001eb352750	SD
Zm00001eb061350	SD
Zm00001eb238000	SD
Zm00001eb330700	SD
Zm00001eb034980	SD
Zm00001eb211690	SD
Zm00001eb413550	SD
Zm00001eb425300	SD
Zm00001eb326360	SD
Zm00001eb081510	SD
Zm00001eb002460	SD
Zm00001eb191680	SD
Zm00001eb401390	SD
Zm00001eb193590	SD
Zm00001eb321770	SD
Zm00001eb103490	SD
Zm00001eb040510	SD
Zm00001eb182980	SD
Zm00001eb163730	SD
Zm00001eb273260	SD
Zm00001eb172540	SD
Zm00001eb083790	SD
Zm00001eb020850	SD
Zm00001eb054480	SD
Zm00001eb099940	SD
Zm00001eb318070	SD
Zm00001eb244890	SD
Zm00001eb431220	SD
Zm00001eb395120	SD
Zm00001eb395280	SD
Zm00001eb013980	SD
Zm00001eb241900	SD
Zm00001eb040120	SD
Zm00001eb136280	SD
Zm00001eb280250	SD
Zm00001eb186340	SD
Zm00001eb226400	SD
Zm00001eb131170	SD
Zm00001eb043750	SD
Zm00001eb386390	SD
Zm00001eb068270	SD
Zm00001eb016020	SD
Zm00001eb422680	SD
Zm00001eb231460	SD
Zm00001eb244860	SD
Zm00001eb175850	SD
Zm00001eb206940	SD
Zm00001eb294580	SD
Zm00001eb199460	SD
Zm00001eb080920	SD
Zm00001eb001150	SD
Zm00001eb302300	SD
Zm00001eb340330	SD
Zm00001eb400640	SD
Zm00001eb075920	SD
Zm00001eb093970	SD
Zm00001eb428430	SD
Zm00001eb434590	SD
Zm00001eb182940	SD
Zm00001eb227950	SD
Zm00001eb431730	SD
Zm00001eb102560	SD
Zm00001eb226930	SD
Zm00001eb073130	SD
Zm00001eb400180	SD
Zm00001eb269610	SD
Zm00001eb372410	SD
Zm00001eb395290	SD
Zm00001eb290300	SD
Zm00001eb182070	SD
Zm00001eb149330	SD
Zm00001eb156080	SD
Zm00001eb043120	SD
Zm00001eb332580	SD
Zm00001eb158100	SD
Zm00001eb233450	SD
Zm00001eb001770	SD
Zm00001eb225920	SD
Zm00001eb288670	SD
Zm00001eb434100	SD
Zm00001eb131900	SD
Zm00001eb342620	SD
Zm00001eb048340	SD
Zm00001eb108370	SD
Zm00001eb326730	SD
Zm00001eb252630	SD
Zm00001eb399570	SD
Zm00001eb047040	SD
Zm00001eb253080	SD
Zm00001eb151740	SD
Zm00001eb130080	SD
Zm00001eb287870	SD
Zm00001eb098450	SD
Zm00001eb280060	SD
Zm00001eb221850	SD
Zm00001eb395190	SD
Zm00001eb233770	SD
Zm00001eb119000	SD
Zm00001eb046170	SD
Zm00001eb380200	SD
Zm00001eb191190	SD
Zm00001eb429330	SD
Zm00001eb228690	SD
Zm00001eb314840	SD
Zm00001eb421310	SD
Zm00001eb366390	SD
Zm00001eb162400	SD
Zm00001eb306940	SD
Zm00001eb108330	SD
Zm00001eb219500	SD
Zm00001eb370470	SD
Zm00001eb358890	SD
Zm00001eb325760	SD
Zm00001eb211360	SD
Zm00001eb337930	SD
Zm00001eb200990	SD
Zm00001eb058300	SD
Zm00001eb078000	SD
Zm00001eb060800	SD
Zm00001eb212950	SD
Zm00001eb229610	SD
Zm00001eb254080	SD
Zm00001eb003170	SD
Zm00001eb332690	SD
Zm00001eb055030	SD
Zm00001eb231290	SD
Zm00001eb013650	SD
Zm00001eb392270	SD
Zm00001eb245910	SD
Zm00001eb031600	SD
Zm00001eb000820	SD
Zm00001eb343960	SD
Zm00001eb091740	SD
Zm00001eb125700	SD
Zm00001eb250330	SD
Zm00001eb331530	SD
Zm00001eb193840	SD
Zm00001eb046350	SD
Zm00001eb344260	SD
Zm00001eb366470	SD
Zm00001eb295320	SD
Zm00001eb162070	SD
Zm00001eb218690	SD
Zm00001eb060110	SD
Zm00001eb405460	SD
Zm00001eb279850	SD
Zm00001eb033960	SD
Zm00001eb406990	SD
Zm00001eb031270	SD
Zm00001eb301060	SD
Zm00001eb078100	SD
Zm00001eb408220	SD
Zm00001eb255830	SD
Zm00001eb055020	SD
Zm00001eb202370	SD
Zm00001eb152320	SD
Zm00001eb371500	SD
Zm00001eb393840	SD
Zm00001eb070860	SD
Zm00001eb003650	SD
Zm00001eb015910	SD
Zm00001eb094180	SD
Zm00001eb106840	SD
Zm00001eb410060	SD
Zm00001eb199300	SD
Zm00001eb297200	SD
Zm00001eb122210	SD
Zm00001eb050630	SD
Zm00001eb199840	SD
Zm00001eb327690	SD
Zm00001eb034970	SD
Zm00001eb353340	SD
Zm00001eb413740	SD
Zm00001eb076780	SD
Zm00001eb331430	SD
Zm00001eb252170	SD
Zm00001eb062520	SD
Zm00001eb296690	SD
Zm00001eb348110	SD
Zm00001eb029570	SD
Zm00001eb289220	SD
Zm00001eb372180	SD
Zm00001eb218680	SD
Zm00001eb046610	SD
Zm00001eb014680	SD
Zm00001eb082160	SD
Zm00001eb265040	SD
Zm00001eb011480	SD
Zm00001eb380130	SD
Zm00001eb347860	SD
Zm00001eb073500	SD
Zm00001eb081260	SD
Zm00001eb147720	SD
Zm00001eb394250	SD
Zm00001eb031930	SD
Zm00001eb243810	SD
Zm00001eb428940	SD
Zm00001eb006610	SD
Zm00001eb193660	SD
Zm00001eb318620	SD
Zm00001eb161660	SD
Zm00001eb421950	SD
Zm00001eb224950	SD
Zm00001eb338370	SD
Zm00001eb036710	SD
Zm00001eb193690	SD
Zm00001eb315760	SD
Zm00001eb006920	SD
Zm00001eb312100	SD
Zm00001eb111680	SD
Zm00001eb321250	SD
Zm00001eb106420	SD
Zm00001eb171010	SD
Zm00001eb166260	SD
Zm00001eb343580	SD
Zm00001eb266800	SD
Zm00001eb397950	SD
Zm00001eb031170	SD
Zm00001eb219390	SD
Zm00001eb062180	SD
Zm00001eb010030	SD
Zm00001eb198600	SD
Zm00001eb178710	SD
Zm00001eb299170	SD
Zm00001eb056050	SD
Zm00001eb343620	SD
Zm00001eb421140	SD
Zm00001eb370000	SD
Zm00001eb110250	SD
Zm00001eb281850	SD
Zm00001eb347710	SD
Zm00001eb414030	SD
Zm00001eb044080	SD
Zm00001eb057530	SD
Zm00001eb381470	SD
Zm00001eb328990	SD
Zm00001eb326020	SD
Zm00001eb011780	SD
Zm00001eb162570	SD
Zm00001eb311010	SD
Zm00001eb392850	SD
Zm00001eb175970	SD
Zm00001eb001900	SD
Zm00001eb079310	SD
Zm00001eb217140	SD
Zm00001eb333020	SD
Zm00001eb000540	SD
Zm00001eb194370	SD
Zm00001eb423860	SD
Zm00001eb359720	SD
Zm00001eb052700	SD
Zm00001eb425570	SD
Zm00001eb193680	SD
Zm00001eb135530	SD
Zm00001eb093540	SD
Zm00001eb016770	SD
Zm00001eb296060	SD
Zm00001eb399210	SD
Zm00001eb118030	SD
Zm00001eb101900	SD
Zm00001eb279650	SD
Zm00001eb426740	SD
Zm00001eb073830	SD
Zm00001eb013430	SD
Zm00001eb231230	SD
Zm00001eb367810	SD
Zm00001eb054500	SD
Zm00001eb157530	SD
Zm00001eb230880	SD
Zm00001eb371830	SD
Zm00001eb200170	SD
Zm00001eb147970	SD
Zm00001eb163630	SD
Zm00001eb088080	SD
Zm00001eb351310	SD
Zm00001eb420940	SD
Zm00001eb003900	SD
Zm00001eb216720	SD
Zm00001eb104280	SD
Zm00001eb091270	SD
Zm00001eb226390	SD
Zm00001eb289660	SD
Zm00001eb360020	SD
Zm00001eb194170	SD
Zm00001eb168920	SD
Zm00001eb365420	SD
Zm00001eb367900	SD
Zm00001eb029450	SD
Zm00001eb213240	SD
Zm00001eb192120	SD
Zm00001eb009850	SD
Zm00001eb344300	SD
Zm00001eb303240	SD
Zm00001eb316310	SD
Zm00001eb299090	SD
Zm00001eb199950	SD
Zm00001eb333520	SD
Zm00001eb047110	SD
Zm00001eb229010	SD
Zm00001eb335090	SD
Zm00001eb296070	SD
Zm00001eb209610	SD
Zm00001eb148240	SD
Zm00001eb394270	SD
Zm00001eb070820	SD
Zm00001eb021500	SD
Zm00001eb294110	SD
Zm00001eb078120	SD
Zm00001eb137730	SD
Zm00001eb066690	SD
Zm00001eb236410	SD
Zm00001eb186100	SD
Zm00001eb368420	SD
Zm00001eb129690	SD
Zm00001eb345230	SD
Zm00001eb248730	SD
Zm00001eb007740	SD
Zm00001eb423590	SD
Zm00001eb364100	SD
Zm00001eb227400	SD
Zm00001eb255980	SD
Zm00001eb032330	SD
Zm00001eb255130	SD
Zm00001eb400020	SD
Zm00001eb040250	SD
Zm00001eb233500	SD
Zm00001eb316960	SD
Zm00001eb151430	SD
Zm00001eb074340	SD
Zm00001eb290760	SD
Zm00001eb060440	SD
Zm00001eb022400	SD
Zm00001eb211420	SD
Zm00001eb069350	SD
Zm00001eb195940	SD
Zm00001eb018850	SD
Zm00001eb093890	SD
Zm00001eb222300	SD
Zm00001eb430150	SD
Zm00001eb316100	SD
Zm00001eb321170	SD
Zm00001eb352090	SD
Zm00001eb219330	SD
Zm00001eb337250	SD
Zm00001eb042310	SD
Zm00001eb230310	SD
Zm00001eb061910	SD
Zm00001eb103300	SD
Zm00001eb117480	SD
Zm00001eb085030	SD
Zm00001eb321620	SD
Zm00001eb120630	SD
Zm00001eb205170	SD
Zm00001eb060760	SD
Zm00001eb188080	SD
Zm00001eb046960	SD
Zm00001eb230410	SD
Zm00001eb147940	SD
Zm00001eb042000	SD
Zm00001eb003440	SD
Zm00001eb318940	SD
Zm00001eb422670	SD
Zm00001eb111000	SD
Zm00001eb200900	SD
Zm00001eb428630	SD
Zm00001eb344530	SD
Zm00001eb392750	SD
Zm00001eb149240	SD
Zm00001eb198360	SD
Zm00001eb223070	SD
Zm00001eb330080	SD
Zm00001eb232610	SD
Zm00001eb425150	SD
Zm00001eb146220	SD
Zm00001eb209740	SD
Zm00001eb368640	SD
Zm00001eb217930	SD
Zm00001eb041410	SD
Zm00001eb139890	SD
Zm00001eb362660	SD
Zm00001eb112020	SD
Zm00001eb085630	SD
Zm00001eb394640	SD
Zm00001eb365540	SD
Zm00001eb215870	SD
Zm00001eb382540	SD
Zm00001eb429410	SD
Zm00001eb250520	SD
Zm00001eb117370	SD
Zm00001eb210140	SD
Zm00001eb073590	SD
Zm00001eb024280	SD
Zm00001eb122990	SD
Zm00001eb426510	SD
Zm00001eb422480	SD
Zm00001eb367150	SD
Zm00001eb102920	SD
Zm00001eb129520	SD
Zm00001eb192080	SD
Zm00001eb318560	SD
Zm00001eb434080	SD
Zm00001eb015030	SD
Zm00001eb074590	SD
Zm00001eb321470	SD
Zm00001eb155950	SD
Zm00001eb279130	SD
Zm00001eb091540	SD
Zm00001eb342730	SD
Zm00001eb375010	SD
Zm00001eb167810	SD
Zm00001eb351970	SD
Zm00001eb405000	SD
Zm00001eb408100	SD
Zm00001eb293710	SD
Zm00001eb060580	SD
Zm00001eb060350	SD
Zm00001eb080280	SD
Zm00001eb371740	SD
Zm00001eb016780	SD
Zm00001eb013920	SD
Zm00001eb214920	SD
Zm00001eb034670	SD
Zm00001eb323550	SD
Zm00001eb358750	SD
Zm00001eb394140	SD
Zm00001eb159660	SD
Zm00001eb002250	SD
Zm00001eb254270	SD
Zm00001eb424030	SD
Zm00001eb432300	SD
Zm00001eb050790	SD
Zm00001eb311800	SD
Zm00001eb119120	SD
Zm00001eb103310	SD
Zm00001eb182780	SD
Zm00001eb351350	SD
Zm00001eb238910	SD
Zm00001eb337340	SD
Zm00001eb008450	SD
Zm00001eb428550	SD
Zm00001eb400380	SD
Zm00001eb335570	SD
Zm00001eb375030	SD
Zm00001eb231310	SD
Zm00001eb410070	SD
Zm00001eb368990	SD
Zm00001eb109370	SD
Zm00001eb243380	SD
Zm00001eb369040	SD
Zm00001eb400340	SD
Zm00001eb304710	SD
Zm00001eb150140	SD
Zm00001eb291060	SD
Zm00001eb157000	SD
Zm00001eb337070	SD
Zm00001eb352160	SD
Zm00001eb389420	SD
Zm00001eb297530	SD
Zm00001eb159210	SD
Zm00001eb391500	SD
Zm00001eb104830	SD
Zm00001eb415720	SD
Zm00001eb325750	SD
Zm00001eb371010	SD
Zm00001eb373220	SD
Zm00001eb375200	SD
Zm00001eb358940	SD
Zm00001eb326340	SD
Zm00001eb040240	SD
Zm00001eb003830	SD
Zm00001eb352920	SD
Zm00001eb428080	SD
Zm00001eb295350	SD
Zm00001eb406840	SD
Zm00001eb222980	SD
Zm00001eb431710	SD
Zm00001eb010900	SD
Zm00001eb149300	SD
Zm00001eb064630	SD
Zm00001eb149250	SD
Zm00001eb237120	SD
Zm00001eb153600	SD
Zm00001eb287250	SD
Zm00001eb002010	SD
Zm00001eb227780	SD
Zm00001eb111490	SD
Zm00001eb189950	SD
Zm00001eb156500	SD
Zm00001eb104490	SD
Zm00001eb216890	SD
Zm00001eb428560	SD
Zm00001eb103170	SD
Zm00001eb343030	SD
Zm00001eb331390	SD
Zm00001eb419010	SD
Zm00001eb248870	SD
Zm00001eb149660	SD
Zm00001eb218330	SD
Zm00001eb421980	SD
Zm00001eb390820	SD
Zm00001eb113050	SD
Zm00001eb093410	SD
Zm00001eb110870	SD
Zm00001eb284370	SD
Zm00001eb270890	SD
Zm00001eb185970	SD
Zm00001eb340870	SD
Zm00001eb143970	SD
Zm00001eb367790	SD
Zm00001eb311260	SD
Zm00001eb350790	SD
Zm00001eb091640	SD
Zm00001eb351820	SD
Zm00001eb018960	SD
Zm00001eb314930	SD
Zm00001eb143070	SD
Zm00001eb318330	SD
Zm00001eb067650	SD
Zm00001eb007470	SD
Zm00001eb392980	SD
Zm00001eb304610	SD
Zm00001eb062140	SD
Zm00001eb366970	SD
Zm00001eb321560	SD
Zm00001eb157130	SD
Zm00001eb114320	SD
Zm00001eb258550	SD
Zm00001eb173980	SD
Zm00001eb247310	SD
Zm00001eb367160	SD
Zm00001eb417490	SD
Zm00001eb110660	SD
Zm00001eb216620	SD
Zm00001eb187960	SD
Zm00001eb010500	SD
Zm00001eb251920	SD
Zm00001eb344870	SD
Zm00001eb207790	SD
Zm00001eb163360	SD
Zm00001eb398750	SD
Zm00001eb191110	SD
Zm00001eb288630	SD
Zm00001eb003600	SD
Zm00001eb031650	SD
Zm00001eb058870	SD
Zm00001eb192630	SD
Zm00001eb117900	SD
Zm00001eb401210	SD
Zm00001eb026490	SD
Zm00001eb234750	SD
Zm00001eb057970	SD
Zm00001eb008480	SD
Zm00001eb093390	SD
Zm00001eb002180	SD
Zm00001eb368700	SD
Zm00001eb030050	SD
Zm00001eb146310	SD
Zm00001eb253980	SD
Zm00001eb020040	SD
Zm00001eb283390	SD
Zm00001eb355670	SD
Zm00001eb392120	SD
Zm00001eb395810	SD
Zm00001eb366880	SD
Zm00001eb257440	SD
Zm00001eb235060	SD
Zm00001eb402820	SD
Zm00001eb211410	SD
Zm00001eb158930	SD
Zm00001eb220420	SD
Zm00001eb335930	SD
Zm00001eb362510	SD
Zm00001eb212370	SD
Zm00001eb240130	SD
Zm00001eb146390	SD
Zm00001eb427410	SD
Zm00001eb374640	SD
Zm00001eb047070	SD
Zm00001eb018300	SD
Zm00001eb238710	SD
Zm00001eb297150	SD
Zm00001eb282290	SD
Zm00001eb188880	SD
Zm00001eb176720	SD
Zm00001eb289970	SD
Zm00001eb221860	SD
Zm00001eb011220	SD
Zm00001eb125210	SD
Zm00001eb324690	SD
Zm00001eb344900	SD
Zm00001eb330600	SD
Zm00001eb110640	SD
Zm00001eb222510	SD
Zm00001eb299880	SD
Zm00001eb240210	SD
Zm00001eb332000	SD
Zm00001eb118050	SD
Zm00001eb239680	SD
Zm00001eb278350	SD
Zm00001eb330380	SD
Zm00001eb101670	SD
Zm00001eb029710	SD
Zm00001eb289280	SD
Zm00001eb327800	SD
Zm00001eb045670	SD
Zm00001eb311680	SD
Zm00001eb047310	SD
Zm00001eb359140	SD
Zm00001eb220800	SD
Zm00001eb332380	SD
Zm00001eb366570	SD
Zm00001eb248580	SD
Zm00001eb243590	SD
Zm00001eb186120	SD
Zm00001eb368360	SD
Zm00001eb002530	SD
Zm00001eb374460	SD
Zm00001eb111330	SD
Zm00001eb222690	SD
Zm00001eb074170	SD
Zm00001eb123040	SD
Zm00001eb311860	SD
Zm00001eb147220	SD
Zm00001eb303810	SD
Zm00001eb384810	SD
Zm00001eb194980	SD
Zm00001eb261550	SD
Zm00001eb238540	SD
Zm00001eb061860	SD
Zm00001eb335990	SD
Zm00001eb374450	SD
Zm00001eb202310	SD
Zm00001eb419640	SD
Zm00001eb390540	SD
Zm00001eb399370	SD
Zm00001eb119190	SD
Zm00001eb084590	SD
Zm00001eb397610	SD
Zm00001eb013220	SD
Zm00001eb131130	SD
Zm00001eb248750	SD
Zm00001eb001220	SD
Zm00001eb012540	SD
Zm00001eb405390	SD
Zm00001eb239130	SD
Zm00001eb215540	SD
Zm00001eb400050	SD
Zm00001eb220390	SD
Zm00001eb018030	SD
Zm00001eb011970	SD
Zm00001eb368460	SD
Zm00001eb103130	SD
Zm00001eb329130	SD
Zm00001eb290930	SD
Zm00001eb227200	SD
Zm00001eb103040	SD
Zm00001eb179460	SD
Zm00001eb073480	SD
Zm00001eb128120	SD
Zm00001eb105890	SD
Zm00001eb337520	SD
Zm00001eb218820	SD
Zm00001eb384900	SD
Zm00001eb116470	SD
Zm00001eb250230	SD
Zm00001eb430350	SD
Zm00001eb211770	SD
Zm00001eb006050	SD
Zm00001eb180850	SD
Zm00001eb358560	SD
Zm00001eb039570	SD
Zm00001eb021950	SD
Zm00001eb336530	SD
Zm00001eb295630	SD
Zm00001eb407550	SD
Zm00001eb053650	SD
Zm00001eb001710	SD
Zm00001eb062920	SD
Zm00001eb205760	SD
Zm00001eb433420	SD
Zm00001eb288150	SD
Zm00001eb015820	SD
Zm00001eb079540	SD
Zm00001eb121310	SD
Zm00001eb076990	SD
Zm00001eb005460	SD
Zm00001eb110040	SD
Zm00001eb363280	SD
Zm00001eb278590	SD
Zm00001eb207050	SD
Zm00001eb424960	SD
Zm00001eb315920	SD
Zm00001eb196650	SD
Zm00001eb323520	SD
Zm00001eb336170	SD
Zm00001eb064860	SD
Zm00001eb394210	SD
Zm00001eb216320	SD
Zm00001eb156020	SD
Zm00001eb312250	SD
Zm00001eb074030	SD
Zm00001eb403680	SD
Zm00001eb387770	SD
Zm00001eb253830	SD
Zm00001eb051090	SD
Zm00001eb336460	SD
Zm00001eb127630	SD
Zm00001eb119590	SD
Zm00001eb214390	SD
Zm00001eb216860	SD
Zm00001eb369280	SD
Zm00001eb390490	SD
Zm00001eb363220	SD
Zm00001eb000240	SD
Zm00001eb127430	SD
Zm00001eb122620	SD
Zm00001eb214490	SD
Zm00001eb137710	SD
Zm00001eb195520	SD
Zm00001eb000930	SD
Zm00001eb116440	SD
Zm00001eb330060	SD
Zm00001eb023740	SD
Zm00001eb071500	SD
Zm00001eb257820	SD
Zm00001eb217320	SD
Zm00001eb199570	SD
Zm00001eb339230	SD
Zm00001eb342350	SD
Zm00001eb401030	SD
Zm00001eb374540	SD
Zm00001eb284090	SD
Zm00001eb288710	SD
Zm00001eb325640	SD
Zm00001eb389380	SD
Zm00001eb309780	SD
Zm00001eb079930	SD
Zm00001eb229750	SD
Zm00001eb320800	SD
Zm00001eb244790	SD
Zm00001eb023120	SD
Zm00001eb421700	SD
Zm00001eb359840	SD
Zm00001eb159060	SD
Zm00001eb214410	SD
Zm00001eb182870	SD
Zm00001eb340750	SD
Zm00001eb008360	SD
Zm00001eb399140	SD
Zm00001eb048150	SD
Zm00001eb343290	SD
Zm00001eb296530	SD
Zm00001eb369270	SD
Zm00001eb221610	SD
Zm00001eb326950	SD
Zm00001eb308950	SD
Zm00001eb357710	SD
Zm00001eb402200	SD
Zm00001eb255090	SD
Zm00001eb064210	SD
Zm00001eb105620	SD
Zm00001eb113220	SD
Zm00001eb366580	SD
Zm00001eb021140	SD
Zm00001eb101410	SD
Zm00001eb422950	SD
Zm00001eb343950	SD
Zm00001eb152500	SD
Zm00001eb076810	SD
Zm00001eb337110	SD
Zm00001eb314050	SD
Zm00001eb333350	SD
Zm00001eb037730	SD
Zm00001eb021840	SD
Zm00001eb156560	SD
Zm00001eb318740	SD
Zm00001eb385110	SD
Zm00001eb105490	SD
Zm00001eb247330	SD
Zm00001eb301040	SD
Zm00001eb022440	SD
Zm00001eb370540	SD
Zm00001eb246350	SD
Zm00001eb044350	SD
Zm00001eb125120	SD
Zm00001eb205290	SD
Zm00001eb296290	SD
Zm00001eb157360	SD
Zm00001eb091350	SD
Zm00001eb332020	SD
Zm00001eb170440	SD
Zm00001eb406550	SD
Zm00001eb416690	SD
Zm00001eb058640	SD
Zm00001eb338160	SD
Zm00001eb315910	SD
Zm00001eb408020	SD
Zm00001eb005950	SD
Zm00001eb228760	SD
Zm00001eb145330	SD
Zm00001eb200300	SD
Zm00001eb357700	SD
Zm00001eb391080	SD
Zm00001eb147490	SD
Zm00001eb215750	SD
Zm00001eb139060	SD
Zm00001eb433750	SD
Zm00001eb408350	SD
Zm00001eb148880	SD
Zm00001eb234200	SD
Zm00001eb168910	SD
Zm00001eb430840	SD
Zm00001eb093140	SD
Zm00001eb296230	SD
Zm00001eb359810	SD
Zm00001eb146250	SD
Zm00001eb322690	SD
Zm00001eb192250	SD
Zm00001eb164090	SD
Zm00001eb076420	SD
Zm00001eb335850	SD
Zm00001eb150550	SD
Zm00001eb250680	SD
Zm00001eb428460	SD
Zm00001eb063370	SD
Zm00001eb081130	SD
Zm00001eb079590	SD
Zm00001eb002610	SD
Zm00001eb121400	SD
Zm00001eb332290	SD
Zm00001eb156780	SD
Zm00001eb008310	SD
Zm00001eb220050	SD
Zm00001eb015690	SD
Zm00001eb349160	SD
Zm00001eb302560	SD
Zm00001eb427540	SD
Zm00001eb218720	SD
Zm00001eb289580	SD
Zm00001eb253510	SD
Zm00001eb076850	SD
Zm00001eb273750	SD
Zm00001eb288290	SD
Zm00001eb265610	SD
Zm00001eb213320	SD
Zm00001eb269470	SD
Zm00001eb425160	SD
Zm00001eb364010	SD
Zm00001eb100200	SD
Zm00001eb275410	SD
Zm00001eb091710	SD
Zm00001eb401220	SD
Zm00001eb341180	SD
Zm00001eb367240	SD
Zm00001eb304930	SD
Zm00001eb353560	SD
Zm00001eb173080	SD
Zm00001eb220240	SD
Zm00001eb426980	SD
Zm00001eb172090	SD
Zm00001eb016230	SD
Zm00001eb052770	SD
Zm00001eb097290	SD
Zm00001eb294080	SD
Zm00001eb351950	SD
Zm00001eb360360	SD
Zm00001eb428670	SD
Zm00001eb141160	SD
Zm00001eb344400	SD
Zm00001eb243350	SD
Zm00001eb049000	SD
Zm00001eb210890	SD
Zm00001eb280410	SD
Zm00001eb343770	SD
Zm00001eb210870	SD
Zm00001eb406670	SD
Zm00001eb052530	SD
Zm00001eb293670	SD
Zm00001eb175400	SD
Zm00001eb333440	SD
Zm00001eb337530	SD
Zm00001eb253450	SD
Zm00001eb415960	SD
Zm00001eb364070	SD
Zm00001eb245940	SD
Zm00001eb396470	SD
Zm00001eb352680	SD
Zm00001eb311960	SD
Zm00001eb098540	SD
Zm00001eb233670	SD
Zm00001eb428870	SD
Zm00001eb261300	SD
Zm00001eb269110	SD
Zm00001eb253720	SD
Zm00001eb161220	SD
Zm00001eb179190	SD
Zm00001eb072020	SD
Zm00001eb390580	SD
Zm00001eb230780	SD
Zm00001eb092590	SD
Zm00001eb109290	SD
Zm00001eb151240	SD
Zm00001eb345020	SD
Zm00001eb176710	SD
Zm00001eb030870	SD
Zm00001eb110430	SD
Zm00001eb392190	SD
Zm00001eb018360	SD
Zm00001eb343090	SD
Zm00001eb343160	SD
Zm00001eb100780	SD
Zm00001eb365980	SD
Zm00001eb018730	SD
Zm00001eb106910	SD
Zm00001eb131070	SD
Zm00001eb106040	SD
Zm00001eb044130	SD
Zm00001eb129820	SD
Zm00001eb264980	SD
Zm00001eb361880	SD
Zm00001eb273550	SD
Zm00001eb364850	SD
Zm00001eb093430	SD
Zm00001eb360800	SD
Zm00001eb220030	SD
Zm00001eb372390	SD
Zm00001eb320510	SD
Zm00001eb214300	SD
Zm00001eb306210	SD
Zm00001eb155940	SD
Zm00001eb059650	SD
Zm00001eb337060	SD
Zm00001eb316090	SD
Zm00001eb015990	SD
Zm00001eb253650	SD
Zm00001eb280840	SD
Zm00001eb296190	SD
Zm00001eb010640	SD
Zm00001eb380680	SD
Zm00001eb138820	SD
Zm00001eb378200	SD
Zm00001eb201080	SD
Zm00001eb044380	SD
Zm00001eb196360	SD
Zm00001eb137780	SD
Zm00001eb251710	SD
Zm00001eb218460	SD
Zm00001eb022890	SD
Zm00001eb129970	SD
Zm00001eb113170	SD
Zm00001eb297170	SD
Zm00001eb289070	SD
Zm00001eb405620	SD
Zm00001eb196170	SD
Zm00001eb141560	SD
Zm00001eb219770	SD
Zm00001eb207690	SD
Zm00001eb122420	SD
Zm00001eb314580	SD
Zm00001eb420600	SD
Zm00001eb396960	SD
Zm00001eb093320	SD
Zm00001eb064940	SD
Zm00001eb327480	SD
Zm00001eb264780	SD
Zm00001eb131190	SD
Zm00001eb331500	SD
Zm00001eb362360	SD
Zm00001eb283890	SD
Zm00001eb098940	SD
Zm00001eb404020	SD
Zm00001eb356540	SD
Zm00001eb394100	SD
Zm00001eb343200	SD
Zm00001eb329610	SD
Zm00001eb002510	SD
Zm00001eb222280	SD
Zm00001eb068520	SD
Zm00001eb222590	SD
Zm00001eb365940	SD
Zm00001eb329080	SD
Zm00001eb356320	SD
Zm00001eb248720	SD
Zm00001eb151790	SD
Zm00001eb215550	SD
Zm00001eb162130	SD
Zm00001eb145670	SD
Zm00001eb243180	SD
Zm00001eb021410	SD
Zm00001eb325370	SD
Zm00001eb352600	SD
Zm00001eb162960	SD
Zm00001eb106090	SD
Zm00001eb400310	SD
Zm00001eb293260	SD
Zm00001eb413410	SD
Zm00001eb070940	SD
Zm00001eb322190	SD
Zm00001eb143460	SD
Zm00001eb170230	SD
Zm00001eb123460	SD
Zm00001eb413790	SD
Zm00001eb039980	SD
Zm00001eb127290	SD
Zm00001eb139470	SD
Zm00001eb288250	SD
Zm00001eb433950	SD
Zm00001eb363390	SD
Zm00001eb252430	SD
Zm00001eb094890	SD
Zm00001eb022980	SD
Zm00001eb157570	SD
Zm00001eb063040	SD
Zm00001eb209190	SD
Zm00001eb421860	SD
Zm00001eb220090	SD
Zm00001eb408260	SD
Zm00001eb432480	SD
Zm00001eb405760	SD
Zm00001eb123150	SD
Zm00001eb030650	SD
Zm00001eb102380	SD
Zm00001eb320530	SD
Zm00001eb369330	SD
Zm00001eb338450	SD
Zm00001eb397270	SD
Zm00001eb423870	SD
Zm00001eb154220	SD
Zm00001eb412600	SD
Zm00001eb215260	SD
Zm00001eb215080	SD
Zm00001eb113680	SD
Zm00001eb101910	SD
Zm00001eb221870	SD
Zm00001eb055650	SD
Zm00001eb056320	SD
Zm00001eb391530	SD
Zm00001eb406820	SD
Zm00001eb100430	SD
Zm00001eb081590	SD
Zm00001eb082630	SD
Zm00001eb129050	SD
Zm00001eb078470	SD
Zm00001eb317540	SD
Zm00001eb385040	SD
Zm00001eb196430	SD
Zm00001eb153450	SD
Zm00001eb212450	SD
Zm00001eb406440	SD
Zm00001eb404700	SD
Zm00001eb197040	SD
Zm00001eb356840	SD
Zm00001eb291420	SD
Zm00001eb330740	SD
Zm00001eb428490	SD
Zm00001eb104430	SD
Zm00001eb246720	SD
Zm00001eb135470	SD
Zm00001eb081010	SD
Zm00001eb010860	SD
Zm00001eb208040	SD
Zm00001eb185470	SD
Zm00001eb289240	SD
Zm00001eb365180	SD
Zm00001eb314700	SD
Zm00001eb018110	SD
Zm00001eb232250	SD
Zm00001eb101360	SD
Zm00001eb330180	SD
Zm00001eb160470	SD
Zm00001eb311340	SD
Zm00001eb171340	SD
Zm00001eb430130	SD
Zm00001eb405560	SD
Zm00001eb038210	SD
Zm00001eb250640	SD
Zm00001eb079990	SD
Zm00001eb115870	SD
Zm00001eb251530	SD
Zm00001eb036040	SD
Zm00001eb044800	SD
Zm00001eb128860	SD
Zm00001eb291670	SD
Zm00001eb096520	SD
Zm00001eb070310	SD
Zm00001eb099280	SD
Zm00001eb187660	SD
Zm00001eb208150	SD
Zm00001eb036160	SD
Zm00001eb430480	SD
Zm00001eb228540	SD
Zm00001eb015960	SD
Zm00001eb156460	SD
Zm00001eb159960	SD
Zm00001eb365690	SD
Zm00001eb312300	SD
Zm00001eb051240	SD
Zm00001eb163460	SD
Zm00001eb373980	SD
Zm00001eb188530	SD
Zm00001eb100440	SD
Zm00001eb374120	SD
Zm00001eb121390	SD
Zm00001eb220670	SD
Zm00001eb330430	SD
Zm00001eb160120	SD
Zm00001eb241370	SD
Zm00001eb057810	SD
Zm00001eb422870	SD
Zm00001eb156230	SD
Zm00001eb103000	SD
Zm00001eb398580	SD
Zm00001eb360940	SD
Zm00001eb270990	SD
Zm00001eb232050	SD
Zm00001eb042150	SD
Zm00001eb416990	SD
Zm00001eb381490	SD
Zm00001eb118240	SD
Zm00001eb380880	SD
Zm00001eb188950	SD
Zm00001eb325580	SD
Zm00001eb414260	SD
Zm00001eb327970	SD
Zm00001eb252950	SD
Zm00001eb365530	SD
Zm00001eb277990	SD
Zm00001eb201330	SD
Zm00001eb349460	SD
Zm00001eb340760	SD
Zm00001eb257370	SD
Zm00001eb142530	SD
Zm00001eb252860	SD
Zm00001eb253960	SD
Zm00001eb352550	SD
Zm00001eb180060	SD
Zm00001eb067370	SD
Zm00001eb098760	SD
Zm00001eb214120	SD
Zm00001eb225470	SD
Zm00001eb059830	SD
Zm00001eb022650	SD
Zm00001eb281170	SD
Zm00001eb265430	SD
Zm00001eb130470	SD
Zm00001eb155720	SD
Zm00001eb040450	SD
Zm00001eb322320	SD
Zm00001eb431760	SD
Zm00001eb405060	SD
Zm00001eb345380	SD
Zm00001eb325500	SD
Zm00001eb371290	SD
Zm00001eb272180	SD
Zm00001eb062630	SD
Zm00001eb099470	SD
Zm00001eb367110	SD
Zm00001eb399310	SD
Zm00001eb134910	SD
Zm00001eb390370	SD
Zm00001eb106960	SD
Zm00001eb425190	SD
Zm00001eb093200	SD
Zm00001eb143880	SD
Zm00001eb050910	SD
Zm00001eb021340	SD
Zm00001eb004290	SD
Zm00001eb117740	SD
Zm00001eb102880	SD
Zm00001eb207070	SD
Zm00001eb026100	SD
Zm00001eb184570	SD
Zm00001eb214910	SD
Zm00001eb070480	SD
Zm00001eb122960	SD
Zm00001eb247380	SD
Zm00001eb236450	SD
Zm00001eb401770	SD
Zm00001eb179540	SD
Zm00001eb019620	SD
Zm00001eb361220	SD
Zm00001eb408250	SD
Zm00001eb431190	SD
Zm00001eb384590	SD
Zm00001eb333460	SD
Zm00001eb321610	SD
Zm00001eb195710	SD
Zm00001eb318820	SD
Zm00001eb310450	SD
Zm00001eb183190	SD
Zm00001eb107930	SD
Zm00001eb244550	SD
Zm00001eb096940	SD
Zm00001eb016450	SD
Zm00001eb370980	SD
Zm00001eb129710	SD
Zm00001eb433330	SD
Zm00001eb105630	SD
Zm00001eb279380	SD
Zm00001eb413860	SD
Zm00001eb334760	SD
Zm00001eb074520	SD
Zm00001eb432170	SD
Zm00001eb120960	SD
Zm00001eb103210	SD
Zm00001eb293250	SD
Zm00001eb021210	SD
Zm00001eb124730	SD
Zm00001eb080840	SD
Zm00001eb343260	SD
Zm00001eb041470	SD
Zm00001eb253050	SD
Zm00001eb145880	SD
Zm00001eb191720	SD
Zm00001eb275690	SD
Zm00001eb179790	SD
Zm00001eb297510	SD
Zm00001eb369340	SD
Zm00001eb293220	SD
Zm00001eb196930	SD
Zm00001eb179290	SD
Zm00001eb212400	SD
Zm00001eb001070	SD
Zm00001eb252990	SD
Zm00001eb328710	SD
Zm00001eb425420	SD
Zm00001eb007800	SD
Zm00001eb330840	SD
Zm00001eb246770	SD
Zm00001eb001340	SD
Zm00001eb098610	SD
Zm00001eb182000	SD
Zm00001eb313050	SD
Zm00001eb183770	SD
Zm00001eb397710	SD
Zm00001eb000410	SD
Zm00001eb360950	SD
Zm00001eb198470	SD
Zm00001eb386750	SD
Zm00001eb428680	SD
Zm00001eb185070	SD
Zm00001eb392220	SD
Zm00001eb196410	SD
Zm00001eb353640	SD
Zm00001eb317760	SD
Zm00001eb325810	SD
Zm00001eb247510	SD
Zm00001eb369390	SD
Zm00001eb324510	SD
Zm00001eb426050	SD
Zm00001eb030240	SD
Zm00001eb238210	SD
Zm00001eb312900	SD
Zm00001eb098340	SD
Zm00001eb063070	SD
Zm00001eb152490	SD
Zm00001eb399480	SD
Zm00001eb069700	SD
Zm00001eb247020	SD
Zm00001eb275250	SD
Zm00001eb366090	SD
Zm00001eb188320	SD
Zm00001eb336090	SD
Zm00001eb334940	SD
Zm00001eb080050	SD
Zm00001eb056800	SD
Zm00001eb421720	SD
Zm00001eb369540	SD
Zm00001eb309390	SD
Zm00001eb304010	SD
Zm00001eb358870	SD
Zm00001eb243000	SD
Zm00001eb016620	SD
Zm00001eb112220	SD
Zm00001eb269770	SD
Zm00001eb013940	SD
Zm00001eb261440	SD
Zm00001eb395470	SD
Zm00001eb331170	SD
Zm00001eb125990	SD
Zm00001eb187030	SD
Zm00001eb075320	SD
Zm00001eb322440	SD
Zm00001eb352130	SD
Zm00001eb208840	SD
Zm00001eb348660	SD
Zm00001eb369680	SD
Zm00001eb139160	SD
Zm00001eb066780	SD
Zm00001eb034730	SD
Zm00001eb173090	SD
Zm00001eb071250	SD
Zm00001eb381350	SD
Zm00001eb395410	SD
Zm00001eb079390	SD
Zm00001eb200130	SD
Zm00001eb335940	SD
Zm00001eb431580	SD
Zm00001eb188190	SD
Zm00001eb387570	SD
Zm00001eb327350	SD
Zm00001eb401450	SD
Zm00001eb019160	SD
Zm00001eb005340	SD
Zm00001eb182890	SD
Zm00001eb433000	SD
Zm00001eb426580	SD
Zm00001eb433040	SD
Zm00001eb035730	SD
Zm00001eb102150	SD
Zm00001eb214570	SD
Zm00001eb111520	SD
Zm00001eb217180	SD
Zm00001eb000970	SD
Zm00001eb304320	SD
Zm00001eb138800	SD
Zm00001eb225240	SD
Zm00001eb281660	SD
Zm00001eb289810	SD
Zm00001eb152190	SD
Zm00001eb004180	SD
Zm00001eb230750	SD
Zm00001eb093480	SD
Zm00001eb326210	SD
Zm00001eb154060	SD
Zm00001eb351490	SD
Zm00001eb379950	SD
Zm00001eb171480	SD
Zm00001eb122300	SD
Zm00001eb426090	SD
Zm00001eb176440	SD
Zm00001eb343120	SD
Zm00001eb218750	SD
Zm00001eb402450	SD
Zm00001eb368930	SD
Zm00001eb106230	SD
Zm00001eb397930	SD
Zm00001eb113570	SD
Zm00001eb065130	SD
Zm00001eb069210	SD
Zm00001eb069540	SD
Zm00001eb060430	SD
Zm00001eb117770	SD
Zm00001eb207650	SD
Zm00001eb023100	SD
Zm00001eb079000	SD
Zm00001eb110450	SD
Zm00001eb279870	SD
Zm00001eb158780	SD
Zm00001eb012190	SD
Zm00001eb024110	SD
Zm00001eb070120	SD
Zm00001eb023920	SD
Zm00001eb012610	SD
Zm00001eb054810	SD
Zm00001eb083510	SD
Zm00001eb161120	SD
Zm00001eb288550	SD
Zm00001eb135980	SD
Zm00001eb155150	SD
Zm00001eb336490	SD
Zm00001eb128610	SD
Zm00001eb182800	SD
Zm00001eb366700	SD
Zm00001eb428070	SD
Zm00001eb274250	SD
Zm00001eb222000	SD
Zm00001eb075310	SD
Zm00001eb270510	SD
Zm00001eb075900	SD
Zm00001eb019450	SD
Zm00001eb010050	SD
Zm00001eb288420	SD
Zm00001eb064580	SD
Zm00001eb106630	SD
Zm00001eb100570	SD
Zm00001eb195030	SD
Zm00001eb032030	SD
Zm00001eb084670	SD
Zm00001eb257330	SD
Zm00001eb388610	SD
Zm00001eb424870	SD
Zm00001eb032730	SD
Zm00001eb432200	SD
Zm00001eb215710	SD
Zm00001eb394050	SD
Zm00001eb343490	SD
Zm00001eb385510	SD
Zm00001eb394260	SD
Zm00001eb386410	SD
Zm00001eb059360	SD
Zm00001eb218760	SD
Zm00001eb048370	SD
Zm00001eb426290	SD
Zm00001eb018180	SD
Zm00001eb148690	SD
Zm00001eb155830	SD
Zm00001eb398620	SD
Zm00001eb325230	SD
Zm00001eb023110	SD
Zm00001eb019340	SD
Zm00001eb015210	SD
Zm00001eb265440	SD
Zm00001eb116460	SD
Zm00001eb142210	SD
Zm00001eb248380	SD
Zm00001eb174610	SD
Zm00001eb182690	SD
Zm00001eb192670	SD
Zm00001eb351840	SD
Zm00001eb316660	SD
Zm00001eb037920	SD
Zm00001eb214720	SD
Zm00001eb363140	SD
Zm00001eb083490	SD
Zm00001eb358100	SD
Zm00001eb111670	SD
Zm00001eb023860	SD
Zm00001eb429100	SD
Zm00001eb156920	SD
Zm00001eb369310	SD
Zm00001eb370920	SD
Zm00001eb172900	SD
Zm00001eb233520	SD
Zm00001eb399340	SD
Zm00001eb396610	SD
Zm00001eb398970	SD
Zm00001eb041140	SD
Zm00001eb403620	SD
Zm00001eb277560	SD
Zm00001eb202420	SD
Zm00001eb106920	SD
Zm00001eb145340	SD
Zm00001eb218000	SD
Zm00001eb155320	SD
Zm00001eb331470	SD
Zm00001eb315470	SD
Zm00001eb224960	SD
Zm00001eb266920	SD
Zm00001eb299480	SD
Zm00001eb378520	SD
Zm00001eb153980	SD
Zm00001eb013340	SD
Zm00001eb369140	SD
Zm00001eb149630	SD
Zm00001eb184780	SD
Zm00001eb392700	SD
Zm00001eb397670	SD
Zm00001eb285660	SD
Zm00001eb246860	SD
Zm00001eb005900	SD
Zm00001eb253200	SD
Zm00001eb407690	SD
Zm00001eb421290	SD
Zm00001eb188410	SD
Zm00001eb221710	SD
Zm00001eb344980	SD
Zm00001eb035720	SD
Zm00001eb183780	SD
Zm00001eb048480	SD
Zm00001eb227490	SD
Zm00001eb274110	SD
Zm00001eb390190	SD
Zm00001eb001110	SD
Zm00001eb091800	SD
Zm00001eb331680	SD
Zm00001eb265280	SD
Zm00001eb381430	SD
Zm00001eb129360	SD
Zm00001eb185680	SD
Zm00001eb144420	SD
Zm00001eb364370	SD
Zm00001eb205310	SD
Zm00001eb313190	SD
Zm00001eb109790	SD
Zm00001eb337860	SD
Zm00001eb278620	SD
Zm00001eb309060	SD
Zm00001eb081430	SD
Zm00001eb289150	SD
Zm00001eb183860	SD
Zm00001eb194770	SD
Zm00001eb412510	SD
Zm00001eb239750	SD
Zm00001eb144080	SD
Zm00001eb325820	SD
Zm00001eb324000	SD
Zm00001eb317860	SD
Zm00001eb364210	SD
Zm00001eb100590	SD
Zm00001eb223320	SD
Zm00001eb288430	SD
Zm00001eb272980	SD
Zm00001eb004200	SD
Zm00001eb020780	SD
Zm00001eb084820	SD
Zm00001eb304520	SD
Zm00001eb261170	SD
Zm00001eb397870	SD
Zm00001eb005230	SD
Zm00001eb081530	SD
Zm00001eb327710	SD
Zm00001eb034780	SD
Zm00001eb191410	SD
Zm00001eb010550	SD
Zm00001eb078010	SD
Zm00001eb126840	SD
Zm00001eb207420	SD
Zm00001eb008270	SD
Zm00001eb312180	SD
Zm00001eb348980	SD
Zm00001eb206830	SD
Zm00001eb254160	SD
Zm00001eb110330	SD
Zm00001eb199880	SD
Zm00001eb402260	SD
Zm00001eb276760	SD
Zm00001eb425550	SD
Zm00001eb362700	SD
Zm00001eb242410	SD
Zm00001eb250940	SD
Zm00001eb185630	SD
Zm00001eb103800	SD
Zm00001eb357290	SD
Zm00001eb039280	SD
Zm00001eb432760	SD
Zm00001eb011020	SD
Zm00001eb234450	SD
Zm00001eb332660	SD
Zm00001eb303200	SD
Zm00001eb278370	SD
Zm00001eb038060	SD
Zm00001eb117560	SD
Zm00001eb257520	SD
Zm00001eb100620	SD
Zm00001eb171110	SD
Zm00001eb421370	SD
Zm00001eb257590	SD
Zm00001eb113920	SD
Zm00001eb155230	SD
Zm00001eb100790	SD
Zm00001eb374680	SD
Zm00001eb316580	SD
Zm00001eb429740	SD
Zm00001eb230110	SD
Zm00001eb284290	SD
Zm00001eb278280	SD
Zm00001eb069510	SD
Zm00001eb427580	SD
Zm00001eb399650	SD
Zm00001eb236510	SD
Zm00001eb205940	SD
Zm00001eb102430	SD
Zm00001eb100610	SD
Zm00001eb252060	SD
Zm00001eb300090	SD
Zm00001eb372520	SD
Zm00001eb008830	SD
Zm00001eb125530	SD
Zm00001eb074850	SD
Zm00001eb213780	SD
Zm00001eb330590	SD
Zm00001eb364400	SD
Zm00001eb353540	SD
Zm00001eb000720	SD
Zm00001eb095240	SD
Zm00001eb168010	SD
Zm00001eb111160	SD
Zm00001eb051610	SD
Zm00001eb274390	SD
Zm00001eb092040	SD
Zm00001eb246560	SD
Zm00001eb378150	SD
Zm00001eb429910	SD
Zm00001eb036890	SD
Zm00001eb099920	SD
Zm00001eb023230	SD
Zm00001eb274800	SD
Zm00001eb326080	SD
Zm00001eb223240	SD
Zm00001eb363360	SD
Zm00001eb431310	SD
Zm00001eb002310	SD
Zm00001eb398190	SD
Zm00001eb000640	SD
Zm00001eb095840	SD
Zm00001eb315240	SD
Zm00001eb401370	SD
Zm00001eb072200	SD
Zm00001eb161980	SD
Zm00001eb155270	SD
Zm00001eb083290	SD
Zm00001eb300900	SD
Zm00001eb333110	SD
Zm00001eb320310	SD
Zm00001eb289180	SD
Zm00001eb175150	SD
Zm00001eb367960	SD
Zm00001eb259080	SD
Zm00001eb254070	SD
Zm00001eb098650	SD
Zm00001eb339790	SD
Zm00001eb204560	SD
Zm00001eb216640	SD
Zm00001eb402600	SD
Zm00001eb030090	SD
Zm00001eb052070	SD
Zm00001eb312330	SD
Zm00001eb289670	SD
Zm00001eb010660	SD
Zm00001eb417620	SD
Zm00001eb252380	SD
Zm00001eb359360	SD
Zm00001eb182750	SD
Zm00001eb143430	SD
Zm00001eb384200	SD
Zm00001eb265000	SD
Zm00001eb142730	SD
Zm00001eb198260	SD
Zm00001eb401420	SD
Zm00001eb120370	SD
Zm00001eb390500	SD
Zm00001eb005530	SD
Zm00001eb011720	SD
Zm00001eb222170	SD
Zm00001eb256190	SD
Zm00001eb155580	SD
Zm00001eb311230	SD
Zm00001eb194210	SD
Zm00001eb191240	SD
Zm00001eb125810	SD
Zm00001eb297300	SD
Zm00001eb331410	SD
Zm00001eb287310	SD
Zm00001eb097000	SD
Zm00001eb140450	SD
Zm00001eb060340	SD
Zm00001eb358170	SD
Zm00001eb422500	SD
Zm00001eb279550	SD
Zm00001eb236160	SD
Zm00001eb155170	SD
Zm00001eb032060	SD
Zm00001eb051310	SD
Zm00001eb068600	SD
Zm00001eb041760	SD
Zm00001eb129490	SD
Zm00001eb328520	SD
Zm00001eb210930	SD
Zm00001eb193180	SD
Zm00001eb429190	SD
Zm00001eb160210	SD
Zm00001eb192900	SD
Zm00001eb211700	SD
Zm00001eb084260	SD
Zm00001eb195600	SD
Zm00001eb320850	SD
Zm00001eb179390	SD
Zm00001eb427480	SD
Zm00001eb350430	SD
Zm00001eb106240	SD
Zm00001eb413030	SD
Zm00001eb289830	SD
Zm00001eb005400	SD
Zm00001eb110590	SD
Zm00001eb013240	SD
Zm00001eb370580	SD
Zm00001eb170190	SD
Zm00001eb250390	SD
Zm00001eb261210	SD
Zm00001eb251170	SD
Zm00001eb256920	SD
Zm00001eb151190	SD
Zm00001eb001510	SD
Zm00001eb232160	SD
Zm00001eb068930	SD
Zm00001eb059350	SD
Zm00001eb049010	SD
Zm00001eb232780	SD
Zm00001eb294490	SD
Zm00001eb076050	SD
Zm00001eb099980	SD
Zm00001eb326030	SD
Zm00001eb013540	SD
Zm00001eb055310	SD
Zm00001eb171020	SD
Zm00001eb283310	SD
Zm00001eb034700	SD
Zm00001eb211200	SD
Zm00001eb018930	SD
Zm00001eb279830	SD
Zm00001eb414020	SD
Zm00001eb077880	SD
Zm00001eb250760	SD
Zm00001eb195630	SD
Zm00001eb103540	SD
Zm00001eb135290	SD
Zm00001eb185030	SD
Zm00001eb404850	SD
Zm00001eb205500	SD
Zm00001eb329870	SD
Zm00001eb155300	SD
Zm00001eb334740	SD
Zm00001eb352560	SD
Zm00001eb258290	SD
Zm00001eb317210	SD
Zm00001eb400530	SD
Zm00001eb019480	SD
Zm00001eb279270	SD
Zm00001eb387560	SD
Zm00001eb283880	SD
Zm00001eb223550	SD
Zm00001eb363850	SD
Zm00001eb272360	SD
Zm00001eb099620	SD
Zm00001eb067690	SD
Zm00001eb221390	SD
Zm00001eb099490	SD
Zm00001eb158070	SD
Zm00001eb142460	SD
Zm00001eb210570	SD
Zm00001eb422640	SD
Zm00001eb352700	SD
Zm00001eb013970	SD
Zm00001eb085150	SD
Zm00001eb396100	SD
Zm00001eb423640	SD
Zm00001eb370640	SD
Zm00001eb243460	SD
Zm00001eb187370	SD
Zm00001eb430300	SD
Zm00001eb202440	SD
Zm00001eb255510	SD
Zm00001eb142820	SD
Zm00001eb212610	SD
Zm00001eb376630	SD
Zm00001eb081320	SD
Zm00001eb391730	SD
Zm00001eb042180	SD
Zm00001eb080690	SD
Zm00001eb062730	SD
Zm00001eb050280	SD
Zm00001eb277000	SD
Zm00001eb251820	SD
Zm00001eb098700	SD
Zm00001eb235850	SD
Zm00001eb100340	SD
Zm00001eb207990	SD
Zm00001eb171700	SD
Zm00001eb333170	SD
Zm00001eb060050	SD
Zm00001eb096980	SD
Zm00001eb243330	SD
Zm00001eb144360	SD
Zm00001eb260850	SD
Zm00001eb009170	SD
Zm00001eb174190	SD
Zm00001eb336470	SD
Zm00001eb366640	SD
Zm00001eb219230	SD
Zm00001eb385150	SD
Zm00001eb244780	SD
Zm00001eb052660	SD
Zm00001eb148220	SD
Zm00001eb279230	SD
Zm00001eb057020	SD
Zm00001eb293840	SD
Zm00001eb363070	SD
Zm00001eb313350	SD
Zm00001eb311250	SD
Zm00001eb064490	SD
Zm00001eb223560	SD
Zm00001eb302950	SD
Zm00001eb176590	SD
Zm00001eb070550	SD
Zm00001eb279030	SD
Zm00001eb294800	SD
Zm00001eb239770	SD
Zm00001eb296460	SD
Zm00001eb193860	SD
Zm00001eb060980	SD
Zm00001eb148390	SD
Zm00001eb121150	SD
Zm00001eb344470	SD
Zm00001eb072440	SD
Zm00001eb188120	SD
Zm00001eb427060	SD
Zm00001eb434070	SD
Zm00001eb430600	SD
Zm00001eb291140	SD
Zm00001eb135320	SD
Zm00001eb139420	SD
Zm00001eb153610	SD
Zm00001eb423410	SD
Zm00001eb205160	SD
Zm00001eb226920	SD
Zm00001eb035780	SD
Zm00001eb359740	SD
Zm00001eb272920	SD
Zm00001eb080870	SD
Zm00001eb229510	SD
Zm00001eb062640	SD
Zm00001eb011940	SD
Zm00001eb343350	SD
Zm00001eb367840	SD
Zm00001eb302720	SD
Zm00001eb277380	SD
Zm00001eb380990	SD
Zm00001eb091980	SD
Zm00001eb062210	SD
Zm00001eb204920	SD
Zm00001eb292460	SD
Zm00001eb183710	SD
Zm00001eb375270	SD
Zm00001eb224830	SD
Zm00001eb282990	SD
Zm00001eb207270	SD
Zm00001eb058320	SD
Zm00001eb366900	SD
Zm00001eb372150	SD
Zm00001eb146350	SD
Zm00001eb057170	SD
Zm00001eb293310	SD
Zm00001eb397140	SD
Zm00001eb150540	SD
Zm00001eb099240	SD
Zm00001eb070110	SD
Zm00001eb114140	SD
Zm00001eb118870	SD
Zm00001eb158020	SD
Zm00001eb216800	SD
Zm00001eb055870	SD
Zm00001eb257280	SD
Zm00001eb100260	SD
Zm00001eb434270	SD
Zm00001eb143110	SD
Zm00001eb073010	SD
Zm00001eb174200	SD
Zm00001eb396490	SD
Zm00001eb249390	SD
Zm00001eb110960	SD
Zm00001eb148130	SD
Zm00001eb321890	SD
Zm00001eb333760	SD
Zm00001eb296020	SD
Zm00001eb425620	SD
Zm00001eb314160	SD
Zm00001eb179870	SD
Zm00001eb163390	SD
Zm00001eb332650	SD
Zm00001eb259470	SD
Zm00001eb294430	SD
Zm00001eb026440	SD
Zm00001eb143290	SD
Zm00001eb304160	SD
Zm00001eb311550	SD
Zm00001eb355050	SD
Zm00001eb042050	SD
Zm00001eb364610	SD
Zm00001eb217990	SD
Zm00001eb209490	SD
Zm00001eb397360	SD
Zm00001eb397620	SD
Zm00001eb253150	SD
Zm00001eb095290	SD
Zm00001eb338510	SD
Zm00001eb373180	SD
Zm00001eb223210	SD
Zm00001eb072390	SD
Zm00001eb294830	SD
Zm00001eb038660	SD
Zm00001eb344210	SD
Zm00001eb314720	SD
Zm00001eb228320	SD
Zm00001eb101880	SD
Zm00001eb184830	SD
Zm00001eb100460	SD
Zm00001eb360750	SD
Zm00001eb368100	SD
Zm00001eb314790	SD
Zm00001eb207430	SD
Zm00001eb417220	SD
Zm00001eb379990	SD
Zm00001eb243260	SD
Zm00001eb168140	SD
Zm00001eb260360	SD
Zm00001eb150640	SD
Zm00001eb159970	SD
Zm00001eb251520	SD
Zm00001eb176690	SD
Zm00001eb388960	SD
Zm00001eb408080	SD
Zm00001eb060810	SD
Zm00001eb147260	SD
Zm00001eb116930	SD
Zm00001eb315600	SD
Zm00001eb212960	SD
Zm00001eb375730	SD
Zm00001eb318990	SD
Zm00001eb275520	SD
Zm00001eb311920	SD
Zm00001eb003140	SD
Zm00001eb172350	SD
Zm00001eb342760	SD
Zm00001eb060730	SD
Zm00001eb058360	SD
Zm00001eb398860	SD
Zm00001eb234610	SD
Zm00001eb061440	SD
Zm00001eb292040	SD
Zm00001eb194820	SD
Zm00001eb348300	SD
Zm00001eb298990	SD
Zm00001eb372130	SD
Zm00001eb035030	SD
Zm00001eb141520	SD
Zm00001eb398180	SD
Zm00001eb193780	SD
Zm00001eb366030	SD
Zm00001eb351460	SD
Zm00001eb251670	SD
Zm00001eb296540	SD
Zm00001eb060780	SD
Zm00001eb116720	SD
Zm00001eb417170	SD
Zm00001eb372490	SD
Zm00001eb367660	SD
Zm00001eb221100	SD
Zm00001eb314880	SD
Zm00001eb317430	SD
Zm00001eb421230	SD
Zm00001eb196980	SD
Zm00001eb214510	SD
Zm00001eb068760	SD
Zm00001eb383950	SD
Zm00001eb430260	SD
Zm00001eb026350	SD
Zm00001eb147080	SD
Zm00001eb256100	SD
Zm00001eb116880	SD
Zm00001eb082390	SD
Zm00001eb174330	SD
Zm00001eb205820	SD
Zm00001eb186420	SD
Zm00001eb218530	SD
Zm00001eb078440	SD
Zm00001eb398400	SD
Zm00001eb173320	SD
Zm00001eb254600	SD
Zm00001eb235880	SD
Zm00001eb190840	SD
Zm00001eb246010	SD
Zm00001eb383650	SD
Zm00001eb040310	SD
Zm00001eb067740	SD
Zm00001eb366800	SD
Zm00001eb402720	SD
Zm00001eb085690	SD
Zm00001eb028550	SD
Zm00001eb043690	SD
Zm00001eb100650	SD
Zm00001eb333980	SD
Zm00001eb051770	SD
Zm00001eb400680	SD
Zm00001eb026430	SD
Zm00001eb077630	SD
Zm00001eb092300	SD
Zm00001eb388390	SD
Zm00001eb244510	SD
Zm00001eb251900	SD
Zm00001eb109900	SD
Zm00001eb205790	SD
Zm00001eb370700	SD
Zm00001eb085610	SD
Zm00001eb072640	SD
Zm00001eb179730	SD
Zm00001eb170080	SD
Zm00001eb220940	SD
Zm00001eb071140	SD
Zm00001eb056780	SD
Zm00001eb005640	SD
Zm00001eb117350	SD
Zm00001eb095710	SD
Zm00001eb383330	SD
Zm00001eb417370	SD
Zm00001eb002640	SD
Zm00001eb309230	SD
Zm00001eb368130	SD
Zm00001eb358680	SD
Zm00001eb102550	SD
Zm00001eb302280	SD
Zm00001eb324450	SD
Zm00001eb073310	SD
Zm00001eb031900	SD
Zm00001eb156730	SD
Zm00001eb299960	SD
Zm00001eb044650	SD
Zm00001eb008320	SD
Zm00001eb354640	SD
Zm00001eb376400	SD
Zm00001eb143300	SD
Zm00001eb037740	SD
Zm00001eb097080	SD
Zm00001eb185310	SD
Zm00001eb273610	SD
Zm00001eb184470	SD
Zm00001eb093560	SD
Zm00001eb074050	SD
Zm00001eb330850	SD
Zm00001eb098660	SD
Zm00001eb336250	SD
Zm00001eb312500	SD
Zm00001eb204260	SD
Zm00001eb256120	SD
Zm00001eb100410	SD
Zm00001eb366950	SD
Zm00001eb228190	SD
Zm00001eb122460	SD
Zm00001eb355690	SD
Zm00001eb106160	SD
Zm00001eb055330	SD
Zm00001eb401500	SD
Zm00001eb200910	SD
Zm00001eb071990	SD
Zm00001eb101940	SD
Zm00001eb079210	SD
Zm00001eb291960	SD
Zm00001eb135740	SD
Zm00001eb291450	SD
Zm00001eb317080	SD
Zm00001eb190200	SD
Zm00001eb284250	SD
Zm00001eb277900	SD
Zm00001eb271540	SD
Zm00001eb192430	SD
Zm00001eb101180	SD
Zm00001eb100060	SD
Zm00001eb039040	SD
Zm00001eb218430	SD
Zm00001eb238140	SD
Zm00001eb013110	SD
Zm00001eb246600	SD
Zm00001eb251410	SD
Zm00001eb423330	SD
Zm00001eb372700	SD
Zm00001eb072840	SD
Zm00001eb364580	SD
Zm00001eb197160	SD
Zm00001eb060610	SD
Zm00001eb212060	SD
Zm00001eb397060	SD
Zm00001eb041350	SD
Zm00001eb418920	SD
Zm00001eb371680	SD
Zm00001eb030510	SD
Zm00001eb188990	SD
Zm00001eb275510	SD
Zm00001eb227170	SD
Zm00001eb058610	SD
Zm00001eb356420	SD
Zm00001eb173410	SD
Zm00001eb126890	SD
Zm00001eb374700	SD
Zm00001eb250470	SD
Zm00001eb017170	SD
Zm00001eb095620	SD
Zm00001eb043920	SD
Zm00001eb343240	SD
Zm00001eb002480	SD
Zm00001eb254060	SD
Zm00001eb219070	SD
Zm00001eb187610	SD
Zm00001eb427820	SD
Zm00001eb078190	SD
Zm00001eb358930	SD
Zm00001eb141890	SD
Zm00001eb402810	SD
Zm00001eb073750	SD
Zm00001eb156040	SD
Zm00001eb111820	SD
Zm00001eb246330	SD
Zm00001eb194480	SD
Zm00001eb261700	SD
Zm00001eb402510	SD
Zm00001eb013450	SD
Zm00001eb306060	SD
Zm00001eb392430	SD
Zm00001eb367050	SD
Zm00001eb079610	SD
Zm00001eb379110	SD
Zm00001eb397630	SD
Zm00001eb102160	SD
Zm00001eb235840	SD
Zm00001eb314530	SD
Zm00001eb294970	SD
Zm00001eb206910	SD
Zm00001eb047010	SD
Zm00001eb038430	SD
Zm00001eb015290	SD
Zm00001eb328280	SD
Zm00001eb189380	SD
Zm00001eb067200	SD
Zm00001eb329660	SD
Zm00001eb071400	SD
Zm00001eb403140	SD
Zm00001eb135940	SD
Zm00001eb417380	SD
Zm00001eb025130	SD
Zm00001eb252870	SD
Zm00001eb200970	SD
Zm00001eb368350	SD
Zm00001eb270660	SD
Zm00001eb357530	SD
Zm00001eb206330	SD
Zm00001eb401120	SD
Zm00001eb303220	SD
Zm00001eb198320	SD
Zm00001eb217000	SD
Zm00001eb059920	SD
Zm00001eb004190	SD
Zm00001eb219900	SD
Zm00001eb112540	SD
Zm00001eb197480	SD
Zm00001eb036510	SD
Zm00001eb239920	SD
Zm00001eb360400	SD
Zm00001eb221240	SD
Zm00001eb386490	SD
Zm00001eb012160	SD
Zm00001eb390730	SD
Zm00001eb332430	SD
Zm00001eb431130	SD
Zm00001eb403130	SD
Zm00001eb291250	SD
Zm00001eb240020	SD
Zm00001eb355290	SD
Zm00001eb402460	SD
Zm00001eb004670	SD
Zm00001eb372640	SD
Zm00001eb353470	SD
Zm00001eb214290	SD
Zm00001eb364410	SD
Zm00001eb047580	SD
Zm00001eb428510	SD
Zm00001eb289190	SD
Zm00001eb018020	SD
Zm00001eb198410	SD
Zm00001eb116940	SD
Zm00001eb058230	SD
Zm00001eb185450	SD
Zm00001eb078090	SD
Zm00001eb101920	SD
Zm00001eb376530	SD
Zm00001eb198620	SD
Zm00001eb425100	SD
Zm00001eb428770	SD
Zm00001eb309600	SD
Zm00001eb007920	SD
Zm00001eb158770	SD
Zm00001eb122500	SD
Zm00001eb146070	SD
Zm00001eb151040	SD
Zm00001eb123190	SD
Zm00001eb204360	SD
Zm00001eb172860	SD
Zm00001eb402000	SD
Zm00001eb293740	SD
Zm00001eb229530	SD
Zm00001eb108460	SD
Zm00001eb421180	SD
Zm00001eb359220	SD
Zm00001eb038150	SD
Zm00001eb248540	SD
Zm00001eb250280	SD
Zm00001eb359920	SD
Zm00001eb145730	SD
Zm00001eb224920	SD
Zm00001eb101980	SD
Zm00001eb083980	SD
Zm00001eb010190	SD
Zm00001eb244690	SD
Zm00001eb283430	SD
Zm00001eb244910	SD
Zm00001eb284230	SD
Zm00001eb175980	SD
Zm00001eb119470	SD
Zm00001eb035680	SD
Zm00001eb260790	SD
Zm00001eb071040	SD
Zm00001eb040690	SD
Zm00001eb073720	SD
Zm00001eb401490	SD
Zm00001eb216500	SD
Zm00001eb214850	SD
Zm00001eb251390	SD
Zm00001eb293690	SD
Zm00001eb168080	SD
Zm00001eb214170	SD
Zm00001eb385720	SD
Zm00001eb272050	SD
Zm00001eb222610	SD
Zm00001eb074210	SD
Zm00001eb097850	SD
Zm00001eb179780	SD
Zm00001eb233310	SD
Zm00001eb337450	SD
Zm00001eb085330	SD
Zm00001eb251040	SD
Zm00001eb050870	SD
Zm00001eb126250	SD
Zm00001eb163840	SD
Zm00001eb371280	SD
Zm00001eb356050	SD
Zm00001eb389650	SD
Zm00001eb274600	SD
Zm00001eb296340	SD
Zm00001eb182830	SD
Zm00001eb201850	SD
Zm00001eb014090	SD
Zm00001eb150740	SD
Zm00001eb155790	SD
Zm00001eb254920	SD
Zm00001eb434350	SD
Zm00001eb243440	SD
Zm00001eb041540	SD
Zm00001eb270090	SD
Zm00001eb107690	SD
Zm00001eb220480	SD
Zm00001eb424940	SD
Zm00001eb234490	SD
Zm00001eb279780	SD
Zm00001eb092070	SD
Zm00001eb279210	SD
Zm00001eb400160	SD
Zm00001eb013590	SD
Zm00001eb030990	SD
Zm00001eb267200	SD
Zm00001eb035320	SD
Zm00001eb121200	SD
Zm00001eb430380	SD
Zm00001eb246080	SD
Zm00001eb058130	SD
Zm00001eb289430	SD
Zm00001eb258840	SD
Zm00001eb054440	SD
Zm00001eb348450	SD
Zm00001eb256730	SD
Zm00001eb146780	SD
Zm00001eb245030	SD
Zm00001eb065120	SD
Zm00001eb250140	SD
Zm00001eb112630	SD
Zm00001eb058810	SD
Zm00001eb429850	SD
Zm00001eb270930	SD
Zm00001eb394190	SD
Zm00001eb394180	SD
Zm00001eb044500	SD
Zm00001eb104420	SD
Zm00001eb316850	SD
Zm00001eb191400	SD
Zm00001eb355710	SD
Zm00001eb022330	SD
Zm00001eb126760	SD
Zm00001eb428830	SD
Zm00001eb301280	SD
Zm00001eb162560	SD
Zm00001eb204110	SD
Zm00001eb126820	SD
Zm00001eb324070	SD
Zm00001eb330680	SD
Zm00001eb255970	SD
Zm00001eb166180	SD
Zm00001eb299290	SD
Zm00001eb018890	SD
Zm00001eb344520	SD
Zm00001eb252100	SD
Zm00001eb323880	SD
Zm00001eb426190	SD
Zm00001eb037290	SD
Zm00001eb343220	SD
Zm00001eb294850	SD
Zm00001eb272940	SD
Zm00001eb328650	SD
Zm00001eb357800	SD
Zm00001eb317910	SD
Zm00001eb394300	SD
Zm00001eb195400	SD
Zm00001eb162790	SD
Zm00001eb391280	SD
Zm00001eb070750	SD
Zm00001eb041290	SD
Zm00001eb356410	SD
Zm00001eb013440	SD
Zm00001eb060170	SD
Zm00001eb015630	SD
Zm00001eb160510	SD
Zm00001eb047620	SD
Zm00001eb109960	SD
Zm00001eb178740	SD
Zm00001eb233790	SD
Zm00001eb172770	SD
Zm00001eb188330	SD
Zm00001eb064100	SD
Zm00001eb222950	SD
Zm00001eb071710	SD
Zm00001eb367680	SD
Zm00001eb247830	SD
Zm00001eb101070	SD
Zm00001eb428280	SD
Zm00001eb062800	SD
Zm00001eb370930	SD
Zm00001eb371720	SD
Zm00001eb344590	SD
Zm00001eb020150	SD
Zm00001eb196670	SD
Zm00001eb253190	SD
Zm00001eb195770	SD
Zm00001eb293970	SD
Zm00001eb148680	SD
Zm00001eb367670	SD
Zm00001eb245400	SD
Zm00001eb293560	SD
Zm00001eb147910	SD
Zm00001eb102780	SD
Zm00001eb231610	SD
Zm00001eb371880	SD
Zm00001eb156260	SD
Zm00001eb232260	SD
Zm00001eb223330	SD
Zm00001eb312620	SD
Zm00001eb179590	SD
Zm00001eb156930	SD
Zm00001eb313580	SD
Zm00001eb275570	SD
Zm00001eb061070	SD
Zm00001eb218880	SD
Zm00001eb156350	SD
Zm00001eb266290	SD
Zm00001eb196420	SD
Zm00001eb208740	SD
Zm00001eb362640	SD
Zm00001eb330340	SD
Zm00001eb327670	SD
Zm00001eb153330	SD
Zm00001eb295380	SD
Zm00001eb212810	SD
Zm00001eb278670	SD
Zm00001eb109910	SD
Zm00001eb253470	SD
Zm00001eb359340	SD
Zm00001eb131360	SD
Zm00001eb406930	SD
Zm00001eb013760	SD
Zm00001eb149450	SD
Zm00001eb279420	SD
Zm00001eb252390	SD
Zm00001eb176680	SD
Zm00001eb429830	SD
Zm00001eb331010	SD
Zm00001eb130940	SD
Zm00001eb146500	SD
Zm00001eb315500	SD
Zm00001eb253840	SD
Zm00001eb212120	SD
Zm00001eb334600	SD
Zm00001eb209150	SD
Zm00001eb227710	SD
Zm00001eb135400	SD
Zm00001eb193580	SD
Zm00001eb098670	SD
Zm00001eb290570	SD
Zm00001eb058470	SD
Zm00001eb349490	SD
Zm00001eb279120	SD
Zm00001eb242030	SD
Zm00001eb179960	SD
Zm00001eb317680	SD
Zm00001eb282550	SD
Zm00001eb101950	SD
Zm00001eb084360	SD
Zm00001eb279440	SD
Zm00001eb004760	SD
Zm00001eb256020	SD
Zm00001eb388780	SD
Zm00001eb083840	SD
Zm00001eb332780	SD
Zm00001eb162430	SD
Zm00001eb274970	SD
Zm00001eb238250	SD
Zm00001eb098110	SD
Zm00001eb252320	SD
Zm00001eb018630	SD
Zm00001eb055830	SD
Zm00001eb318300	SD
Zm00001eb328730	SD
Zm00001eb389910	SD
Zm00001eb058930	SD
Zm00001eb359730	SD
Zm00001eb369250	SD
Zm00001eb148930	SD
Zm00001eb051510	SD
Zm00001eb376520	SD
Zm00001eb219270	SD
Zm00001eb353110	SD
Zm00001eb431860	SD
Zm00001eb192730	SD
Zm00001eb374110	SD
Zm00001eb103080	SD
Zm00001eb182640	SD
Zm00001eb329370	SD
Zm00001eb415660	SD
Zm00001eb048440	SD
Zm00001eb063150	SD
Zm00001eb119780	SD
Zm00001eb100750	SD
Zm00001eb207060	SD
Zm00001eb239100	SD
Zm00001eb367780	SD
Zm00001eb001990	SD
Zm00001eb335060	SD
Zm00001eb111560	SD
Zm00001eb214190	SD
Zm00001eb295770	SD
Zm00001eb344340	SD
Zm00001eb349040	SD
Zm00001eb288370	SD
Zm00001eb012020	SD
Zm00001eb084070	SD
Zm00001eb192960	SD
Zm00001eb159420	SD
Zm00001eb208830	SD
Zm00001eb029490	SD
Zm00001eb386020	SD
Zm00001eb187050	SD
Zm00001eb359300	SD
Zm00001eb359030	SD
Zm00001eb101120	SD
Zm00001eb327310	SD
Zm00001eb113410	SD
Zm00001eb327030	SD
Zm00001eb226650	SD
Zm00001eb105780	SD
Zm00001eb225230	SD
Zm00001eb315620	SD
Zm00001eb188690	SD
Zm00001eb146190	SD
Zm00001eb404650	SD
Zm00001eb370140	SD
Zm00001eb307210	SD
Zm00001eb218590	SD
Zm00001eb332700	SD
Zm00001eb314000	SD
Zm00001eb193830	SD
Zm00001eb129830	SD
Zm00001eb019220	SD
Zm00001eb009400	SD
Zm00001eb322390	SD
Zm00001eb363160	SD
Zm00001eb202520	SD
Zm00001eb117820	SD
Zm00001eb369360	SD
Zm00001eb433550	SD
Zm00001eb186190	SD
Zm00001eb314860	SD
Zm00001eb274400	SD
Zm00001eb322600	SD
Zm00001eb202730	SD
Zm00001eb306680	SD
Zm00001eb289200	SD
Zm00001eb358740	SD
Zm00001eb046700	SD
Zm00001eb221300	SD
Zm00001eb316780	SD
Zm00001eb206080	SD
Zm00001eb301750	SD
Zm00001eb360160	SD
Zm00001eb309920	SD
Zm00001eb146000	SD
Zm00001eb041360	SD
Zm00001eb251200	SD
Zm00001eb273020	SD
Zm00001eb025990	SD
Zm00001eb248880	SD
Zm00001eb044250	SD
Zm00001eb401480	SD
Zm00001eb104640	SD
Zm00001eb383230	SD
Zm00001eb393730	SD
Zm00001eb320880	SD
Zm00001eb336390	SD
Zm00001eb344330	SD
Zm00001eb340650	SD
Zm00001eb428400	SD
Zm00001eb089590	SD
Zm00001eb051750	SD
Zm00001eb417460	SD
Zm00001eb352040	SD
Zm00001eb332200	SD
Zm00001eb153660	SD
Zm00001eb096610	SD
Zm00001eb146650	SD
Zm00001eb327900	SD
Zm00001eb207370	SD
Zm00001eb260990	SD
Zm00001eb009240	SD
Zm00001eb186010	SD
Zm00001eb351770	SD
Zm00001eb415640	SD
Zm00001eb190340	SD
Zm00001eb431090	SD
Zm00001eb158800	SD
Zm00001eb074900	SD
Zm00001eb360260	SD
Zm00001eb273800	SD
Zm00001eb038140	SD
Zm00001eb366290	SD
Zm00001eb215420	SD
Zm00001eb403240	SD
Zm00001eb361070	SD
Zm00001eb016740	SD
Zm00001eb255560	SD
Zm00001eb367920	SD
Zm00001eb155590	SD
Zm00001eb193570	SD
Zm00001eb122190	SD
Zm00001eb212480	SD
Zm00001eb130260	SD
Zm00001eb343440	SD
Zm00001eb243510	SD
Zm00001eb291260	SD
Zm00001eb035500	SD
Zm00001eb352260	SD
Zm00001eb317460	SD
Zm00001eb119540	SD
Zm00001eb037670	SD
Zm00001eb417240	SD
Zm00001eb060330	SD
Zm00001eb363490	SD
Zm00001eb374920	SD
Zm00001eb014250	SD
Zm00001eb258010	SD
Zm00001eb395100	SD
Zm00001eb395640	SD
Zm00001eb254430	SD
Zm00001eb322370	SD
Zm00001eb250150	SD
Zm00001eb041610	SD
Zm00001eb317100	SD
Zm00001eb355590	SD
Zm00001eb425460	SD
Zm00001eb219040	SD
Zm00001eb075270	SD
Zm00001eb424450	SD
Zm00001eb100930	SD
Zm00001eb120740	SD
Zm00001eb247860	SD
Zm00001eb425580	SD
Zm00001eb390830	SD
Zm00001eb106950	SD
Zm00001eb107550	SD
Zm00001eb302460	SD
Zm00001eb102640	SD
Zm00001eb193240	SD
Zm00001eb160620	SD
Zm00001eb206660	SD
Zm00001eb015570	SD
Zm00001eb136470	SD
Zm00001eb315380	SD
Zm00001eb428540	SD
Zm00001eb347270	SD
Zm00001eb299720	SD
Zm00001eb366020	SD
Zm00001eb078490	SD
Zm00001eb034130	SD
Zm00001eb218540	SD
Zm00001eb149510	SD
Zm00001eb100300	SD
Zm00001eb037480	SD
Zm00001eb328600	SD
Zm00001eb036170	SD
Zm00001eb261270	SD
Zm00001eb361590	SD
Zm00001eb397580	SD
Zm00001eb118100	SD
Zm00001eb213800	SD
Zm00001eb176040	SD
Zm00001eb233290	SD
Zm00001eb349480	SD
Zm00001eb403930	SD
Zm00001eb255430	SD
Zm00001eb134990	SD
Zm00001eb084860	SD
Zm00001eb082700	SD
Zm00001eb051450	SD
Zm00001eb395580	SD
Zm00001eb223300	SD
Zm00001eb183970	SD
Zm00001eb354610	SD
Zm00001eb184620	SD
Zm00001eb058450	SD
Zm00001eb300620	SD
Zm00001eb358700	SD
Zm00001eb395380	SD
Zm00001eb182290	SD
Zm00001eb266970	SD
Zm00001eb232360	SD
Zm00001eb224560	SD
Zm00001eb332160	SD
Zm00001eb417390	SD
Zm00001eb422410	SD
Zm00001eb366430	SD
Zm00001eb129910	SD
Zm00001eb191030	SD
Zm00001eb300730	SD
Zm00001eb230050	SD
Zm00001eb244640	SD
Zm00001eb289300	SD
Zm00001eb232580	SD
Zm00001eb072190	SD
Zm00001eb291640	SD
Zm00001eb344810	SD
Zm00001eb234120	SD
Zm00001eb256240	SD
Zm00001eb172880	SD
Zm00001eb350310	SD
Zm00001eb203310	SD
Zm00001eb082180	SD
Zm00001eb095250	SD
Zm00001eb103480	SD
Zm00001eb251680	SD
Zm00001eb080120	SD
Zm00001eb178580	SD
Zm00001eb195440	SD
Zm00001eb317510	SD
Zm00001eb019120	SD
Zm00001eb020300	SD
Zm00001eb352420	SD
Zm00001eb099830	SD
Zm00001eb128620	SD
Zm00001eb137930	SD
Zm00001eb307400	SD
Zm00001eb395600	SD
Zm00001eb362410	SD
Zm00001eb118010	SD
Zm00001eb421830	SD
Zm00001eb256450	SD
Zm00001eb052610	SD
Zm00001eb358310	SD
Zm00001eb251370	SD
Zm00001eb120750	SD
Zm00001eb174790	SD
Zm00001eb227800	SD
Zm00001eb316910	SD
Zm00001eb203800	SD
Zm00001eb221790	SD
Zm00001eb402220	SD
Zm00001eb258580	SD
Zm00001eb337020	SD
Zm00001eb113080	SD
Zm00001eb077250	SD
Zm00001eb037610	SD
Zm00001eb215610	SD
Zm00001eb075510	SD
Zm00001eb084240	SD
Zm00001eb242100	SD
Zm00001eb389600	SD
Zm00001eb251890	SD
Zm00001eb396390	SD
Zm00001eb107700	SD
Zm00001eb399250	SD
Zm00001eb246060	SD
Zm00001eb003700	SD
Zm00001eb193480	SD
Zm00001eb428890	SD
Zm00001eb110530	SD
Zm00001eb038900	SD
Zm00001eb192890	SD
Zm00001eb191230	SD
Zm00001eb024300	SD
Zm00001eb080090	SD
Zm00001eb295700	SD
Zm00001eb250080	SD
Zm00001eb427230	SD
Zm00001eb369170	SD
Zm00001eb309560	SD
Zm00001eb198560	SD
Zm00001eb247590	SD
Zm00001eb140000	SD
Zm00001eb392580	SD
Zm00001eb093630	SD
Zm00001eb205880	SD
Zm00001eb405790	SD
Zm00001eb218280	SD
Zm00001eb015130	SD
Zm00001eb333290	SD
Zm00001eb195850	SD
Zm00001eb136250	SD
Zm00001eb015420	SD
Zm00001eb325100	SD
Zm00001eb023490	SD
Zm00001eb150650	SD
Zm00001eb361960	SD
Zm00001eb180800	SD
Zm00001eb255160	SD
Zm00001eb218610	SD
Zm00001eb147900	SD
Zm00001eb289170	SD
Zm00001eb281520	SD
Zm00001eb426730	SD
Zm00001eb272430	SD
Zm00001eb038500	SD
Zm00001eb073680	SD
Zm00001eb391490	SD
Zm00001eb388180	SD
Zm00001eb077180	SD
Zm00001eb251400	SD
Zm00001eb100680	SD
Zm00001eb186650	SD
Zm00001eb379830	SD
Zm00001eb031360	SD
Zm00001eb429940	SD
Zm00001eb396830	SD
Zm00001eb288360	SD
Zm00001eb212670	SD
Zm00001eb370660	SD
Zm00001eb202260	SD
Zm00001eb214440	SD
Zm00001eb404180	SD
Zm00001eb330710	SD
Zm00001eb142450	SD
Zm00001eb366750	SD
Zm00001eb400660	SD
Zm00001eb062030	SD
Zm00001eb281180	SD
Zm00001eb294570	SD
Zm00001eb342590	SD
Zm00001eb332770	SD
Zm00001eb360710	SD
Zm00001eb273330	SD
Zm00001eb194180	SD
Zm00001eb163560	SD
Zm00001eb184000	SD
Zm00001eb011620	SD
Zm00001eb335200	SD
Zm00001eb023970	SD
Zm00001eb354680	SD
Zm00001eb118090	SD
Zm00001eb142190	SD
Zm00001eb325830	SD
Zm00001eb275820	SD
Zm00001eb423160	SD
Zm00001eb413940	SD
Zm00001eb428100	SD
Zm00001eb339480	SD
Zm00001eb182090	SD
Zm00001eb274210	SD
Zm00001eb338340	SD
Zm00001eb213710	SD
Zm00001eb103150	SD
Zm00001eb110510	SD
Zm00001eb417280	SD
Zm00001eb017950	SD
Zm00001eb296790	SD
Zm00001eb089660	SD
Zm00001eb370620	SD
Zm00001eb108220	SD
Zm00001eb107590	SD
Zm00001eb350910	SD
Zm00001eb029970	SD
Zm00001eb082300	SD
Zm00001eb260340	SD
Zm00001eb219030	SD
Zm00001eb017930	SD
Zm00001eb280620	SD
Zm00001eb369110	SD
Zm00001eb084550	SD
Zm00001eb071640	SD
Zm00001eb000550	SD
Zm00001eb241560	SD
Zm00001eb342960	SD
Zm00001eb158000	SD
Zm00001eb407530	SD
Zm00001eb323200	SD
Zm00001eb172180	SD
Zm00001eb367490	SD
Zm00001eb244560	SD
Zm00001eb150010	SD
Zm00001eb042020	SD
Zm00001eb218990	SD
Zm00001eb050530	SD
Zm00001eb223460	SD
Zm00001eb207010	SD
Zm00001eb013730	SD
Zm00001eb423450	SD
Zm00001eb188900	SD
Zm00001eb157870	SD
Zm00001eb101190	SD
Zm00001eb291150	SD
Zm00001eb319820	SD
Zm00001eb149570	SD
Zm00001eb055060	SD
Zm00001eb368840	SD
Zm00001eb269150	SD
Zm00001eb199540	SD
Zm00001eb314500	SD
Zm00001eb178250	SD
Zm00001eb424390	SD
Zm00001eb342100	SD
Zm00001eb186990	SD
Zm00001eb433300	SD
Zm00001eb398540	SD
Zm00001eb171100	SD
Zm00001eb266280	SD
Zm00001eb195980	SD
Zm00001eb077580	SD
Zm00001eb253120	SD
Zm00001eb019360	SD
Zm00001eb390420	SD
Zm00001eb386550	SD
Zm00001eb366780	SD
Zm00001eb106340	SD
Zm00001eb222560	SD
Zm00001eb396660	SD
Zm00001eb092090	SD
Zm00001eb395060	SD
Zm00001eb017880	SD
Zm00001eb275010	SD
Zm00001eb188890	SD
Zm00001eb005700	SD
Zm00001eb257210	SD
Zm00001eb233420	SD
Zm00001eb012380	SD
Zm00001eb430250	SD
Zm00001eb098330	SD
Zm00001eb289560	SD
Zm00001eb393470	SD
Zm00001eb122260	SD
Zm00001eb032000	SD
Zm00001eb217590	SD
Zm00001eb400220	SD
Zm00001eb010450	SD
Zm00001eb255700	SD
Zm00001eb218930	SD
Zm00001eb397340	SD
Zm00001eb324430	SD
Zm00001eb397730	SD
Zm00001eb217220	SD
Zm00001eb191380	SD
Zm00001eb032970	SD
Zm00001eb001560	SD
Zm00001eb357840	SD
Zm00001eb020740	SD
Zm00001eb296710	SD
Zm00001eb042770	SD
Zm00001eb240430	SD
Zm00001eb212710	SD
Zm00001eb311700	SD
Zm00001eb246870	SD
Zm00001eb148750	SD
Zm00001eb186620	SD
Zm00001eb382090	SD
Zm00001eb145530	SD
Zm00001eb017060	SD
Zm00001eb249400	SD
Zm00001eb100960	SD
Zm00001eb103190	SD
Zm00001eb235860	SD
Zm00001eb258260	SD
Zm00001eb336260	SD
Zm00001eb335070	SD
Zm00001eb325870	SD
Zm00001eb279360	SD
Zm00001eb354880	SD
Zm00001eb350550	SD
Zm00001eb106930	SD
Zm00001eb422580	SD
Zm00001eb359470	SD
Zm00001eb207970	SD
Zm00001eb337030	SD
Zm00001eb099570	SD
Zm00001eb333950	SD
Zm00001eb066050	SD
Zm00001eb353550	SD
Zm00001eb010200	SD
Zm00001eb033610	SD
Zm00001eb108270	SD
Zm00001eb300780	SD
Zm00001eb188220	SD
Zm00001eb272040	SD
Zm00001eb246270	SD
Zm00001eb314610	SD
Zm00001eb104070	SD
Zm00001eb265850	SD
Zm00001eb001630	SD
Zm00001eb176090	SD
Zm00001eb002660	SD
Zm00001eb194020	SD
Zm00001eb402390	SD
Zm00001eb355350	SD
Zm00001eb000230	SD
Zm00001eb217420	SD
Zm00001eb433010	SD
Zm00001eb252580	SD
Zm00001eb204960	SD
Zm00001eb103260	SD
Zm00001eb397150	SD
Zm00001eb294840	SD
Zm00001eb142960	SD
Zm00001eb352240	SD
Zm00001eb186150	SD
Zm00001eb103460	SD
Zm00001eb271450	SD
Zm00001eb315340	SD
Zm00001eb048310	SD
Zm00001eb394380	SD
Zm00001eb365810	SD
Zm00001eb103610	SD
Zm00001eb293180	SD
Zm00001eb356310	SD
Zm00001eb211990	SD
Zm00001eb357780	SD
Zm00001eb022710	SD
Zm00001eb425790	SD
Zm00001eb109710	SD
Zm00001eb101760	SD
Zm00001eb397880	SD
Zm00001eb194120	SD
Zm00001eb157260	SD
Zm00001eb398100	SD
Zm00001eb238730	SD
Zm00001eb183430	SD
Zm00001eb338630	SD
Zm00001eb353450	SD
Zm00001eb248100	SD
Zm00001eb391900	SD
Zm00001eb020940	SD
Zm00001eb053510	SD
Zm00001eb317850	SD
Zm00001eb181550	SD
Zm00001eb231790	SD
Zm00001eb327160	SD
Zm00001eb064680	SD
Zm00001eb304760	SD
Zm00001eb212900	SD
Zm00001eb366460	SD
Zm00001eb023870	SD
Zm00001eb017450	SD
Zm00001eb005650	SD
Zm00001eb373710	SD
Zm00001eb397260	SD
Zm00001eb395560	SD
Zm00001eb330530	SD
Zm00001eb041860	SD
Zm00001eb269300	SD
Zm00001eb405120	SD
Zm00001eb221110	SD
Zm00001eb257730	SD
Zm00001eb043940	SD
Zm00001eb160190	SD
Zm00001eb427070	SD
Zm00001eb156520	SD
Zm00001eb204390	SD
Zm00001eb383440	SD
Zm00001eb421710	SD
Zm00001eb175540	SD
Zm00001eb428470	SD
Zm00001eb173180	SD
Zm00001eb185650	SD
Zm00001eb062190	SD
Zm00001eb370320	SD
Zm00001eb033570	SD
Zm00001eb295810	SD
Zm00001eb255370	SD
Zm00001eb301540	SD
Zm00001eb355030	SD
Zm00001eb403720	SD
Zm00001eb431960	SD
Zm00001eb430620	SD
Zm00001eb012980	SD
Zm00001eb000380	SD
Zm00001eb195780	SD
Zm00001eb175560	SD
Zm00001eb393680	SD
Zm00001eb342540	SD
Zm00001eb157080	SD
Zm00001eb173820	SD
Zm00001eb077010	SD
Zm00001eb339810	SD
Zm00001eb082130	SD
Zm00001eb179260	SD
Zm00001eb226240	SD
Zm00001eb154380	SD
Zm00001eb188840	SD
Zm00001eb023160	SD
Zm00001eb118250	SD
Zm00001eb044590	SD
Zm00001eb070490	SD
Zm00001eb155060	SD
Zm00001eb008420	SD
Zm00001eb116730	SD
Zm00001eb015380	SD
Zm00001eb249610	SD
Zm00001eb219590	SD
Zm00001eb144840	SD
Zm00001eb386830	SD
Zm00001eb306380	SD
Zm00001eb311950	SD
Zm00001eb184300	SD
Zm00001eb242900	SD
Zm00001eb018830	SD
Zm00001eb191670	SD
Zm00001eb239500	SD
Zm00001eb271260	SD
Zm00001eb036990	SD
Zm00001eb186540	SD
Zm00001eb278960	SD
Zm00001eb108040	SD
Zm00001eb048270	SD
Zm00001eb283870	SD
Zm00001eb330200	SD
Zm00001eb395430	SD
Zm00001eb413050	SD
Zm00001eb176620	SD
Zm00001eb428650	SD
Zm00001eb419100	SD
Zm00001eb255240	SD
Zm00001eb206760	SD
Zm00001eb015500	SD
Zm00001eb051380	SD
Zm00001eb210880	SD
Zm00001eb433490	SD
Zm00001eb215350	SD
Zm00001eb432790	SD
Zm00001eb213860	SD
Zm00001eb294560	SD
Zm00001eb137020	SD
Zm00001eb154560	SD
Zm00001eb427290	SD
Zm00001eb311390	SD
Zm00001eb201390	SD
Zm00001eb369060	SD
Zm00001eb424420	SD
Zm00001eb420720	SD
Zm00001eb014740	SD
Zm00001eb205380	SD
Zm00001eb376180	SD
Zm00001eb347660	SD
Zm00001eb368560	SD
Zm00001eb249130	SD
Zm00001eb120320	SD
Zm00001eb089620	SD
Zm00001eb062170	SD
Zm00001eb319760	SD
Zm00001eb217570	SD
Zm00001eb360510	SD
Zm00001eb065580	SD
Zm00001eb107230	SD
Zm00001eb206720	SD
Zm00001eb107500	SD
Zm00001eb358630	SD
Zm00001eb272770	SD
Zm00001eb368330	SD
Zm00001eb048640	SD
Zm00001eb245340	SD
Zm00001eb093930	SD
Zm00001eb217310	SD
Zm00001eb354540	SD
Zm00001eb064390	SD
Zm00001eb022680	SD
Zm00001eb428380	SD
Zm00001eb191210	SD
Zm00001eb242300	SD
Zm00001eb321690	SD
Zm00001eb353030	SD
Zm00001eb101860	SD
Zm00001eb060720	SD
Zm00001eb032280	SD
Zm00001eb380690	SD
Zm00001eb360690	SD
Zm00001eb358960	SD
Zm00001eb205860	SD
Zm00001eb135920	SD
Zm00001eb187650	SD
Zm00001eb085950	SD
Zm00001eb148650	SD
Zm00001eb433520	SD
Zm00001eb127970	SD
Zm00001eb368970	SD
Zm00001eb401700	SD
Zm00001eb279760	SD
Zm00001eb256160	SD
Zm00001eb199900	SD
Zm00001eb327410	SD
Zm00001eb421990	SD
Zm00001eb275490	SD
Zm00001eb038450	SD
Zm00001eb322910	SD
Zm00001eb267630	SD
Zm00001eb079980	SD
Zm00001eb190810	SD
Zm00001eb303690	SD
Zm00001eb023130	SD
Zm00001eb007670	SD
Zm00001eb142400	SD
Zm00001eb074760	SD
Zm00001eb295890	SD
Zm00001eb128130	SD
Zm00001eb326900	SD
Zm00001eb289730	SD
Zm00001eb212620	SD
Zm00001eb312190	SD
Zm00001eb417630	SD
Zm00001eb058280	SD
Zm00001eb330450	SD
Zm00001eb385280	SD
Zm00001eb306270	SD
Zm00001eb036840	SD
Zm00001eb397440	SD
Zm00001eb240190	SD
Zm00001eb163760	SD
Zm00001eb205250	SD
Zm00001eb270160	SD
Zm00001eb260570	SD
Zm00001eb016690	SD
Zm00001eb143400	SD
Zm00001eb204490	SD
Zm00001eb258970	SD
Zm00001eb102580	SD
Zm00001eb433860	SD
Zm00001eb254940	SD
Zm00001eb338610	SD
Zm00001eb241850	SD
Zm00001eb372380	SD
Zm00001eb256600	SD
Zm00001eb117190	SD
Zm00001eb212970	SD
Zm00001eb392450	SD
Zm00001eb387370	SD
Zm00001eb119080	SD
Zm00001eb319770	SD
Zm00001eb039620	SD
Zm00001eb090960	SD
Zm00001eb095110	SD
Zm00001eb104780	SD
Zm00001eb359500	SD
Zm00001eb214610	SD
Zm00001eb358300	SD
Zm00001eb403940	SD
Zm00001eb194530	SD
Zm00001eb350370	SD
Zm00001eb249490	SD
Zm00001eb356490	SD
Zm00001eb128570	SD
Zm00001eb155610	SD
Zm00001eb266690	SD
Zm00001eb329840	SD
Zm00001eb144760	SD
Zm00001eb040220	SD
Zm00001eb051050	SD
Zm00001eb312600	SD
Zm00001eb080540	SD
Zm00001eb248150	SD
Zm00001eb296720	SD
Zm00001eb079500	SD
Zm00001eb254520	SD
Zm00001eb310260	SD
Zm00001eb159520	SD
Zm00001eb015170	SD
Zm00001eb380290	SD
Zm00001eb397180	SD
Zm00001eb327230	SD
Zm00001eb361040	SD
Zm00001eb253320	SD
Zm00001eb253280	SD
Zm00001eb007000	SD
Zm00001eb337280	SD
Zm00001eb108930	SD
Zm00001eb212580	SD
Zm00001eb377540	SD
Zm00001eb067150	SD
Zm00001eb249940	SD
Zm00001eb219100	SD
Zm00001eb072360	SD
Zm00001eb257880	SD
Zm00001eb357490	SD
Zm00001eb391580	SD
Zm00001eb096990	SD
Zm00001eb016880	SD
Zm00001eb048160	SD
Zm00001eb172270	SD
Zm00001eb096970	SD
Zm00001eb298130	SD
Zm00001eb191780	SD
Zm00001eb051140	SD
Zm00001eb100360	SD
Zm00001eb145390	SD
Zm00001eb430820	SD
Zm00001eb429800	SD
Zm00001eb314890	SD
Zm00001eb001120	SD
Zm00001eb100770	SD
Zm00001eb171840	SD
Zm00001eb292690	SD
Zm00001eb359110	SD
Zm00001eb117520	SD
Zm00001eb206820	SD
Zm00001eb188460	SD
Zm00001eb243960	SD
Zm00001eb332640	SD
Zm00001eb396200	SD
Zm00001eb217610	SD
Zm00001eb389980	SD
Zm00001eb301680	SD
Zm00001eb337510	SD
Zm00001eb393720	SD
Zm00001eb075470	SD
Zm00001eb311180	SD
Zm00001eb288110	SD
Zm00001eb399360	SD
Zm00001eb395720	SD
Zm00001eb387350	SD
Zm00001eb009550	SD
Zm00001eb338180	SD
Zm00001eb145950	SD
Zm00001eb173520	SD
Zm00001eb291540	SD
Zm00001eb295580	SD
Zm00001eb296270	SD
Zm00001eb297160	SD
Zm00001eb254540	SD
Zm00001eb293730	SD
Zm00001eb299760	SD
Zm00001eb249290	SD
Zm00001eb194590	SD
Zm00001eb022120	SD
Zm00001eb355170	SD
Zm00001eb185110	SD
Zm00001eb028460	SD
Zm00001eb078570	SD
Zm00001eb264050	SD
Zm00001eb247920	SD
Zm00001eb103200	SD
Zm00001eb249600	SD
Zm00001eb212930	SD
Zm00001eb248590	SD
Zm00001eb367970	SD
Zm00001eb278680	SD
Zm00001eb377480	SD
Zm00001eb199160	SD
Zm00001eb359250	SD
Zm00001eb326780	SD
Zm00001eb233740	SD
Zm00001eb344100	SD
Zm00001eb327790	SD
Zm00001eb149760	SD
Zm00001eb250650	SD
Zm00001eb056790	SD
Zm00001eb323700	SD
Zm00001eb147030	SD
Zm00001eb011060	SD
Zm00001eb106810	SD
Zm00001eb161830	SD
Zm00001eb052980	SD
Zm00001eb344730	SD
Zm00001eb414450	SD
Zm00001eb004470	SD
Zm00001eb248560	SD
Zm00001eb187670	SD
Zm00001eb173360	SD
Zm00001eb148630	SD
Zm00001eb102950	SD
Zm00001eb020120	SD
Zm00001eb023180	SD
Zm00001eb352100	SD
Zm00001eb404120	SD
Zm00001eb100890	SD
Zm00001eb052730	SD
Zm00001eb017260	SD
Zm00001eb295930	SD
Zm00001eb250120	SD
Zm00001eb363240	SD
Zm00001eb066620	SD
Zm00001eb327880	SD
Zm00001eb399390	SD
Zm00001eb039630	SD
Zm00001eb070970	SD
Zm00001eb105790	SD
Zm00001eb070700	SD
Zm00001eb163210	SD
Zm00001eb104870	SD
Zm00001eb127190	SD
Zm00001eb149690	SD
Zm00001eb186290	SD
Zm00001eb197090	SD
Zm00001eb097180	SD
Zm00001eb185300	SD
Zm00001eb306400	SD
Zm00001eb247760	SD
Zm00001eb020090	SD
Zm00001eb433400	SD
Zm00001eb365950	SD
Zm00001eb155280	SD
Zm00001eb115400	SD
Zm00001eb093150	SD
Zm00001eb326150	SD
Zm00001eb190440	SD
Zm00001eb285560	SD
Zm00001eb072580	SD
Zm00001eb182490	SD
Zm00001eb257850	SD
Zm00001eb362200	SD
Zm00001eb296430	SD
Zm00001eb356180	SD
Zm00001eb208490	SD
Zm00001eb058370	SD
Zm00001eb129480	SD
Zm00001eb151480	SD
Zm00001eb155670	SD
Zm00001eb036610	SD
Zm00001eb189130	SD
Zm00001eb284010	SD
Zm00001eb360010	SD
Zm00001eb041180	SD
Zm00001eb401560	SD
Zm00001eb211010	SD
Zm00001eb101130	SD
Zm00001eb061060	SD
Zm00001eb143960	SD
Zm00001eb205970	SD
Zm00001eb386220	SD
Zm00001eb100420	SD
Zm00001eb234680	SD
Zm00001eb389430	SD
Zm00001eb343460	SD
Zm00001eb198640	SD
Zm00001eb372900	SD
Zm00001eb210460	SD
Zm00001eb161360	SD
Zm00001eb296770	SD
Zm00001eb075170	SD
Zm00001eb430510	SD
Zm00001eb221560	SD
Zm00001eb388030	SD
Zm00001eb098560	SD
Zm00001eb128710	SD
Zm00001eb324100	SD
Zm00001eb079230	SD
Zm00001eb052690	SD
Zm00001eb015550	SD
Zm00001eb424380	SD
Zm00001eb290910	SD
Zm00001eb356530	SD
Zm00001eb054520	SD
Zm00001eb127720	SD
Zm00001eb117280	SD
Zm00001eb023220	SD
Zm00001eb119450	SD
Zm00001eb098960	SD
Zm00001eb033660	SD
Zm00001eb011640	SD
Zm00001eb010490	SD
Zm00001eb266390	SD
Zm00001eb228500	SD
Zm00001eb352800	SD
Zm00001eb329090	SD
Zm00001eb325630	SD
Zm00001eb257530	SD
Zm00001eb329500	SD
Zm00001eb338700	SD
Zm00001eb391450	SD
Zm00001eb275390	SD
Zm00001eb317810	SD
Zm00001eb230820	SD
Zm00001eb387140	SD
Zm00001eb247370	SD
Zm00001eb396050	SD
Zm00001eb425600	SD
Zm00001eb289160	SD
Zm00001eb364260	SD
Zm00001eb395390	SD
Zm00001eb303680	SD
Zm00001eb058630	SD
Zm00001eb193790	SD
Zm00001eb057540	SD
Zm00001eb370720	SD
Zm00001eb329780	SD
Zm00001eb416170	SD
Zm00001eb102500	SD
Zm00001eb397760	SD
Zm00001eb078730	SD
Zm00001eb312380	SD
Zm00001eb213420	SD
Zm00001eb103050	SD
Zm00001eb159810	SD
Zm00001eb024230	SD
Zm00001eb303080	SD
Zm00001eb016140	SD
Zm00001eb149860	SD
Zm00001eb184890	SD
Zm00001eb393580	SD
Zm00001eb074930	SD
Zm00001eb101630	SD
Zm00001eb160060	SD
Zm00001eb427650	SD
Zm00001eb397770	SD
Zm00001eb288160	SD
Zm00001eb146520	SD
Zm00001eb221780	SD
Zm00001eb120430	SD
Zm00001eb157680	SD
Zm00001eb250540	SD
Zm00001eb280660	SD
Zm00001eb253260	SD
Zm00001eb389410	SD
Zm00001eb317000	SD
Zm00001eb355860	SD
Zm00001eb325890	SD
Zm00001eb294230	SD
Zm00001eb154940	SD
Zm00001eb184410	SD
Zm00001eb393690	SD
Zm00001eb057700	SD
Zm00001eb249440	SD
Zm00001eb359530	SD
Zm00001eb426670	SD
Zm00001eb427470	SD
Zm00001eb356450	SD
Zm00001eb078070	SD
Zm00001eb368850	SD
Zm00001eb075050	SD
Zm00001eb003070	SD
Zm00001eb099370	SD
Zm00001eb335790	SD
Zm00001eb190280	SD
Zm00001eb147090	SD
Zm00001eb310830	SD
Zm00001eb402730	SD
Zm00001eb125130	SD
Zm00001eb228170	SD
Zm00001eb257170	SD
Zm00001eb373160	SD
Zm00001eb366670	SD
Zm00001eb146670	SD
Zm00001eb349310	SD
Zm00001eb400750	SD
Zm00001eb082750	SD
Zm00001eb105560	SD
Zm00001eb017970	SD
Zm00001eb380810	SD
Zm00001eb357390	SD
Zm00001eb234600	SD
Zm00001eb390210	SD
Zm00001eb208700	SD
Zm00001eb359760	SD
Zm00001eb160640	SD
Zm00001eb197500	SD
Zm00001eb154850	SD
Zm00001eb006970	SD
Zm00001eb398790	SD
Zm00001eb027780	SD
Zm00001eb222370	SD
Zm00001eb231490	SD
Zm00001eb338880	SD
Zm00001eb212470	SD
Zm00001eb101280	SD
Zm00001eb064710	SD
Zm00001eb187330	SD
Zm00001eb075810	SD
Zm00001eb319460	SD
Zm00001eb188310	SD
Zm00001eb275130	SD
Zm00001eb179560	SD
Zm00001eb109680	SD
Zm00001eb044970	SD
Zm00001eb118120	SD
Zm00001eb421460	SD
Zm00001eb389870	SD
Zm00001eb059970	SD
Zm00001eb293370	SD
Zm00001eb040150	SD
Zm00001eb184540	SD
Zm00001eb103730	SD
Zm00001eb121600	SD
Zm00001eb125440	SD
Zm00001eb104790	SD
Zm00001eb104880	SD
Zm00001eb000370	SD
Zm00001eb022070	SD
Zm00001eb321720	SD
Zm00001eb391370	SD
Zm00001eb202690	SD
Zm00001eb007270	SD
Zm00001eb393270	SD
Zm00001eb319730	SD
Zm00001eb421530	SD
Zm00001eb110760	SD
Zm00001eb386770	SD
Zm00001eb404560	SD
Zm00001eb147710	SD
Zm00001eb035860	SD
Zm00001eb360250	SD
Zm00001eb179000	SD
Zm00001eb251510	SD
Zm00001eb186320	SD
Zm00001eb015940	SD
Zm00001eb329490	SD
Zm00001eb020660	SD
Zm00001eb084720	SD
Zm00001eb402430	SD
Zm00001eb326000	SD
Zm00001eb174000	SD
Zm00001eb242440	SD
Zm00001eb406760	SD
Zm00001eb374040	SD
Zm00001eb328920	SD
Zm00001eb327570	SD
Zm00001eb081540	SD
Zm00001eb311660	SD
Zm00001eb268790	SD
Zm00001eb325410	SD
Zm00001eb293510	SD
Zm00001eb123250	SD
Zm00001eb018460	SD
Zm00001eb429870	SD
Zm00001eb038070	SD
Zm00001eb315050	SD
Zm00001eb258390	SD
Zm00001eb335320	SD
Zm00001eb221430	SD
Zm00001eb208000	SD
Zm00001eb038860	SD
Zm00001eb199660	SD
Zm00001eb219530	SD
Zm00001eb225200	SD
Zm00001eb047590	SD
Zm00001eb110100	SD
Zm00001eb146100	SD
Zm00001eb201570	SD
Zm00001eb041600	SD
Zm00001eb245560	SD
Zm00001eb216900	SD
Zm00001eb315990	SD
Zm00001eb336500	SD
Zm00001eb384760	SD
Zm00001eb360530	SD
Zm00001eb330750	SD
Zm00001eb202890	SD
Zm00001eb248510	SD
Zm00001eb094350	SD
Zm00001eb023400	SD
Zm00001eb328390	SD
Zm00001eb120710	SD
Zm00001eb151170	SD
Zm00001eb074540	SD
Zm00001eb037530	SD
Zm00001eb335800	SD
Zm00001eb278830	SD
Zm00001eb343680	SD
Zm00001eb143580	SD
Zm00001eb119130	SD
Zm00001eb349920	SD
Zm00001eb044880	SD
Zm00001eb183830	SD
Zm00001eb413890	SD
Zm00001eb329550	SD
Zm00001eb047460	SD
Zm00001eb036750	SD
Zm00001eb038240	SD
Zm00001eb292930	SD
Zm00001eb109980	SD
Zm00001eb344420	SD
Zm00001eb172130	SD
Zm00001eb228050	SD
Zm00001eb103980	SD
Zm00001eb340570	SD
Zm00001eb405720	SD
Zm00001eb398670	SD
Zm00001eb103100	SD
Zm00001eb185830	SD
Zm00001eb158820	SD
Zm00001eb202670	SD
Zm00001eb287370	SD
Zm00001eb372420	SD
Zm00001eb104410	SD
Zm00001eb384990	SD
Zm00001eb332510	SD
Zm00001eb102210	SD
Zm00001eb206750	SD
Zm00001eb258230	SD
Zm00001eb407050	SD
Zm00001eb117150	SD
Zm00001eb193730	SD
Zm00001eb264730	SD
Zm00001eb313030	SD
Zm00001eb348550	SD
Zm00001eb100800	SD
Zm00001eb103250	SD
Zm00001eb318400	SD
Zm00001eb279640	SD
Zm00001eb097480	SD
Zm00001eb195570	SD
Zm00001eb193260	SD
Zm00001eb146230	SD
Zm00001eb193550	SD
Zm00001eb092480	SD
Zm00001eb198430	SD
Zm00001eb330770	SD
Zm00001eb180920	SD
Zm00001eb215010	SD
Zm00001eb431370	SD
Zm00001eb427040	SD
Zm00001eb074660	SD
Zm00001eb390860	SD
Zm00001eb369780	SD
Zm00001eb028980	SD
Zm00001eb321750	SD
Zm00001eb006550	SD
Zm00001eb075230	SD
Zm00001eb424290	SD
Zm00001eb122410	SD
Zm00001eb373370	SD
Zm00001eb372100	SD
Zm00001eb366690	SD
Zm00001eb425680	SD
Zm00001eb427210	SD
Zm00001eb215580	SD
Zm00001eb233230	SD
Zm00001eb248640	SD
Zm00001eb426970	SD
Zm00001eb291980	SD
Zm00001eb185160	SD
Zm00001eb082140	SD
Zm00001eb252880	SD
Zm00001eb224520	SD
Zm00001eb007860	SD
Zm00001eb151870	SD
Zm00001eb021800	SD
Zm00001eb243010	SD
Zm00001eb064010	SD
Zm00001eb428030	SD
Zm00001eb146690	SD
Zm00001eb010570	SD
Zm00001eb111290	SD
Zm00001eb186480	SD
Zm00001eb386260	SD
Zm00001eb257120	SD
Zm00001eb147890	SD
Zm00001eb102540	SD
Zm00001eb007870	SD
Zm00001eb363940	SD
Zm00001eb244960	SD
Zm00001eb148980	SD
Zm00001eb078770	SD
Zm00001eb213990	SD
Zm00001eb047360	SD
Zm00001eb187190	SD
Zm00001eb353820	SD
Zm00001eb022720	SD
Zm00001eb041230	SD
Zm00001eb335870	SD
Zm00001eb289320	SD
Zm00001eb160700	SD
Zm00001eb394420	SD
Zm00001eb075300	SD
Zm00001eb146660	SD
Zm00001eb013300	SD
Zm00001eb060660	SD
Zm00001eb244920	SD
Zm00001eb342330	SD
Zm00001eb270380	SD
Zm00001eb265710	SD
Zm00001eb368490	SD
Zm00001eb146960	SD
Zm00001eb194500	SD
Zm00001eb433910	SD
Zm00001eb022240	SD
Zm00001eb294780	SD
Zm00001eb139830	SD
Zm00001eb074510	SD
Zm00001eb398110	SD
Zm00001eb249450	SD
Zm00001eb352540	SD
Zm00001eb342910	SD
Zm00001eb416800	SD
Zm00001eb427520	SD
Zm00001eb145370	SD
Zm00001eb153940	SD
Zm00001eb316270	SD
Zm00001eb348490	SD
Zm00001eb233560	SD
Zm00001eb091630	SD
Zm00001eb317130	SD
Zm00001eb037200	SD
Zm00001eb149090	SD
Zm00001eb402630	SD
Zm00001eb212410	SD
Zm00001eb010340	SD
Zm00001eb366890	SD
Zm00001eb041780	SD
Zm00001eb211730	SD
Zm00001eb099420	SD
Zm00001eb294940	SD
Zm00001eb335300	SD
Zm00001eb100130	SD
Zm00001eb122690	SD
Zm00001eb402080	SD
Zm00001eb087650	SD
Zm00001eb204420	SD
Zm00001eb077170	SD
Zm00001eb061300	SD
Zm00001eb274340	SD
Zm00001eb157410	SD
Zm00001eb250560	SD
Zm00001eb293480	SD
Zm00001eb239430	SD
Zm00001eb072290	SD
Zm00001eb197620	SD
Zm00001eb103720	SD
Zm00001eb040070	SD
Zm00001eb107180	SD
Zm00001eb353610	SD
Zm00001eb193040	SD
Zm00001eb253750	SD
Zm00001eb398660	SD
Zm00001eb344600	SD
Zm00001eb194320	SD
Zm00001eb251300	SD
Zm00001eb008690	SD
Zm00001eb195010	SD
Zm00001eb105640	SD
Zm00001eb273120	SD
Zm00001eb130410	SD
Zm00001eb397560	SD
Zm00001eb403200	SD
Zm00001eb249680	SD
Zm00001eb061640	SD
Zm00001eb100010	SD
Zm00001eb051150	SD
Zm00001eb426710	SD
Zm00001eb097040	SD
Zm00001eb400970	SD
Zm00001eb274710	SD
Zm00001eb066480	SD
Zm00001eb159260	SD
Zm00001eb222820	SD
Zm00001eb428410	SD
Zm00001eb253670	SD
Zm00001eb282300	SD
Zm00001eb141230	SD
Zm00001eb315000	SD
Zm00001eb358060	SD
Zm00001eb256950	SD
Zm00001eb396130	SD
Zm00001eb060070	SD
Zm00001eb068530	SD
Zm00001eb384710	SD
Zm00001eb398880	SD
Zm00001eb393110	SD
Zm00001eb360570	SD
Zm00001eb195460	SD
Zm00001eb312010	SD
Zm00001eb335080	SD
Zm00001eb211910	SD
Zm00001eb362350	SD
Zm00001eb343340	SD
Zm00001eb162290	SD
Zm00001eb303530	SD
Zm00001eb267580	SD
Zm00001eb037960	SD
Zm00001eb108920	SD
Zm00001eb215030	SD
Zm00001eb062440	SD
Zm00001eb335910	SD
Zm00001eb375510	SD
Zm00001eb094960	SD
Zm00001eb279840	SD
Zm00001eb263670	SD
Zm00001eb004260	SD
Zm00001eb136720	SD
Zm00001eb184080	SD
Zm00001eb366760	SD
Zm00001eb020350	SD
Zm00001eb427430	SD
Zm00001eb157160	SD
Zm00001eb337950	SD
Zm00001eb180720	SD
Zm00001eb150180	SD
Zm00001eb252740	SD
Zm00001eb003470	SD
Zm00001eb393530	SD
Zm00001eb186570	SD
Zm00001eb197220	SD
Zm00001eb207130	SD
Zm00001eb317890	SD
Zm00001eb044660	SD
Zm00001eb336370	SD
Zm00001eb101680	SD
Zm00001eb059560	SD
Zm00001eb304600	SD
Zm00001eb070030	SD
Zm00001eb370560	SD
Zm00001eb246630	SD
Zm00001eb344240	SD
Zm00001eb434320	SD
Zm00001eb326680	SD
Zm00001eb284070	SD
Zm00001eb246590	SD
Zm00001eb329530	SD
Zm00001eb071460	SD
Zm00001eb194200	SD
Zm00001eb350730	SD
Zm00001eb057470	SD
Zm00001eb041460	SD
Zm00001eb098270	SD
Zm00001eb152120	SD
Zm00001eb101080	SD
Zm00001eb290220	SD
Zm00001eb366770	SD
Zm00001eb100910	SD
Zm00001eb351880	SD
Zm00001eb414310	SD
Zm00001eb315310	SD
Zm00001eb401790	SD
Zm00001eb190020	SD
Zm00001eb243890	SD
Zm00001eb294400	SD
Zm00001eb104970	SD
Zm00001eb186820	SD
Zm00001eb064520	SD
Zm00001eb394740	SD
Zm00001eb146950	SD
Zm00001eb373960	SD
Zm00001eb304350	SD
Zm00001eb362800	SD
Zm00001eb327870	SD
Zm00001eb330640	SD
Zm00001eb017180	SD
Zm00001eb319500	SD
Zm00001eb399240	SD
Zm00001eb345080	SD
Zm00001eb075400	SD
Zm00001eb065850	SD
Zm00001eb430450	SD
Zm00001eb431910	SD
Zm00001eb111750	SD
Zm00001eb292430	SD
Zm00001eb103330	SD
Zm00001eb400500	SD
Zm00001eb050310	SD
Zm00001eb317770	SD
Zm00001eb109810	SD
Zm00001eb011470	SD
Zm00001eb270240	SD
Zm00001eb101420	SD
Zm00001eb248300	SD
Zm00001eb231220	SD
Zm00001eb140260	SD
Zm00001eb102450	SD
Zm00001eb075580	SD
Zm00001eb085050	SD
Zm00001eb281870	SD
Zm00001eb375570	SD
Zm00001eb122740	SD
Zm00001eb417140	SD
Zm00001eb355790	SD
Zm00001eb403820	SD
Zm00001eb432060	SD
Zm00001eb314810	SD
Zm00001eb100380	SD
Zm00001eb397280	SD
Zm00001eb123870	SD
Zm00001eb366050	SD
Zm00001eb219300	SD
Zm00001eb369850	SD
Zm00001eb140730	SD
Zm00001eb369560	SD
Zm00001eb074180	SD
Zm00001eb214740	SD
Zm00001eb370500	SD
Zm00001eb406340	SD
Zm00001eb078600	SD
Zm00001eb396690	SD
Zm00001eb152830	SD
Zm00001eb221650	SD
Zm00001eb394490	SD
Zm00001eb081390	SD
Zm00001eb162550	SD
Zm00001eb183200	SD
Zm00001eb216060	SD
Zm00001eb260280	SD
Zm00001eb274360	SD
Zm00001eb033670	SD
Zm00001eb426880	SD
Zm00001eb245070	SD
Zm00001eb041800	SD
Zm00001eb006930	SD
Zm00001eb038320	SD
Zm00001eb277570	SD
Zm00001eb339850	SD
Zm00001eb278450	SD
Zm00001eb006360	SD
Zm00001eb108210	SD
Zm00001eb276620	SD
Zm00001eb007950	SD
Zm00001eb079190	SD
Zm00001eb142760	SD
Zm00001eb421640	SD
Zm00001eb327210	SD
Zm00001eb273240	SD
Zm00001eb320370	SD
Zm00001eb157720	SD
Zm00001eb174060	SD
Zm00001eb193120	SD
Zm00001eb245300	SD
Zm00001eb092690	SD
Zm00001eb366440	SD
Zm00001eb255480	SD
Zm00001eb154390	SD
Zm00001eb318900	SD
Zm00001eb354260	SD
Zm00001eb348850	SD
Zm00001eb108490	SD
Zm00001eb214070	SD
Zm00001eb109190	SD
Zm00001eb384700	SD
Zm00001eb056870	SD
Zm00001eb004030	SD
Zm00001eb004630	SD
Zm00001eb058550	SD
Zm00001eb274330	SD
Zm00001eb277690	SD
Zm00001eb150840	SD
Zm00001eb340290	SD
Zm00001eb230510	SD
Zm00001eb248610	SD
Zm00001eb143270	SD
Zm00001eb294370	SD
Zm00001eb089680	SD
Zm00001eb343640	SD
Zm00001eb245180	SD
Zm00001eb342660	SD
Zm00001eb041990	SD
Zm00001eb255860	SD
Zm00001eb187250	SD
Zm00001eb109950	SD
Zm00001eb186280	SD
Zm00001eb404570	SD
Zm00001eb100050	SD
Zm00001eb367200	SD
Zm00001eb393430	SD
Zm00001eb229950	SD
Zm00001eb054800	SD
Zm00001eb107150	SD
Zm00001eb248210	SD
Zm00001eb317720	SD
Zm00001eb193060	SD
Zm00001eb283560	SD
Zm00001eb064080	SD
Zm00001eb370770	SD
Zm00001eb397400	SD
Zm00001eb255670	SD
Zm00001eb040350	SD
Zm00001eb217370	SD
Zm00001eb418960	SD
Zm00001eb361330	SD
Zm00001eb152630	SD
Zm00001eb327450	SD
Zm00001eb155080	SD
Zm00001eb209830	SD
Zm00001eb005990	SD
Zm00001eb352580	SD
Zm00001eb013870	SD
Zm00001eb429400	SD
Zm00001eb060950	SD
Zm00001eb184610	SD
Zm00001eb360900	SD
Zm00001eb421610	SD
Zm00001eb403750	SD
Zm00001eb219490	SD
Zm00001eb403030	SD
Zm00001eb220790	SD
Zm00001eb114260	SD
Zm00001eb292790	SD
Zm00001eb036920	SD
Zm00001eb151280	SD
Zm00001eb405430	SD
Zm00001eb348760	SD
Zm00001eb163260	SD
Zm00001eb242760	SD
Zm00001eb146130	SD
Zm00001eb021920	SD
Zm00001eb378390	SD
Zm00001eb211780	SD
Zm00001eb194620	SD
Zm00001eb135570	SD
Zm00001eb119790	SD
Zm00001eb040530	SD
Zm00001eb359540	SD
Zm00001eb292680	SD
Zm00001eb052520	SD
Zm00001eb276700	SD
Zm00001eb348810	SD
Zm00001eb218020	SD
Zm00001eb332360	SD
Zm00001eb249260	SD
Zm00001eb101340	SD
Zm00001eb110070	SD
Zm00001eb291610	SD
Zm00001eb353670	SD
Zm00001eb328400	SD
Zm00001eb416660	SD
Zm00001eb130210	SD
Zm00001eb153470	SD
Zm00001eb269500	SD
Zm00001eb099460	SD
Zm00001eb209930	SD
Zm00001eb001670	SD
Zm00001eb425720	SD
Zm00001eb031030	SD
Zm00001eb207850	SD
Zm00001eb136950	SD
Zm00001eb059770	SD
Zm00001eb044960	SD
Zm00001eb289720	SD
Zm00001eb364520	SD
Zm00001eb186490	SD
Zm00001eb331480	SD
Zm00001eb364380	SD
Zm00001eb236060	SD
Zm00001eb328440	SD
Zm00001eb371340	SD
Zm00001eb031190	SD
Zm00001eb315330	SD
Zm00001eb214040	SD
Zm00001eb004140	SD
Zm00001eb061000	SD
Zm00001eb318060	SD
Zm00001eb217160	SD
Zm00001eb294860	SD
Zm00001eb227450	SD
Zm00001eb054880	SD
Zm00001eb079910	SD
Zm00001eb256910	SD
Zm00001eb204410	SD
Zm00001eb419900	SD
Zm00001eb053810	SD
Zm00001eb266260	SD
Zm00001eb371270	SD
Zm00001eb388550	SD
Zm00001eb290990	SD
Zm00001eb006150	SD
Zm00001eb041900	SD
Zm00001eb051060	SD
Zm00001eb352140	SD
Zm00001eb253240	SD
Zm00001eb362850	SD
Zm00001eb327140	SD
Zm00001eb002800	SD
Zm00001eb413180	SD
Zm00001eb233530	SD
Zm00001eb114360	SD
Zm00001eb248630	SD
Zm00001eb217750	SD
Zm00001eb413250	SD
Zm00001eb019630	SD
Zm00001eb243730	SD
Zm00001eb148580	SD
Zm00001eb083540	SD
Zm00001eb337260	SD
Zm00001eb339990	SD
Zm00001eb413260	SD
Zm00001eb030890	SD
Zm00001eb214280	SD
Zm00001eb139490	SD
Zm00001eb142080	SD
Zm00001eb146800	SD
Zm00001eb422110	SD
Zm00001eb059930	SD
Zm00001eb142330	SD
Zm00001eb094970	SD
Zm00001eb106250	SD
Zm00001eb135050	SD
Zm00001eb398870	SD
Zm00001eb198550	SD
Zm00001eb387550	SD
Zm00001eb378800	SD
Zm00001eb210500	SD
Zm00001eb329850	SD
Zm00001eb158370	SD
Zm00001eb059090	SD
Zm00001eb012900	SD
Zm00001eb358220	SD
Zm00001eb302680	SD
Zm00001eb397230	SD
Zm00001eb019920	SD
Zm00001eb179280	SD
Zm00001eb430640	SD
Zm00001eb284120	SD
Zm00001eb396730	SD
Zm00001eb066870	SD
Zm00001eb116400	SD
Zm00001eb296560	SD
Zm00001eb360590	SD
Zm00001eb361180	SD
Zm00001eb272550	SD
Zm00001eb309580	SD
Zm00001eb294180	SD
Zm00001eb155310	SD
Zm00001eb213000	SD
Zm00001eb193370	SD
Zm00001eb271910	SD
Zm00001eb179820	SD
Zm00001eb204450	SD
Zm00001eb149230	SD
Zm00001eb369690	SD
Zm00001eb187290	SD
Zm00001eb061310	SD
Zm00001eb074730	SD
Zm00001eb286220	SD
Zm00001eb376140	SD
Zm00001eb058830	SD
Zm00001eb353330	SD
Zm00001eb195550	SD
Zm00001eb242120	SD
Zm00001eb050330	SD
Zm00001eb328970	SD
Zm00001eb301140	SD
Zm00001eb013780	SD
Zm00001eb430320	SD
Zm00001eb248270	SD
Zm00001eb157350	SD
Zm00001eb104110	SD
Zm00001eb426200	SD
Zm00001eb043850	SD
Zm00001eb103500	SD
Zm00001eb081100	SD
Zm00001eb152680	SD
Zm00001eb010170	SD
Zm00001eb183410	SD
Zm00001eb244980	SD
Zm00001eb319570	SD
Zm00001eb334200	SD
Zm00001eb207660	SD
Zm00001eb193940	SD
Zm00001eb405310	SD
Zm00001eb099480	SD
Zm00001eb187170	SD
Zm00001eb129440	SD
Zm00001eb136170	SD
Zm00001eb262430	SD
Zm00001eb002240	SD
Zm00001eb206340	SD
Zm00001eb156330	SD
Zm00001eb302700	SD
Zm00001eb256300	SD
Zm00001eb223580	SD
Zm00001eb335820	SD
Zm00001eb185560	SD
Zm00001eb172110	SD
Zm00001eb405140	SD
Zm00001eb211120	SD
Zm00001eb348670	SD
Zm00001eb204180	SD
Zm00001eb384860	SD
Zm00001eb006850	SD
Zm00001eb064470	SD
Zm00001eb290310	SD
Zm00001eb323460	SD
Zm00001eb292740	SD
Zm00001eb273070	SD
Zm00001eb386280	SD
Zm00001eb249470	SD
Zm00001eb433890	SD
Zm00001eb394200	SD
Zm00001eb275650	SD
Zm00001eb423300	SD
Zm00001eb311820	SD
Zm00001eb001760	SD
Zm00001eb150320	SD
Zm00001eb098230	SD
Zm00001eb191170	SD
Zm00001eb099070	SD
Zm00001eb068050	SD
Zm00001eb076740	SD
Zm00001eb039550	SD
Zm00001eb373490	SD
Zm00001eb394060	SD
Zm00001eb387020	SD
Zm00001eb343780	SD
Zm00001eb021990	SD
Zm00001eb212510	SD
Zm00001eb098620	SD
Zm00001eb222340	SD
Zm00001eb276740	SD
Zm00001eb372070	SD
Zm00001eb213870	SD
Zm00001eb120650	SD
Zm00001eb136080	SD
Zm00001eb237980	SD
Zm00001eb293350	SD
Zm00001eb326200	SD
Zm00001eb062530	SD
Zm00001eb402760	SD
Zm00001eb370570	SD
Zm00001eb270050	SD
Zm00001eb046750	SD
Zm00001eb432360	SD
Zm00001eb241800	SD
Zm00001eb363050	SD
Zm00001eb094940	SD
Zm00001eb354270	SD
Zm00001eb220990	SD
Zm00001eb185480	SD
Zm00001eb431080	SD
Zm00001eb254260	SD
Zm00001eb433090	SD
Zm00001eb281550	SD
Zm00001eb081280	SD
Zm00001eb045240	SD
Zm00001eb076070	SD
Zm00001eb213110	SD
Zm00001eb036760	SD
Zm00001eb151450	SD
Zm00001eb045800	SD
Zm00001eb187410	SD
Zm00001eb215040	SD
Zm00001eb279290	SD
Zm00001eb390900	SD
Zm00001eb102770	SD
Zm00001eb003110	SD
Zm00001eb277340	SD
Zm00001eb334090	SD
Zm00001eb249210	SD
Zm00001eb343410	SD
Zm00001eb355150	SD
Zm00001eb374880	SD
Zm00001eb024490	SD
Zm00001eb193960	SD
Zm00001eb149740	SD
Zm00001eb362120	SD
Zm00001eb195320	SD
Zm00001eb243290	SD
Zm00001eb233860	SD
Zm00001eb255450	SD
Zm00001eb123000	SD
Zm00001eb304490	SD
Zm00001eb349060	SD
Zm00001eb014210	SD
Zm00001eb427680	SD
Zm00001eb410530	SD
Zm00001eb018140	SD
Zm00001eb433840	SD
Zm00001eb417070	SD
Zm00001eb386910	SD
Zm00001eb394470	SD
Zm00001eb189410	SD
Zm00001eb097050	SD
Zm00001eb364830	SD
Zm00001eb279060	SD
Zm00001eb052620	SD
Zm00001eb272170	SD
Zm00001eb432030	SD
Zm00001eb425920	SD
Zm00001eb234870	SD
Zm00001eb053790	SD
Zm00001eb211860	SD
Zm00001eb059720	SD
Zm00001eb323470	SD
Zm00001eb366710	SD
Zm00001eb100540	SD
Zm00001eb221810	SD
Zm00001eb028370	SD
Zm00001eb425590	SD
Zm00001eb005360	SD
Zm00001eb396950	SD
Zm00001eb330020	SD
Zm00001eb075370	SD
Zm00001eb017320	SD
Zm00001eb362760	SD
Zm00001eb074880	SD
Zm00001eb106580	SD
Zm00001eb289520	SD
Zm00001eb249100	SD
Zm00001eb255760	SD
Zm00001eb125270	SD
Zm00001eb404010	SD
Zm00001eb149120	SD
Zm00001eb021440	SD
Zm00001eb249340	SD
Zm00001eb369700	SD
Zm00001eb071470	SD
Zm00001eb321990	SD
Zm00001eb143000	SD
Zm00001eb014980	SD
Zm00001eb432720	SD
Zm00001eb357510	SD
Zm00001eb255230	SD
Zm00001eb032110	SD
Zm00001eb110130	SD
Zm00001eb434010	SD
Zm00001eb400130	SD
Zm00001eb266420	SD
Zm00001eb104320	SD
Zm00001eb194470	SD
Zm00001eb360090	SD
Zm00001eb291720	SD
Zm00001eb222420	SD
Zm00001eb031830	SD
Zm00001eb095030	SD
Zm00001eb433230	SD
Zm00001eb365700	SD
Zm00001eb185900	SD
Zm00001eb057690	SD
Zm00001eb421540	SD
Zm00001eb293470	SD
Zm00001eb252030	SD
Zm00001eb290630	SD
Zm00001eb294170	SD
Zm00001eb383530	SD
Zm00001eb292980	SD
Zm00001eb434140	SD
Zm00001eb148520	SD
Zm00001eb302760	SD
Zm00001eb318180	SD
Zm00001eb156470	SD
Zm00001eb361090	SD
Zm00001eb264630	SD
Zm00001eb427340	SD
Zm00001eb366790	SD
Zm00001eb156710	SD
Zm00001eb155570	SD
Zm00001eb016960	SD
Zm00001eb233820	SD
Zm00001eb270850	SD
Zm00001eb248550	SD
Zm00001eb321580	SD
Zm00001eb387100	SD
Zm00001eb262130	SD
Zm00001eb431990	SD
Zm00001eb352760	SD
Zm00001eb238450	SD
Zm00001eb247530	SD
Zm00001eb387090	SD
Zm00001eb342710	SD
Zm00001eb084290	SD
Zm00001eb194690	SD
Zm00001eb111620	SD
Zm00001eb106290	SD
Zm00001eb322040	SD
Zm00001eb085510	SD
Zm00001eb327740	SD
Zm00001eb102510	SD
Zm00001eb387340	SD
Zm00001eb279340	SD
Zm00001eb171050	SD
Zm00001eb396640	SD
Zm00001eb085520	SD
Zm00001eb246140	SD
Zm00001eb068040	SD
Zm00001eb024270	SD
Zm00001eb131560	SD
Zm00001eb061390	SD
Zm00001eb111780	SD
Zm00001eb125870	SD
Zm00001eb199430	SD
Zm00001eb427400	SD
Zm00001eb359560	SD
Zm00001eb392290	SD
Zm00001eb301590	SD
Zm00001eb352570	SD
Zm00001eb254440	SD
Zm00001eb185130	SD
Zm00001eb102300	SD
Zm00001eb252230	SD
Zm00001eb033630	SD
Zm00001eb113280	SD
Zm00001eb239390	SD
Zm00001eb211530	SD
Zm00001eb342630	SD
Zm00001eb316220	SD
Zm00001eb126790	SD
Zm00001eb215980	SD
Zm00001eb033910	SD
Zm00001eb218190	SD
Zm00001eb330780	SD
Zm00001eb428110	SD
Zm00001eb183750	SD
Zm00001eb360290	SD
Zm00001eb048910	SD
Zm00001eb122760	SD
Zm00001eb397490	SD
Zm00001eb000980	SD
Zm00001eb110680	SD
Zm00001eb120590	SD
Zm00001eb108530	SD
Zm00001eb186060	SD
Zm00001eb075630	SD
Zm00001eb326830	SD
Zm00001eb433320	SD
Zm00001eb326310	SD
Zm00001eb221000	SD
Zm00001eb193820	SD
Zm00001eb208230	SD
Zm00001eb255570	SD
Zm00001eb189970	SD
Zm00001eb416580	SD
Zm00001eb161140	SD
Zm00001eb245220	SD
Zm00001eb431690	SD
Zm00001eb178110	SD
Zm00001eb291920	SD
Zm00001eb273390	SD
Zm00001eb251250	SD
Zm00001eb173510	SD
Zm00001eb422450	SD
Zm00001eb295090	SD
Zm00001eb103830	SD
Zm00001eb380530	SD
Zm00001eb353290	SD
Zm00001eb100670	SD
Zm00001eb108360	SD
Zm00001eb393180	SD
Zm00001eb312390	SD
Zm00001eb384740	SD
Zm00001eb315850	SD
Zm00001eb046600	SD
Zm00001eb101350	SD
Zm00001eb213090	SD
Zm00001eb310730	SD
Zm00001eb318100	SD
Zm00001eb357540	SD
Zm00001eb186300	SD
Zm00001eb351690	SD
Zm00001eb251580	SD
Zm00001eb083600	SD
Zm00001eb183270	SD
Zm00001eb046080	SD
Zm00001eb122320	SD
Zm00001eb072410	SD
Zm00001eb001530	SD
Zm00001eb137960	SD
Zm00001eb059550	SD
Zm00001eb120910	SD
Zm00001eb339110	SD
Zm00001eb300540	SD
Zm00001eb340890	SD
Zm00001eb285760	SD
Zm00001eb296730	SD
Zm00001eb432310	SD
Zm00001eb401140	SD
Zm00001eb080730	SD
Zm00001eb117910	SD
Zm00001eb226070	SD
Zm00001eb343080	SD
Zm00001eb041850	SD
Zm00001eb078560	SD
Zm00001eb402990	SD
Zm00001eb206480	SD
Zm00001eb254850	SD
Zm00001eb102340	SD
Zm00001eb201630	SD
Zm00001eb235930	SD
Zm00001eb263570	SD
Zm00001eb116960	SD
Zm00001eb363300	SD
Zm00001eb142990	SD
Zm00001eb279570	SD
Zm00001eb256750	SD
Zm00001eb217340	SD
Zm00001eb069720	SD
Zm00001eb388100	SD
Zm00001eb348870	SD
Zm00001eb119850	SD
Zm00001eb277150	SD
Zm00001eb321670	SD
Zm00001eb374000	SD
Zm00001eb375580	SD
Zm00001eb252690	SD
Zm00001eb367690	SD
Zm00001eb103320	SD
Zm00001eb042220	SD
Zm00001eb209910	SD
Zm00001eb082640	SD
Zm00001eb288540	SD
Zm00001eb107540	SD
Zm00001eb268660	SD
Zm00001eb177090	SD
Zm00001eb274440	SD
Zm00001eb303930	SD
Zm00001eb001680	SD
Zm00001eb122670	SD
Zm00001eb327300	SD
Zm00001eb028520	SD
Zm00001eb160790	SD
Zm00001eb393460	SD
Zm00001eb194630	SD
Zm00001eb113200	SD
Zm00001eb097740	SD
Zm00001eb251090	SD
Zm00001eb279820	SD
Zm00001eb313760	SD
Zm00001eb143410	SD
Zm00001eb356880	SD
Zm00001eb212330	SD
Zm00001eb322660	SD
Zm00001eb015800	SD
Zm00001eb091360	SD
Zm00001eb147010	SD
Zm00001eb183380	SD
Zm00001eb170050	SD
Zm00001eb069740	SD
Zm00001eb193720	SD
Zm00001eb428450	SD
Zm00001eb384770	SD
Zm00001eb241530	SD
Zm00001eb082480	SD
Zm00001eb204910	SD
Zm00001eb318290	SD
Zm00001eb265250	SD
Zm00001eb371960	SD
Zm00001eb036630	SD
Zm00001eb335140	SD
Zm00001eb150830	SD
Zm00001eb063360	SD
Zm00001eb240420	SD
Zm00001eb288320	SD
Zm00001eb191740	SD
Zm00001eb391120	SD
Zm00001eb161390	SD
Zm00001eb413930	SD
Zm00001eb206700	SD
Zm00001eb289700	SD
Zm00001eb192760	SD
Zm00001eb216440	SD
Zm00001eb219560	SD
Zm00001eb361120	SD
Zm00001eb300790	SD
Zm00001eb313650	SD
Zm00001eb179750	SD
Zm00001eb058820	SD
Zm00001eb096510	SD
Zm00001eb250960	SD
Zm00001eb178840	SD
Zm00001eb255100	SD
Zm00001eb389560	SD
Zm00001eb401060	SD
Zm00001eb291200	SD
Zm00001eb098880	SD
Zm00001eb216950	SD
Zm00001eb190150	SD
Zm00001eb293070	SD
Zm00001eb108340	SD
Zm00001eb007810	SD
Zm00001eb145940	SD
Zm00001eb226900	SD
Zm00001eb113590	SD
Zm00001eb077160	SD
Zm00001eb248800	SD
Zm00001eb020110	SD
Zm00001eb421910	SD
Zm00001eb227130	SD
Zm00001eb157660	SD
Zm00001eb359800	SD
Zm00001eb351380	SD
Zm00001eb403000	SD
Zm00001eb278840	SD
Zm00001eb150260	SD
Zm00001eb348790	SD
Zm00001eb361130	SD
Zm00001eb288490	SD
Zm00001eb046980	SD
Zm00001eb212170	SD
Zm00001eb075740	SD
Zm00001eb205550	SD
Zm00001eb127600	SD
Zm00001eb276500	SD
Zm00001eb193640	SD
Zm00001eb037890	SD
Zm00001eb291970	SD
Zm00001eb120820	SD
Zm00001eb384890	SD
Zm00001eb049200	SD
Zm00001eb213230	SD
Zm00001eb062040	SD
Zm00001eb401520	SD
Zm00001eb368050	SD
Zm00001eb243270	SD
Zm00001eb012700	SD
Zm00001eb250800	SD
Zm00001eb319490	SD
Zm00001eb016390	SD
Zm00001eb303500	SD
Zm00001eb395660	SD
Zm00001eb279890	SD
Zm00001eb231900	SD
Zm00001eb358640	SD
Zm00001eb082850	SD
Zm00001eb369150	SD
Zm00001eb018690	SD
Zm00001eb182440	SD
Zm00001eb242890	SD
Zm00001eb196020	SD
Zm00001eb401080	SD
Zm00001eb188590	SD
Zm00001eb311150	SD
Zm00001eb150620	SD
Zm00001eb118840	SD
Zm00001eb233850	SD
Zm00001eb426750	SD
Zm00001eb392420	SD
Zm00001eb359620	SD
Zm00001eb198100	SD
Zm00001eb063530	SD
Zm00001eb414180	SD
Zm00001eb159430	SD
Zm00001eb175100	SD
Zm00001eb221600	SD
Zm00001eb091370	SD
Zm00001eb362490	SD
Zm00001eb253730	SD
Zm00001eb075490	SD
Zm00001eb081940	SD
Zm00001eb253440	SD
Zm00001eb296090	SD
Zm00001eb295950	SD
Zm00001eb359780	SD
Zm00001eb394690	SD
Zm00001eb175620	SD
Zm00001eb033440	SD
Zm00001eb343830	SD
Zm00001eb217960	SD
Zm00001eb311490	SD
Zm00001eb289860	SD
Zm00001eb403040	SD
Zm00001eb048520	SD
Zm00001eb424280	SD
Zm00001eb066320	SD
Zm00001eb153190	SD
Zm00001eb197000	SD
Zm00001eb020500	SD
Zm00001eb191010	SD
Zm00001eb424330	SD
Zm00001eb351410	SD
Zm00001eb358600	SD
Zm00001eb152310	SD
Zm00001eb357970	SD
Zm00001eb014590	SD
Zm00001eb407090	SD
Zm00001eb085410	SD
Zm00001eb104520	SD
Zm00001eb206520	SD
Zm00001eb206320	SD
Zm00001eb290050	SD
Zm00001eb041720	SD
Zm00001eb290340	SD
Zm00001eb250770	SD
Zm00001eb034760	SD
Zm00001eb408210	SD
Zm00001eb130390	SD
Zm00001eb137220	SD
Zm00001eb041090	SD
Zm00001eb425430	SD
Zm00001eb068700	SD
Zm00001eb208420	SD
Zm00001eb353250	SD
Zm00001eb011890	SD
Zm00001eb293200	SD
Zm00001eb432780	SD
Zm00001eb383470	SD
Zm00001eb349520	SD
Zm00001eb386330	SD
Zm00001eb293600	SD
Zm00001eb388350	SD
Zm00001eb368620	SD
Zm00001eb079630	SD
Zm00001eb432570	SD
Zm00001eb015010	SD
Zm00001eb062560	SD
Zm00001eb074720	SD
Zm00001eb406740	SD
Zm00001eb334130	SD
Zm00001eb235790	SD
Zm00001eb421350	SD
Zm00001eb356260	SD
Zm00001eb368020	SD
Zm00001eb072230	SD
Zm00001eb254190	SD
Zm00001eb145910	SD
Zm00001eb242780	SD
Zm00001eb361840	SD
Zm00001eb248520	SD
Zm00001eb257500	SD
Zm00001eb338720	SD
Zm00001eb334510	SD
Zm00001eb186590	SD
Zm00001eb360070	SD
Zm00001eb175520	SD
Zm00001eb107140	SD
Zm00001eb007070	SD
Zm00001eb210730	SD
Zm00001eb037310	SD
Zm00001eb316280	SD
Zm00001eb127790	SD
Zm00001eb285950	SD
Zm00001eb277630	SD
Zm00001eb280310	SD
Zm00001eb364050	SD
Zm00001eb060160	SD
Zm00001eb236360	SD
Zm00001eb072900	SD
Zm00001eb283950	SD
Zm00001eb032520	SD
Zm00001eb320980	SD
Zm00001eb022040	SD
Zm00001eb293570	SD
Zm00001eb066960	SD
Zm00001eb140600	SD
Zm00001eb379920	SD
Zm00001eb053630	SD
Zm00001eb111410	SD
Zm00001eb197410	SD
Zm00001eb336800	SD
Zm00001eb174690	SD
Zm00001eb340790	SD
Zm00001eb013740	SD
Zm00001eb106850	SD
Zm00001eb015950	SD
Zm00001eb231360	SD
Zm00001eb051040	SD
Zm00001eb107050	SD
Zm00001eb251610	SD
Zm00001eb013850	SD
Zm00001eb421850	SD
Zm00001eb253070	SD
Zm00001eb178980	SD
Zm00001eb430530	SD
Zm00001eb294450	SD
Zm00001eb016280	SD
Zm00001eb374830	SD
Zm00001eb300850	SD
Zm00001eb291340	SD
Zm00001eb395050	SD
Zm00001eb000700	SD
Zm00001eb365650	SD
Zm00001eb295940	SD
Zm00001eb097060	SD
Zm00001eb327930	SD
Zm00001eb014050	SD
Zm00001eb365580	SD
Zm00001eb074350	SD
Zm00001eb070200	SD
Zm00001eb303750	SD
Zm00001eb298460	SD
Zm00001eb084740	SD
Zm00001eb079320	SD
Zm00001eb104510	SD
Zm00001eb045580	SD
Zm00001eb370480	SD
Zm00001eb184420	SD
Zm00001eb072000	SD
Zm00001eb244610	SD
Zm00001eb105590	SD
Zm00001eb216310	SD
Zm00001eb158620	SD
Zm00001eb056610	SD
Zm00001eb379500	SD
Zm00001eb260270	SD
Zm00001eb407840	SD
Zm00001eb139140	SD
Zm00001eb200880	SD
Zm00001eb246230	SD
Zm00001eb221500	SD
Zm00001eb318350	SD
Zm00001eb358050	SD
Zm00001eb245460	SD
Zm00001eb005980	SD
Zm00001eb046340	SD
Zm00001eb317800	SD
Zm00001eb119770	SD
Zm00001eb296670	SD
Zm00001eb117890	SD
Zm00001eb353100	SD
Zm00001eb003420	SD
Zm00001eb402880	SD
Zm00001eb193250	SD
Zm00001eb370860	SD
Zm00001eb368310	SD
Zm00001eb275270	SD
Zm00001eb261180	SD
Zm00001eb035190	SD
Zm00001eb063160	SD
Zm00001eb141550	SD
Zm00001eb211290	SD
Zm00001eb192700	SD
Zm00001eb199280	SD
Zm00001eb251660	SD
Zm00001eb186940	SD
Zm00001eb217470	SD
Zm00001eb144800	SD
Zm00001eb316120	SD
Zm00001eb367700	SD
Zm00001eb387700	SD
Zm00001eb311100	SD
Zm00001eb342260	SD
Zm00001eb090750	SD
Zm00001eb060380	SD
Zm00001eb374190	SD
Zm00001eb048770	SD
Zm00001eb157120	SD
Zm00001eb255110	SD
Zm00001eb098630	SD
Zm00001eb359370	SD
Zm00001eb049720	SD
Zm00001eb242930	SD
Zm00001eb061850	SD
Zm00001eb357240	SD
Zm00001eb215510	SD
Zm00001eb189990	SD
Zm00001eb134110	SD
Zm00001eb194130	SD
Zm00001eb369960	SD
Zm00001eb430720	SD
Zm00001eb075910	SD
Zm00001eb041630	SD
Zm00001eb235890	SD
Zm00001eb269630	SD
Zm00001eb264720	SD
Zm00001eb393660	SD
Zm00001eb022000	SD
Zm00001eb108410	SD
Zm00001eb182270	SD
Zm00001eb357850	SD
Zm00001eb207290	SD
Zm00001eb428170	SD
Zm00001eb232750	SD
Zm00001eb110880	SD
Zm00001eb295250	SD
Zm00001eb359850	SD
Zm00001eb070950	SD
Zm00001eb150960	SD
Zm00001eb157340	SD
Zm00001eb275780	SD
Zm00001eb433500	SD
Zm00001eb382200	SD
Zm00001eb235710	SD
Zm00001eb187340	SD
Zm00001eb185670	SD
Zm00001eb072210	SD
Zm00001eb231030	SD
Zm00001eb273520	SD
Zm00001eb276640	SD
Zm00001eb080290	SD
Zm00001eb430080	SD
Zm00001eb101500	SD
Zm00001eb108030	SD
Zm00001eb190110	SD
Zm00001eb187110	SD
Zm00001eb394850	SD
Zm00001eb194040	SD
Zm00001eb313920	SD
Zm00001eb124750	SD
Zm00001eb360960	SD
Zm00001eb213910	SD
Zm00001eb269570	SD
Zm00001eb313950	SD
Zm00001eb194270	SD
Zm00001eb328510	SD
Zm00001eb365790	SD
Zm00001eb394700	SD
Zm00001eb154670	SD
Zm00001eb368080	SD
Zm00001eb425270	SD
Zm00001eb187210	SD
Zm00001eb247490	SD
Zm00001eb427950	SD
Zm00001eb185020	SD
Zm00001eb153780	SD
Zm00001eb125350	SD
Zm00001eb335430	SD
Zm00001eb095210	SD
Zm00001eb327390	SD
Zm00001eb379570	SD
Zm00001eb039780	SD
Zm00001eb143510	SD
Zm00001eb329010	SD
Zm00001eb147960	SD
Zm00001eb173990	SD
Zm00001eb314090	SD
Zm00001eb190180	SD
Zm00001eb083950	SD
Zm00001eb295710	SD
Zm00001eb195470	SD
Zm00001eb347640	SD
Zm00001eb381920	SD
Zm00001eb250730	SD
Zm00001eb176120	SD
Zm00001eb082470	SD
Zm00001eb195260	SD
Zm00001eb348290	SD
Zm00001eb116830	SD
Zm00001eb313610	SD
Zm00001eb343720	SD
Zm00001eb343540	SD
Zm00001eb095060	SD
Zm00001eb153570	SD
Zm00001eb314970	SD
Zm00001eb113070	SD
Zm00001eb117140	SD
Zm00001eb260960	SD
Zm00001eb161080	SD
Zm00001eb238400	SD
Zm00001eb099910	SD
Zm00001eb363820	SD
Zm00001eb060550	SD
Zm00001eb077060	SD
Zm00001eb019980	SD
Zm00001eb197060	SD
Zm00001eb136980	SD
Zm00001eb321090	SD
Zm00001eb250980	SD
Zm00001eb256560	SD
Zm00001eb270310	SD
Zm00001eb168850	SD
Zm00001eb274740	SD
Zm00001eb038090	SD
Zm00001eb424580	SD
Zm00001eb008150	SD
Zm00001eb146300	SD
Zm00001eb300320	SD
Zm00001eb381760	SD
Zm00001eb360700	SD
Zm00001eb367220	SD
Zm00001eb278880	SD
Zm00001eb177270	SD
Zm00001eb042030	SD
Zm00001eb276830	SD
Zm00001eb261760	SD
Zm00001eb357340	SD
Zm00001eb152280	SD
Zm00001eb218270	SD
Zm00001eb074770	SD
Zm00001eb221270	SD
Zm00001eb235070	SD
Zm00001eb171400	SD
Zm00001eb413130	SD
Zm00001eb062540	SD
Zm00001eb111740	SD
Zm00001eb005940	SD
Zm00001eb273530	SD
Zm00001eb074470	SD
Zm00001eb432920	SD
Zm00001eb163700	SD
Zm00001eb015200	SD
Zm00001eb394970	SD
Zm00001eb034190	SD
Zm00001eb405580	SD
Zm00001eb427080	SD
Zm00001eb208750	SD
Zm00001eb097550	SD
Zm00001eb352080	SD
Zm00001eb173700	SD
Zm00001eb397510	SD
Zm00001eb368940	SD
Zm00001eb331780	SD
Zm00001eb317480	SD
Zm00001eb219860	SD
Zm00001eb212680	SD
Zm00001eb211450	SD
Zm00001eb359510	SD
Zm00001eb272840	SD
Zm00001eb414620	SD
Zm00001eb433670	SD
Zm00001eb118920	SD
Zm00001eb407030	SD
Zm00001eb096790	SD
Zm00001eb418860	SD
Zm00001eb342400	SD
Zm00001eb020200	SD
Zm00001eb033620	SD
Zm00001eb109030	SD
Zm00001eb293340	SD
Zm00001eb016580	SD
Zm00001eb213630	SD
Zm00001eb227970	SD
Zm00001eb101660	SD
Zm00001eb001890	SD
Zm00001eb195430	SD
Zm00001eb421200	SD
Zm00001eb120660	SD
Zm00001eb187300	SD
Zm00001eb406150	SD
Zm00001eb219510	SD
Zm00001eb280910	SD
Zm00001eb129040	SD
Zm00001eb070430	SD
Zm00001eb007170	SD
Zm00001eb218170	SD
Zm00001eb070010	SD
Zm00001eb008370	SD
Zm00001eb375050	SD
Zm00001eb288340	SD
Zm00001eb282810	SD
Zm00001eb290530	SD
Zm00001eb335460	SD
Zm00001eb351630	SD
Zm00001eb218030	SD
Zm00001eb040010	SD
Zm00001eb289680	SD
Zm00001eb211900	SD
Zm00001eb338050	SD
Zm00001eb421430	SD
Zm00001eb023060	SD
Zm00001eb105570	SD
Zm00001eb373790	SD
Zm00001eb329900	SD
Zm00001eb113980	SD
Zm00001eb247070	SD
Zm00001eb222850	SD
Zm00001eb103840	SD
Zm00001eb069710	SD
Zm00001eb403870	SD
Zm00001eb367380	SD
Zm00001eb425480	SD
Zm00001eb429690	SD
Zm00001eb202710	SD
Zm00001eb303720	SD
Zm00001eb003180	SD
Zm00001eb347900	SD
Zm00001eb423310	SD
Zm00001eb222160	SD
Zm00001eb301030	SD
Zm00001eb338500	SD
Zm00001eb145070	SD
Zm00001eb007150	SD
Zm00001eb127760	SD
Zm00001eb259700	SD
Zm00001eb390100	SD
Zm00001eb062600	SD
Zm00001eb250190	SD
Zm00001eb186790	SD
Zm00001eb040000	SD
Zm00001eb266820	SD
Zm00001eb383280	SD
Zm00001eb430180	SD
Zm00001eb249860	SD
Zm00001eb333780	SD
Zm00001eb216590	SD
Zm00001eb119860	SD
Zm00001eb234790	SD
Zm00001eb105010	SD
Zm00001eb096870	SD
Zm00001eb344350	SD
Zm00001eb191140	SD
Zm00001eb004730	SD
Zm00001eb433760	SD
Zm00001eb098500	SD
Zm00001eb182360	SD
Zm00001eb202830	SD
Zm00001eb085200	SD
Zm00001eb118690	SD
Zm00001eb407710	SD
Zm00001eb426620	SD
Zm00001eb060590	SD
Zm00001eb296500	SD
Zm00001eb055590	SD
Zm00001eb222700	SD
Zm00001eb378750	SD
Zm00001eb190580	SD
Zm00001eb056890	SD
Zm00001eb245480	SD
Zm00001eb370380	SD
Zm00001eb040610	SD
Zm00001eb170960	SD
Zm00001eb137890	SD
Zm00001eb154510	SD
Zm00001eb058250	SD
Zm00001eb222470	SD
Zm00001eb331160	SD
Zm00001eb422190	SD
Zm00001eb081270	SD
Zm00001eb020390	SD
Zm00001eb158630	SD
Zm00001eb307600	SD
Zm00001eb243130	SD
Zm00001eb269650	SD
Zm00001eb376150	SD
Zm00001eb347720	SD
Zm00001eb057570	SD
Zm00001eb362250	SD
Zm00001eb150560	SD
Zm00001eb402300	SD
Zm00001eb390720	SD
Zm00001eb357670	SD
Zm00001eb252770	SD
Zm00001eb327500	SD
Zm00001eb106450	SD
Zm00001eb394930	SD
Zm00001eb208960	SD
Zm00001eb335680	SD
Zm00001eb220110	SD
Zm00001eb102250	SD
Zm00001eb274080	SD
Zm00001eb369350	SD
Zm00001eb429530	SD
Zm00001eb253430	SD
Zm00001eb331920	SD
Zm00001eb250460	SD
Zm00001eb196710	SD
Zm00001eb061180	SD
Zm00001eb057080	SD
Zm00001eb431260	SD
Zm00001eb174930	SD
Zm00001eb074480	SD
Zm00001eb298340	SD
Zm00001eb036020	SD
Zm00001eb331800	SD
Zm00001eb183650	SD
Zm00001eb225190	SD
Zm00001eb426460	SD
Zm00001eb424800	SD
Zm00001eb023070	SD
Zm00001eb256990	SD
Zm00001eb158650	SD
Zm00001eb384790	SD
Zm00001eb212760	SD
Zm00001eb062250	SD
Zm00001eb247320	SD
Zm00001eb110940	SD
Zm00001eb253800	SD
Zm00001eb153760	SD
Zm00001eb370900	SD
Zm00001eb399040	SD
Zm00001eb083650	SD
Zm00001eb288880	SD
Zm00001eb371220	SD
Zm00001eb273250	SD
Zm00001eb186720	SD
Zm00001eb423370	SD
Zm00001eb009390	SD
Zm00001eb111070	SD
Zm00001eb212190	SD
Zm00001eb394940	SD
Zm00001eb342640	SD
Zm00001eb111360	SD
Zm00001eb119260	SD
Zm00001eb428620	SD
Zm00001eb397680	SD
Zm00001eb221580	SD
Zm00001eb227020	SD
Zm00001eb191980	SD
Zm00001eb186950	SD
Zm00001eb053850	SD
Zm00001eb238280	SD
Zm00001eb268900	SD
Zm00001eb072980	SD
Zm00001eb135510	SD
Zm00001eb204270	SD
Zm00001eb024260	SD
Zm00001eb343060	SD
Zm00001eb102220	SD
Zm00001eb399010	SD
Zm00001eb054700	SD
Zm00001eb383160	SD
Zm00001eb175600	SD
Zm00001eb005290	SD
Zm00001eb317380	SD
Zm00001eb189260	SD
Zm00001eb085540	SD
Zm00001eb051110	SD
Zm00001eb035870	SD
Zm00001eb010700	SD
Zm00001eb223400	SD
Zm00001eb212550	SD
Zm00001eb219370	SD
Zm00001eb180020	SD
Zm00001eb368240	SD
Zm00001eb080790	SD
Zm00001eb023020	SD
Zm00001eb401580	SD
Zm00001eb206370	SD
Zm00001eb365930	SD
Zm00001eb211000	SD
Zm00001eb073610	SD
Zm00001eb022490	SD
Zm00001eb298970	SD
Zm00001eb187540	SD
Zm00001eb275590	SD
Zm00001eb381630	SD
Zm00001eb189300	SD
Zm00001eb013910	SD
Zm00001eb402100	SD
Zm00001eb317610	SD
Zm00001eb137580	SD
Zm00001eb019700	SD
Zm00001eb367390	SD
Zm00001eb368300	SD
Zm00001eb288230	SD
Zm00001eb429290	SD
Zm00001eb369620	SD
Zm00001eb073900	SD
Zm00001eb364920	SD
Zm00001eb430890	SD
Zm00001eb163880	SD
Zm00001eb393240	SD
Zm00001eb175200	SD
Zm00001eb302140	SD
Zm00001eb245520	SD
Zm00001eb004650	SD
Zm00001eb275500	SD
Zm00001eb256180	SD
Zm00001eb284170	SD
Zm00001eb353650	SD
Zm00001eb224700	SD
Zm00001eb244710	SD
Zm00001eb325480	SD
Zm00001eb217380	SD
Zm00001eb364710	SD
Zm00001eb421020	SD
Zm00001eb148800	SD
Zm00001eb315190	SD
Zm00001eb426760	SD
Zm00001eb223290	SD
Zm00001eb312560	SD
Zm00001eb431210	SD
Zm00001eb070240	SD
Zm00001eb159980	SD
Zm00001eb316900	SD
Zm00001eb094020	SD
Zm00001eb272850	SD
Zm00001eb034850	SD
Zm00001eb415950	SD
Zm00001eb400580	SD
Zm00001eb194330	SD
Zm00001eb162390	SD
Zm00001eb220550	SD
Zm00001eb151060	SD
Zm00001eb430680	SD
Zm00001eb152370	SD
Zm00001eb044740	SD
Zm00001eb410350	SD
Zm00001eb227470	SD
Zm00001eb041310	SD
Zm00001eb145270	SD
Zm00001eb221640	SD
Zm00001eb335880	SD
Zm00001eb068480	SD
Zm00001eb173030	SD
Zm00001eb107120	SD
Zm00001eb021470	SD
Zm00001eb082120	SD
Zm00001eb013640	SD
Zm00001eb338460	SD
Zm00001eb107100	SD
Zm00001eb066130	SD
Zm00001eb192860	SD
Zm00001eb431030	SD
Zm00001eb014190	SD
Zm00001eb423760	SD
Zm00001eb318750	SD
Zm00001eb151390	SD
Zm00001eb403590	SD
Zm00001eb370710	SD
Zm00001eb206150	SD
Zm00001eb195660	SD
Zm00001eb081690	SD
Zm00001eb066820	SD
Zm00001eb131590	SD
Zm00001eb395750	SD
Zm00001eb250990	SD
Zm00001eb217020	SD
Zm00001eb391310	SD
Zm00001eb173280	SD
Zm00001eb098510	SD
Zm00001eb327820	SD
Zm00001eb349110	SD
Zm00001eb364510	SD
Zm00001eb304510	SD
Zm00001eb402400	SD
Zm00001eb398080	SD
Zm00001eb404580	SD
Zm00001eb053590	SD
Zm00001eb032470	SD
Zm00001eb295100	SD
Zm00001eb184940	SD
Zm00001eb106150	SD
Zm00001eb414000	SD
Zm00001eb431920	SD
Zm00001eb372340	SD
Zm00001eb095390	SD
Zm00001eb128640	SD
Zm00001eb056700	SD
Zm00001eb400690	SD
Zm00001eb172200	SD
Zm00001eb052580	SD
Zm00001eb059640	SD
Zm00001eb402680	SD
Zm00001eb195180	SD
Zm00001eb246470	SD
Zm00001eb332320	SD
Zm00001eb173790	SD
Zm00001eb245840	SD
Zm00001eb245680	SD
Zm00001eb424640	SD
Zm00001eb158990	SD
Zm00001eb111110	SD
Zm00001eb264030	SD
Zm00001eb386870	SD
Zm00001eb151050	SD
Zm00001eb036380	SD
Zm00001eb127820	SD
Zm00001eb266430	SD
Zm00001eb191640	SD
Zm00001eb220810	SD
Zm00001eb218350	SD
Zm00001eb241730	SD
Zm00001eb430740	SD
Zm00001eb061480	SD
Zm00001eb041040	SD
Zm00001eb329040	SD
Zm00001eb363900	SD
Zm00001eb233630	SD
Zm00001eb414530	SD
Zm00001eb275140	SD
Zm00001eb143600	SD
Zm00001eb127650	SD
Zm00001eb100990	SD
Zm00001eb328230	SD
Zm00001eb398020	SD
Zm00001eb320330	SD
Zm00001eb077210	SD
Zm00001eb421890	SD
Zm00001eb410450	SD
Zm00001eb130040	SD
Zm00001eb299150	SD
Zm00001eb024750	SD
Zm00001eb410500	SD
Zm00001eb373570	SD
Zm00001eb428210	SD
Zm00001eb184500	SD
Zm00001eb428040	SD
Zm00001eb108110	SD
Zm00001eb187430	SD
Zm00001eb294500	SD
Zm00001eb123370	SD
Zm00001eb206780	SD
Zm00001eb175490	SD
Zm00001eb193710	SD
Zm00001eb318220	SD
Zm00001eb018470	SD
Zm00001eb294870	SD
Zm00001eb264740	SD
Zm00001eb168360	SD
Zm00001eb212980	SD
Zm00001eb202390	SD
Zm00001eb258040	SD
Zm00001eb163680	SD
Zm00001eb321910	SD
Zm00001eb182520	SD
Zm00001eb270920	SD
Zm00001eb023040	SD
Zm00001eb278000	SD
Zm00001eb430390	SD
Zm00001eb238010	SD
Zm00001eb291080	SD
Zm00001eb157060	SD
Zm00001eb218300	SD
Zm00001eb110270	SD
Zm00001eb110520	SD
Zm00001eb279150	SD
Zm00001eb304890	SD
Zm00001eb431700	SD
Zm00001eb417750	SD
Zm00001eb329030	SD
Zm00001eb359820	SD
Zm00001eb250410	SD
Zm00001eb405500	SD
Zm00001eb135280	SD
Zm00001eb264750	SD
Zm00001eb398500	SD
Zm00001eb033010	SD
Zm00001eb301180	SD
Zm00001eb432560	SD
Zm00001eb433440	SD
Zm00001eb183600	SD
Zm00001eb242710	SD
Zm00001eb354550	SD
Zm00001eb214250	SD
Zm00001eb186600	SD
Zm00001eb416130	SD
Zm00001eb416260	SD
Zm00001eb281560	SD
Zm00001eb392250	SD
Zm00001eb285680	SD
Zm00001eb207840	SD
Zm00001eb351430	SD
Zm00001eb011200	SD
Zm00001eb024740	SD
Zm00001eb282970	SD
Zm00001eb271320	SD
Zm00001eb098990	SD
Zm00001eb406300	SD
Zm00001eb356460	SD
Zm00001eb263780	SD
Zm00001eb119670	SD
Zm00001eb336180	SD
Zm00001eb254900	SD
Zm00001eb007320	SD
Zm00001eb338420	SD
Zm00001eb287110	SD
Zm00001eb148810	SD
Zm00001eb359630	SD
Zm00001eb003750	SD
Zm00001eb262120	SD
Zm00001eb402170	SD
Zm00001eb208550	SD
Zm00001eb344000	SD
Zm00001eb054130	SD
Zm00001eb279450	SD
Zm00001eb190040	SD
Zm00001eb044110	SD
Zm00001eb129600	SD
Zm00001eb192270	SD
Zm00001eb267040	SD
Zm00001eb068460	SD
Zm00001eb172720	SD
Zm00001eb271400	SD
Zm00001eb106870	SD
Zm00001eb223010	SD
Zm00001eb039230	SD
Zm00001eb368590	SD
Zm00001eb152870	SD
Zm00001eb100880	SD
Zm00001eb159930	SD
Zm00001eb294050	SD
Zm00001eb206260	SD
Zm00001eb273500	SD
Zm00001eb393160	SD
Zm00001eb302470	SD
Zm00001eb279730	SD
Zm00001eb344740	SD
Zm00001eb234780	SD
Zm00001eb296490	SD
Zm00001eb207710	SD
Zm00001eb383910	SD
Zm00001eb263900	SD
Zm00001eb263880	SD
Zm00001eb261960	SD
Zm00001eb262350	SD
Zm00001eb263970	SD
Zm00001eb036330	SD
Zm00001eb183290	SD
Zm00001eb071510	SD
Zm00001eb381620	SD
Zm00001eb431820	SD
Zm00001eb022350	SD
Zm00001eb332410	SD
Zm00001eb355980	SD
Zm00001eb213660	SD
Zm00001eb022480	SD
Zm00001eb425110	SD
Zm00001eb015480	SD
Zm00001eb375180	SD
Zm00001eb065980	SD
Zm00001eb192160	SD
Zm00001eb362450	SD
Zm00001eb094170	SD
Zm00001eb357940	SD
Zm00001eb166200	SD
Zm00001eb077870	SD
Zm00001eb423580	SD
Zm00001eb432230	SD
Zm00001eb263370	SD
Zm00001eb274950	SD
Zm00001eb085440	SD
Zm00001eb325710	SD
Zm00001eb005680	SD
Zm00001eb193740	SD
Zm00001eb004130	SD
Zm00001eb223000	SD
Zm00001eb072400	SD
Zm00001eb408230	SD
Zm00001eb426540	SD
Zm00001eb078460	SD
Zm00001eb273760	SD
Zm00001eb249850	SD
Zm00001eb222880	SD
Zm00001eb024320	SD
Zm00001eb407720	SD
Zm00001eb404070	SD
Zm00001eb404410	SD
Zm00001eb375530	SD
Zm00001eb136230	SD
Zm00001eb413080	SD
Zm00001eb000520	SD
Zm00001eb295210	SD
Zm00001eb160490	SD
Zm00001eb391270	SD
Zm00001eb251100	SD
Zm00001eb369050	SD
Zm00001eb076460	SD
Zm00001eb430870	SD
Zm00001eb289850	SD
Zm00001eb157190	SD
Zm00001eb015660	SD
Zm00001eb210110	SD
Zm00001eb280900	SD
Zm00001eb106680	SD
Zm00001eb371050	SD
Zm00001eb118180	SD
Zm00001eb068620	SD
Zm00001eb194950	SD
Zm00001eb059270	SD
Zm00001eb206130	SD
Zm00001eb220400	SD
Zm00001eb070230	SD
Zm00001eb108390	SD
Zm00001eb265240	SD
Zm00001eb350870	SD
Zm00001eb312210	SD
Zm00001eb024560	SD
Zm00001eb260170	SD
Zm00001eb252300	SD
Zm00001eb016680	SD
Zm00001eb316990	SD
Zm00001eb107250	SD
Zm00001eb050880	SD
Zm00001eb008570	SD
Zm00001eb337050	SD
Zm00001eb390530	SD
Zm00001eb428300	SD
Zm00001eb419770	SD
Zm00001eb159010	SD
Zm00001eb278990	SD
Zm00001eb425140	SD
Zm00001eb229410	SD
Zm00001eb017430	SD
Zm00001eb009110	SD
Zm00001eb257890	SD
Zm00001eb251620	SD
Zm00001eb357950	SD
Zm00001eb257690	SD
Zm00001eb426220	SD
Zm00001eb337240	SD
Zm00001eb391380	SD
Zm00001eb397430	SD
Zm00001eb213190	SD
Zm00001eb394610	SD
Zm00001eb099340	SD
Zm00001eb189030	SD
Zm00001eb066400	SD
Zm00001eb359400	SD
Zm00001eb057140	SD
Zm00001eb404310	SD
Zm00001eb067530	SD
Zm00001eb277410	SD
Zm00001eb198490	SD
Zm00001eb195140	SD
Zm00001eb354310	SD
Zm00001eb327470	SD
Zm00001eb144170	SD
Zm00001eb400460	SD
Zm00001eb333450	SD
Zm00001eb189120	SD
Zm00001eb322860	SD
Zm00001eb151690	SD
Zm00001eb355300	SD
Zm00001eb430630	SD
Zm00001eb038670	SD
Zm00001eb111630	SD
Zm00001eb310930	SD
Zm00001eb115720	SD
Zm00001eb384660	SD
Zm00001eb208060	SD
Zm00001eb332210	SD
Zm00001eb105830	SD
Zm00001eb322020	SD
Zm00001eb360840	SD
Zm00001eb433100	SD
Zm00001eb251590	SD
Zm00001eb174880	SD
Zm00001eb317410	SD
Zm00001eb068880	SD
Zm00001eb155890	SD
Zm00001eb105400	SD
Zm00001eb275640	SD
Zm00001eb046220	SD
Zm00001eb359440	SD
Zm00001eb324250	SD
Zm00001eb048220	SD
Zm00001eb281600	SD
Zm00001eb424700	SD
Zm00001eb030540	SD
Zm00001eb218650	SD
Zm00001eb165420	SD
Zm00001eb294920	SD
Zm00001eb068960	SD
Zm00001eb362160	SD
Zm00001eb163140	SD
Zm00001eb194940	SD
Zm00001eb217290	SD
Zm00001eb277390	SD
Zm00001eb082280	SD
Zm00001eb356080	SD
Zm00001eb002430	SD
Zm00001eb401540	SD
Zm00001eb428880	SD
Zm00001eb185340	SD
Zm00001eb045250	SD
Zm00001eb331460	SD
Zm00001eb065080	SD
Zm00001eb280070	SD
Zm00001eb365670	SD
Zm00001eb188960	SD
Zm00001eb426000	SD
Zm00001eb199140	SD
Zm00001eb160030	SD
Zm00001eb177060	SD
Zm00001eb065780	SD
Zm00001eb275200	SD
Zm00001eb312590	SD
Zm00001eb287640	SD
Zm00001eb009880	SD
Zm00001eb073370	SD
Zm00001eb014850	SD
Zm00001eb252350	SD
Zm00001eb091560	SD
Zm00001eb211170	SD
Zm00001eb324710	SD
Zm00001eb232120	SD
Zm00001eb362650	SD
Zm00001eb155000	SD
Zm00001eb358910	SD
Zm00001eb206680	SD
Zm00001eb057490	SD
Zm00001eb372210	SD
Zm00001eb055460	SD
Zm00001eb110650	SD
Zm00001eb011010	SD
Zm00001eb107510	SD
Zm00001eb127680	SD
Zm00001eb192800	SD
Zm00001eb154730	SD
Zm00001eb296410	SD
Zm00001eb300680	SD
Zm00001eb380580	SD
Zm00001eb257270	SD
Zm00001eb035370	SD
Zm00001eb111230	SD
Zm00001eb267430	SD
Zm00001eb101560	SD
Zm00001eb030930	SD
Zm00001eb422350	SD
Zm00001eb125670	SD
Zm00001eb297320	SD
Zm00001eb143360	SD
Zm00001eb111590	SD
Zm00001eb063800	SD
Zm00001eb419670	SD
Zm00001eb140790	SD
Zm00001eb071550	SD
Zm00001eb354430	SD
Zm00001eb387290	SD
Zm00001eb073810	SD
Zm00001eb307290	SD
Zm00001eb317200	SD
Zm00001eb306030	SD
Zm00001eb240410	SD
Zm00001eb061800	SD
Zm00001eb397390	SD
Zm00001eb116620	SD
Zm00001eb122750	SD
Zm00001eb369950	SD
Zm00001eb250930	SD
Zm00001eb154140	SD
Zm00001eb404080	SD
Zm00001eb124060	SD
Zm00001eb232500	SD
Zm00001eb294600	SD
Zm00001eb012860	SD
Zm00001eb327990	SD
Zm00001eb175050	SD
Zm00001eb257190	SD
Zm00001eb287690	SD
Zm00001eb404860	SD
Zm00001eb094220	SD
Zm00001eb195280	SD
Zm00001eb217110	SD
Zm00001eb320080	SD
Zm00001eb313250	SD
Zm00001eb013620	SD
Zm00001eb220360	SD
Zm00001eb295820	SD
Zm00001eb305980	SD
Zm00001eb001370	SD
Zm00001eb232150	SD
Zm00001eb358450	SD
Zm00001eb239600	SD
Zm00001eb141690	SD
Zm00001eb003660	SD
Zm00001eb046130	SD
Zm00001eb196380	SD
Zm00001eb278890	SD
Zm00001eb112170	SD
Zm00001eb420410	SD
Zm00001eb091090	SD
Zm00001eb200890	SD
Zm00001eb428010	SD
Zm00001eb184650	SD
Zm00001eb238760	SD
Zm00001eb213770	SD
Zm00001eb216510	SD
Zm00001eb380960	SD
Zm00001eb327840	SD
Zm00001eb030420	SD
Zm00001eb430920	SD
Zm00001eb431470	SD
Zm00001eb158060	SD
Zm00001eb010560	SD
Zm00001eb393280	SD
Zm00001eb034200	SD
Zm00001eb361850	SD
Zm00001eb191660	SD
Zm00001eb393710	SD
Zm00001eb421400	SD
Zm00001eb065750	SD
Zm00001eb085340	SD
Zm00001eb115510	SD
Zm00001eb133880	SD
Zm00001eb105000	SD
Zm00001eb022910	SD
Zm00001eb014160	SD
Zm00001eb343520	SD
Zm00001eb032940	SD
Zm00001eb149780	SD
Zm00001eb015720	SD
Zm00001eb014180	SD
Zm00001eb291270	SD
Zm00001eb165360	SD
Zm00001eb223490	SD
Zm00001eb039420	SD
Zm00001eb198220	SD
Zm00001eb018090	SD
Zm00001eb170990	SD
Zm00001eb143050	SD
Zm00001eb371130	SD
Zm00001eb278640	SD
Zm00001eb313550	SD
Zm00001eb403280	SD
Zm00001eb125850	SD
Zm00001eb207090	SD
Zm00001eb289820	SD
Zm00001eb259050	SD
Zm00001eb044090	SD
Zm00001eb109990	SD
Zm00001eb218630	SD
Zm00001eb040550	SD
Zm00001eb130190	SD
Zm00001eb216090	SD
Zm00001eb253990	SD
Zm00001eb421120	SD
Zm00001eb143060	SD
Zm00001eb227090	SD
Zm00001eb337210	SD
Zm00001eb057910	SD
Zm00001eb174630	SD
Zm00001eb373600	SD
Zm00001eb418840	SD
Zm00001eb111810	SD
Zm00001eb284300	SD
Zm00001eb002960	SD
Zm00001eb155160	SD
Zm00001eb113970	SD
Zm00001eb338670	SD
Zm00001eb242260	SD
Zm00001eb127570	SD
Zm00001eb418070	SD
Zm00001eb140890	SD
Zm00001eb278310	SD
Zm00001eb369900	SD
Zm00001eb129320	SD
Zm00001eb023800	SD
Zm00001eb042090	SD
Zm00001eb055080	SD
Zm00001eb425120	SD
Zm00001eb393250	SD
Zm00001eb109040	SD
Zm00001eb234400	SD
Zm00001eb174090	SD
Zm00001eb419110	SD
Zm00001eb253970	SD
Zm00001eb201410	SD
Zm00001eb143480	SD
Zm00001eb004540	SD
Zm00001eb204570	SD
Zm00001eb290670	SD
Zm00001eb211350	SD
Zm00001eb013600	SD
Zm00001eb204600	SD
Zm00001eb365740	SD
Zm00001eb221820	SD
Zm00001eb106940	SD
Zm00001eb385810	SD
Zm00001eb074090	SD
Zm00001eb389570	SD
Zm00001eb171710	SD
Zm00001eb111570	SD
Zm00001eb216120	SD
Zm00001eb310770	SD
Zm00001eb323250	SD
Zm00001eb162090	SD
Zm00001eb153280	SD
Zm00001eb394440	SD
Zm00001eb300000	SD
Zm00001eb116500	SD
Zm00001eb232450	SD
Zm00001eb386740	SD
Zm00001eb380900	SD
Zm00001eb416780	SD
Zm00001eb432500	SD
Zm00001eb144610	SD
Zm00001eb404260	SD
Zm00001eb024900	SD
Zm00001eb089720	SD
Zm00001eb357020	SD
Zm00001eb415630	SD
Zm00001eb084420	SD
Zm00001eb290880	SD
Zm00001eb071670	SD
Zm00001eb042130	SD
Zm00001eb067270	SD
Zm00001eb078590	SD
Zm00001eb247160	SD
Zm00001eb103350	SD
Zm00001eb293430	SD
Zm00001eb430800	SD
Zm00001eb410080	SD
Zm00001eb430360	SD
Zm00001eb102280	SD
Zm00001eb185700	SD
Zm00001eb146890	SD
Zm00001eb075380	SD
Zm00001eb214090	SD
Zm00001eb191440	SD
Zm00001eb344430	SD
Zm00001eb334080	SD
Zm00001eb112550	SD
Zm00001eb110380	SD
Zm00001eb215300	SD
Zm00001eb118950	SD
Zm00001eb095010	SD
Zm00001eb188700	SD
Zm00001eb156820	SD
Zm00001eb230060	SD
Zm00001eb014240	SD
Zm00001eb104810	SD
Zm00001eb205430	SD
Zm00001eb390940	SD
Zm00001eb084890	SD
Zm00001eb322820	SD
Zm00001eb433770	SD
Zm00001eb044790	SD
Zm00001eb423430	SD
Zm00001eb400670	SD
Zm00001eb309070	SD
Zm00001eb211040	SD
Zm00001eb400090	SD
Zm00001eb224680	SD
Zm00001eb207450	SD
Zm00001eb321050	SD
Zm00001eb398450	SD
Zm00001eb153270	SD
Zm00001eb334240	SD
Zm00001eb396070	SD
Zm00001eb377830	SD
Zm00001eb335340	SD
Zm00001eb037860	SD
Zm00001eb408270	SD
Zm00001eb303060	SD
Zm00001eb340940	SD
Zm00001eb282620	SD
Zm00001eb002030	SD
Zm00001eb103810	SD
Zm00001eb256010	SD
Zm00001eb369080	SD
Zm00001eb040360	SD
Zm00001eb215910	SD
Zm00001eb320610	SD
Zm00001eb206010	SD
Zm00001eb332830	SD
Zm00001eb397830	SD
Zm00001eb004370	SD
Zm00001eb106670	SD
Zm00001eb067350	SD
Zm00001eb278870	SD
Zm00001eb291010	SD
Zm00001eb258470	SD
Zm00001eb063650	SD
Zm00001eb017130	SD
Zm00001eb161690	SD
Zm00001eb136130	SD
Zm00001eb074270	SD
Zm00001eb249950	SD
Zm00001eb202130	SD
Zm00001eb407240	SD
Zm00001eb011960	SD
Zm00001eb410380	SD
Zm00001eb062490	SD
Zm00001eb232220	SD
Zm00001eb319680	SD
Zm00001eb434450	SD
Zm00001eb179020	SD
Zm00001eb355110	SD
Zm00001eb114430	SD
Zm00001eb193390	SD
Zm00001eb220930	SD
Zm00001eb139650	SD
Zm00001eb302810	SD
Zm00001eb015930	SD
Zm00001eb054040	SD
Zm00001eb429930	SD
Zm00001eb158420	SD
Zm00001eb002020	SD
Zm00001eb410220	SD
Zm00001eb148740	SD
Zm00001eb096720	SD
Zm00001eb121110	SD
Zm00001eb121680	SD
Zm00001eb145560	SD
Zm00001eb332190	SD
Zm00001eb316530	SD
Zm00001eb083570	SD
Zm00001eb181860	SD
Zm00001eb352780	SD
Zm00001eb279190	SD
Zm00001eb033550	SD
Zm00001eb206430	SD
Zm00001eb269340	SD
Zm00001eb113470	SD
Zm00001eb268580	SD
Zm00001eb266980	SD
Zm00001eb029010	SD
Zm00001eb079010	SD
Zm00001eb174100	SD
Zm00001eb134970	SD
Zm00001eb177100	SD
Zm00001eb110720	SD
Zm00001eb431620	SD
Zm00001eb011160	SD
Zm00001eb152020	SD
Zm00001eb221160	SD
Zm00001eb275460	SD
Zm00001eb375520	SD
Zm00001eb128190	SD
Zm00001eb407390	SD
Zm00001eb256510	SD
Zm00001eb098910	SD
Zm00001eb272470	SD
Zm00001eb395000	SD
Zm00001eb394820	SD
Zm00001eb135700	SD
Zm00001eb174160	SD
Zm00001eb189940	SD
Zm00001eb246990	SD
Zm00001eb226640	SD
Zm00001eb209950	SD
Zm00001eb220870	SD
Zm00001eb373630	SD
Zm00001eb392550	SD
Zm00001eb192290	SD
Zm00001eb031670	SD
Zm00001eb331700	SD
Zm00001eb359640	SD
Zm00001eb381020	SD
Zm00001eb336760	SD
Zm00001eb283150	SD
Zm00001eb257510	SD
Zm00001eb025020	SD
Zm00001eb205350	SD
Zm00001eb134080	SD
Zm00001eb418880	SD
Zm00001eb012140	SD
Zm00001eb205230	SD
Zm00001eb204050	SD
Zm00001eb320950	SD
Zm00001eb162700	SD
Zm00001eb269330	SD
Zm00001eb109130	SD
Zm00001eb268420	SD
Zm00001eb404680	SD
Zm00001eb119440	SD
Zm00001eb358720	SD
Zm00001eb171720	SD
Zm00001eb250370	SD
Zm00001eb242610	SD
Zm00001eb049600	SD
Zm00001eb401260	SD
Zm00001eb011630	SD
Zm00001eb120420	SD
Zm00001eb318590	SD
Zm00001eb079700	SD
Zm00001eb354950	SD
Zm00001eb395950	SD
Zm00001eb350340	SD
Zm00001eb351610	SD
Zm00001eb038400	SD
Zm00001eb205540	SD
Zm00001eb213380	SD
Zm00001eb052870	SD
Zm00001eb272950	SD
Zm00001eb307320	SD
Zm00001eb344700	SD
Zm00001eb331630	SD
Zm00001eb223050	SD
Zm00001eb296160	SD
Zm00001eb155750	SD
Zm00001eb374080	SD
Zm00001eb413730	SD
Zm00001eb177020	SD
Zm00001eb431610	SD
Zm00001eb137800	SD
Zm00001eb019250	SD
Zm00001eb220840	SD
Zm00001eb175550	SD
Zm00001eb371030	SD
Zm00001eb149610	SD
Zm00001eb188160	SD
Zm00001eb398530	SD
Zm00001eb085760	SD
Zm00001eb232100	SD
Zm00001eb148860	SD
Zm00001eb265290	SD
Zm00001eb433460	SD
Zm00001eb215430	SD
Zm00001eb060390	SD
Zm00001eb107730	SD
Zm00001eb271680	SD
Zm00001eb248950	SD
Zm00001eb387750	SD
Zm00001eb198460	SD
Zm00001eb264470	SD
Zm00001eb142540	SD
Zm00001eb403110	SD
Zm00001eb341010	SD
Zm00001eb278360	SD
Zm00001eb348770	SD
Zm00001eb160200	SD
Zm00001eb219020	SD
Zm00001eb243450	SD
Zm00001eb105670	SD
Zm00001eb174530	SD
Zm00001eb202450	SD
Zm00001eb272290	SD
Zm00001eb302390	SD
Zm00001eb195220	SD
Zm00001eb292520	SD
Zm00001eb422560	SD
Zm00001eb191650	SD
Zm00001eb144430	SD
Zm00001eb084110	SD
Zm00001eb061190	SD
Zm00001eb008700	SD
Zm00001eb356610	SD
Zm00001eb212390	SD
Zm00001eb363540	SD
Zm00001eb054410	SD
Zm00001eb135590	SD
Zm00001eb248440	SD
Zm00001eb344970	SD
Zm00001eb035710	SD
Zm00001eb199230	SD
Zm00001eb215790	SD
Zm00001eb105290	SD
Zm00001eb330610	SD
Zm00001eb232070	SD
Zm00001eb210840	SD
Zm00001eb394480	SD
Zm00001eb034840	SD
Zm00001eb360130	SD
Zm00001eb083520	SD
Zm00001eb249930	SD
Zm00001eb074290	SD
Zm00001eb229340	SD
Zm00001eb269160	SD
Zm00001eb295670	SD
Zm00001eb179160	SD
Zm00001eb034650	SD
Zm00001eb154420	SD
Zm00001eb318210	SD
Zm00001eb250180	SD
Zm00001eb193100	SD
Zm00001eb314120	SD
Zm00001eb311840	SD
Zm00001eb192750	SD
Zm00001eb274700	SD
Zm00001eb433820	SD
Zm00001eb023690	SD
Zm00001eb186200	SD
Zm00001eb425860	SD
Zm00001eb426080	SD
Zm00001eb220250	SD
Zm00001eb107610	SD
Zm00001eb363430	SD
Zm00001eb207720	SD
Zm00001eb212640	SD
Zm00001eb357330	SD
Zm00001eb137610	SD
Zm00001eb006080	SD
Zm00001eb087930	SD
Zm00001eb378690	SD
Zm00001eb032220	SD
Zm00001eb313820	SD
Zm00001eb029730	SD
Zm00001eb101250	SD
Zm00001eb231880	SD
Zm00001eb070360	SD
Zm00001eb252930	SD
Zm00001eb275770	SD
Zm00001eb366650	SD
Zm00001eb421580	SD
Zm00001eb366110	SD
Zm00001eb105360	SD
Zm00001eb382320	SD
Zm00001eb031310	SD
Zm00001eb050860	SD
Zm00001eb234390	SD
Zm00001eb358380	SD
Zm00001eb261520	SD
Zm00001eb221150	SD
Zm00001eb299950	SD
Zm00001eb290510	SD
Zm00001eb400490	SD
Zm00001eb427510	SD
Zm00001eb319520	SD
Zm00001eb056500	SD
Zm00001eb014780	SD
Zm00001eb268740	SD
Zm00001eb077310	SD
Zm00001eb100810	SD
Zm00001eb088180	SD
Zm00001eb131090	SD
Zm00001eb266320	SD
Zm00001eb385730	SD
Zm00001eb291310	SD
Zm00001eb052750	SD
Zm00001eb424740	SD
Zm00001eb288580	SD
Zm00001eb072310	SD
Zm00001eb234920	SD
Zm00001eb303190	SD
Zm00001eb375040	SD
Zm00001eb318630	SD
Zm00001eb037300	SD
Zm00001eb005370	SD
Zm00001eb368160	SD
Zm00001eb358210	SD
Zm00001eb342970	SD
Zm00001eb078520	SD
Zm00001eb061290	SD
Zm00001eb356240	SD
Zm00001eb430050	SD
Zm00001eb216520	SD
Zm00001eb357100	SD
Zm00001eb163440	SD
Zm00001eb194380	SD
Zm00001eb234640	SD
Zm00001eb214220	SD
Zm00001eb407650	SD
Zm00001eb224550	SD
Zm00001eb174030	SD
Zm00001eb056860	SD
Zm00001eb143670	SD
Zm00001eb136940	SD
Zm00001eb105690	SD
Zm00001eb145500	SD
Zm00001eb183390	SD
Zm00001eb424720	SD
Zm00001eb357760	SD
Zm00001eb052460	SD
Zm00001eb421010	SD
Zm00001eb174570	SD
Zm00001eb418990	SD
Zm00001eb257600	SD
Zm00001eb400210	SD
Zm00001eb360390	SD
Zm00001eb053870	SD
Zm00001eb348320	SD
Zm00001eb401530	SD
Zm00001eb389050	SD
Zm00001eb125430	SD
Zm00001eb294280	SD
Zm00001eb210790	SD
Zm00001eb175610	SD
Zm00001eb063300	SD
Zm00001eb216210	SD
Zm00001eb354170	SD
Zm00001eb356690	SD
Zm00001eb392330	SD
Zm00001eb226730	SD
Zm00001eb191510	SD
Zm00001eb220060	SD
Zm00001eb316070	SD
Zm00001eb062680	SD
Zm00001eb322540	SD
Zm00001eb187750	SD
Zm00001eb408320	SD
Zm00001eb191920	SD
Zm00001eb369480	SD
Zm00001eb418950	SD
Zm00001eb351960	SD
Zm00001eb010280	SD
Zm00001eb023140	SD
Zm00001eb242380	SD
Zm00001eb327580	SD
Zm00001eb157270	SD
Zm00001eb199560	SD
Zm00001eb385210	SD
Zm00001eb399110	SD
Zm00001eb320030	SD
Zm00001eb183690	SD
Zm00001eb079670	SD
Zm00001eb062760	SD
Zm00001eb180900	SD
Zm00001eb373650	SD
Zm00001eb297240	SD
Zm00001eb336280	SD
Zm00001eb247650	SD
Zm00001eb077220	SD
Zm00001eb194550	SD
Zm00001eb239050	SD
Zm00001eb367360	SD
Zm00001eb012310	SD
Zm00001eb289500	SD
Zm00001eb358430	SD
Zm00001eb124370	SD
Zm00001eb342890	SD
Zm00001eb214540	SD
Zm00001eb279320	SD
Zm00001eb101700	SD
Zm00001eb204540	SD
Zm00001eb272300	SD
Zm00001eb068950	SD
Zm00001eb237380	SD
Zm00001eb075200	SD
Zm00001eb107400	SD
Zm00001eb185390	SD
Zm00001eb094320	SD
Zm00001eb093590	SD
Zm00001eb027970	SD
Zm00001eb273540	SD
Zm00001eb054420	SD
Zm00001eb351740	SD
Zm00001eb194640	SD
Zm00001eb036950	SD
Zm00001eb040400	SD
Zm00001eb015060	SD
Zm00001eb249840	SD
Zm00001eb136350	SD
Zm00001eb390660	SD
Zm00001eb415760	SD
Zm00001eb137000	SD
Zm00001eb078950	SD
Zm00001eb066350	SD
Zm00001eb364390	SD
Zm00001eb036550	SD
Zm00001eb079470	SD
Zm00001eb253180	SD
Zm00001eb252890	SD
Zm00001eb164150	SD
Zm00001eb126150	SD
Zm00001eb402830	SD
Zm00001eb108400	SD
Zm00001eb358440	SD
Zm00001eb313740	SD
Zm00001eb311780	SD
Zm00001eb022970	SD
Zm00001eb229400	SD
Zm00001eb355370	SD
Zm00001eb397860	SD
Zm00001eb252260	SD
Zm00001eb399850	SD
Zm00001eb116920	SD
Zm00001eb351910	SD
Zm00001eb044810	SD
Zm00001eb357200	SD
Zm00001eb306850	SD
Zm00001eb213830	SD
Zm00001eb136840	SD
Zm00001eb293530	SD
Zm00001eb205450	SD
Zm00001eb232340	SD
Zm00001eb357620	SD
Zm00001eb071810	SD
Zm00001eb221620	SD
Zm00001eb119320	SD
Zm00001eb093460	SD
Zm00001eb081200	SD
Zm00001eb260490	SD
Zm00001eb248650	SD
Zm00001eb390330	SD
Zm00001eb307540	SD
Zm00001eb227790	SD
Zm00001eb318770	SD
Zm00001eb404200	SD
Zm00001eb239890	SD
Zm00001eb371090	SD
Zm00001eb184920	SD
Zm00001eb301020	SD
Zm00001eb292780	SD
Zm00001eb003460	SD
Zm00001eb424710	SD
Zm00001eb152090	SD
Zm00001eb241620	SD
Zm00001eb314520	SD
Zm00001eb384370	SD
Zm00001eb205010	SD
Zm00001eb358690	SD
Zm00001eb058940	SD
Zm00001eb357310	SD
Zm00001eb312740	SD
Zm00001eb221310	SD
Zm00001eb358290	SD
Zm00001eb374360	SD
Zm00001eb136220	SD
Zm00001eb417230	SD
Zm00001eb101750	SD
Zm00001eb378430	SD
Zm00001eb029250	SD
Zm00001eb120600	SD
Zm00001eb178990	SD
Zm00001eb200870	SD
Zm00001eb270640	SD
Zm00001eb058740	SD
Zm00001eb290550	SD
Zm00001eb126400	SD
Zm00001eb210600	SD
Zm00001eb162140	SD
Zm00001eb428590	SD
Zm00001eb404990	SD
Zm00001eb070720	SD
Zm00001eb338590	SD
Zm00001eb087670	SD
Zm00001eb142610	SD
Zm00001eb148670	SD
Zm00001eb201880	SD
Zm00001eb357110	SD
Zm00001eb147390	SD
Zm00001eb319590	SD
Zm00001eb334320	SD
Zm00001eb432420	SD
Zm00001eb034750	SD
Zm00001eb401310	SD
Zm00001eb224710	SD
Zm00001eb216290	SD
Zm00001eb334100	SD
Zm00001eb193380	SD
Zm00001eb319550	SD
Zm00001eb080270	SD
Zm00001eb057150	SD
Zm00001eb198180	SD
Zm00001eb094050	SD
Zm00001eb014470	SD
Zm00001eb198540	SD
Zm00001eb365020	SD
Zm00001eb124430	SD
Zm00001eb259060	SD
Zm00001eb423510	SD
Zm00001eb010600	SD
Zm00001eb156480	SD
Zm00001eb119170	SD
Zm00001eb166150	SD
Zm00001eb148100	SD
Zm00001eb001460	SD
Zm00001eb273360	SD
Zm00001eb043470	SD
Zm00001eb413270	SD
Zm00001eb161710	SD
Zm00001eb009140	SD
Zm00001eb292830	SD
Zm00001eb399610	SD
Zm00001eb371240	SD
Zm00001eb421500	SD
Zm00001eb330830	SD
Zm00001eb139350	SD
Zm00001eb407590	SD
Zm00001eb206220	SD
Zm00001eb217010	SD
Zm00001eb334770	SD
Zm00001eb241150	SD
Zm00001eb163530	SD
Zm00001eb111760	SD
Zm00001eb398230	SD
Zm00001eb405240	SD
Zm00001eb335510	SD
Zm00001eb057260	SD
Zm00001eb077240	SD
Zm00001eb195650	SD
Zm00001eb134100	SD
Zm00001eb298660	SD
Zm00001eb115950	SD
Zm00001eb314300	SD
Zm00001eb203960	SD
Zm00001eb182260	SD
Zm00001eb358370	SD
Zm00001eb335470	SD
Zm00001eb322750	SD
Zm00001eb316880	SD
Zm00001eb157090	SD
Zm00001eb374760	SD
Zm00001eb218140	SD
Zm00001eb158220	SD
Zm00001eb369610	SD
Zm00001eb186640	SD
Zm00001eb422140	SD
Zm00001eb243200	SD
Zm00001eb187950	SD
Zm00001eb336740	SD
Zm00001eb075530	SD
Zm00001eb012590	SD
Zm00001eb081460	SD
Zm00001eb204370	SD
Zm00001eb324660	SD
Zm00001eb278540	SD
Zm00001eb041750	SD
Zm00001eb151420	SD
Zm00001eb175840	SD
Zm00001eb159490	SD
Zm00001eb015760	SD
Zm00001eb398370	SD
Zm00001eb313010	SD
Zm00001eb278100	SD
Zm00001eb168880	SD
Zm00001eb245770	SD
Zm00001eb369820	SD
Zm00001eb255540	SD
Zm00001eb041870	SD
Zm00001eb008930	SD
Zm00001eb172410	SD
Zm00001eb124810	SD
Zm00001eb288720	SD
Zm00001eb204660	SD
Zm00001eb432070	SD
Zm00001eb410120	SD
Zm00001eb209550	SD
Zm00001eb180680	SD
Zm00001eb149170	SD
Zm00001eb119400	SD
Zm00001eb205950	SD
Zm00001eb426070	SD
Zm00001eb323280	SD
Zm00001eb206980	SD
Zm00001eb211150	SD
Zm00001eb255340	SD
Zm00001eb359070	SD
Zm00001eb008160	SD
Zm00001eb116340	SD
Zm00001eb367430	SD
Zm00001eb067470	SD
Zm00001eb155350	SD
Zm00001eb306100	SD
Zm00001eb005170	SD
Zm00001eb253090	SD
Zm00001eb198350	SD
Zm00001eb356630	SD
Zm00001eb390980	SD
Zm00001eb233840	SD
Zm00001eb117830	SD
Zm00001eb219830	SD
Zm00001eb354360	SD
Zm00001eb009360	SD
Zm00001eb294010	SD
Zm00001eb190820	SD
Zm00001eb359310	SD
Zm00001eb195700	SD
Zm00001eb062070	SD
Zm00001eb366140	SD
Zm00001eb244130	SD
Zm00001eb009980	SD
Zm00001eb413870	SD
Zm00001eb217350	SD
Zm00001eb366560	SD
Zm00001eb137720	SD
Zm00001eb054980	SD
Zm00001eb287880	SD
Zm00001eb315900	SD
Zm00001eb269910	SD
Zm00001eb361010	SD
Zm00001eb057230	SD
Zm00001eb323330	SD
Zm00001eb136490	SD
Zm00001eb368000	SD
Zm00001eb116950	SD
Zm00001eb247450	SD
Zm00001eb073630	SD
Zm00001eb224690	SD
Zm00001eb331080	SD
Zm00001eb000470	SD
Zm00001eb251320	SD
Zm00001eb202720	SD
Zm00001eb413300	SD
Zm00001eb344910	SD
Zm00001eb188400	SD
Zm00001eb316800	SD
Zm00001eb199910	SD
Zm00001eb278400	SD
Zm00001eb219310	SD
Zm00001eb051580	SD
Zm00001eb053610	SD
Zm00001eb253390	SD
Zm00001eb387110	SD
Zm00001eb182540	SD
Zm00001eb296480	SD
Zm00001eb394070	SD
Zm00001eb405040	SD
Zm00001eb174730	SD
Zm00001eb288440	SD
Zm00001eb335660	SD
Zm00001eb106740	SD
Zm00001eb188280	SD
Zm00001eb001910	SD
Zm00001eb119720	SD
Zm00001eb234320	SD
Zm00001eb266760	SD
Zm00001eb100160	SD
Zm00001eb241810	SD
Zm00001eb009380	SD
Zm00001eb325940	SD
Zm00001eb103090	SD
Zm00001eb417610	SD
Zm00001eb285530	SD
Zm00001eb290750	SD
Zm00001eb117080	SD
Zm00001eb279720	SD
Zm00001eb326410	SD
Zm00001eb185660	SD
Zm00001eb245240	SD
Zm00001eb115390	SD
Zm00001eb232410	SD
Zm00001eb353780	SD
Zm00001eb353360	SD
Zm00001eb315290	SD
Zm00001eb091420	SD
Zm00001eb283570	SD
Zm00001eb291170	SD
Zm00001eb032230	SD
Zm00001eb101090	SD
Zm00001eb216810	SD
Zm00001eb153520	SD
Zm00001eb292900	SD
Zm00001eb336730	SD
Zm00001eb151250	SD
Zm00001eb204020	SD
Zm00001eb316730	SD
Zm00001eb171250	SD
Zm00001eb079130	SD
Zm00001eb108310	SD
Zm00001eb402500	SD
Zm00001eb258480	SD
Zm00001eb027820	SD
Zm00001eb100720	SD
Zm00001eb105340	SD
Zm00001eb177230	SD
Zm00001eb423980	SD
Zm00001eb415930	SD
Zm00001eb242820	SD
Zm00001eb108090	SD
Zm00001eb216610	SD
Zm00001eb037080	SD
Zm00001eb396530	SD
Zm00001eb029540	SD
Zm00001eb253850	SD
Zm00001eb249280	SD
Zm00001eb232390	SD
Zm00001eb340670	SD
Zm00001eb220460	SD
Zm00001eb276590	SD
Zm00001eb432330	SD
Zm00001eb195390	SD
Zm00001eb082600	SD
Zm00001eb209100	SD
Zm00001eb423960	SD
Zm00001eb039020	SD
Zm00001eb233430	SD
Zm00001eb101640	SD
Zm00001eb021400	SD
Zm00001eb061150	SD
Zm00001eb130130	SD
Zm00001eb007510	SD
Zm00001eb187310	SD
Zm00001eb076600	SD
Zm00001eb272410	SD
Zm00001eb069160	SD
Zm00001eb317920	SD
Zm00001eb272890	SD
Zm00001eb008630	SD
Zm00001eb378360	SD
Zm00001eb194510	SD
Zm00001eb015710	SD
Zm00001eb243850	SD
Zm00001eb290360	SD
Zm00001eb342860	SD
Zm00001eb219950	SD
Zm00001eb129090	SD
Zm00001eb206930	SD
Zm00001eb021970	SD
Zm00001eb273490	SD
Zm00001eb366530	SD
Zm00001eb065700	SD
Zm00001eb410660	SD
Zm00001eb402330	SD
Zm00001eb326590	SD
Zm00001eb108470	SD
Zm00001eb188910	SD
Zm00001eb009370	SD
Zm00001eb222460	SD
Zm00001eb189170	SD
Zm00001eb292360	SD
Zm00001eb340370	SD
Zm00001eb349540	SD
Zm00001eb310480	SD
Zm00001eb371780	SD
Zm00001eb045860	SD
Zm00001eb206800	SD
Zm00001eb339360	SD
Zm00001eb222030	SD
Zm00001eb253540	SD
Zm00001eb003970	SD
Zm00001eb074320	SD
Zm00001eb271900	SD
Zm00001eb180810	SD
Zm00001eb145970	SD
Zm00001eb356550	SD
Zm00001eb096260	SD
Zm00001eb326420	SD
Zm00001eb049290	SD
Zm00001eb152420	SD
Zm00001eb297110	SD
Zm00001eb107920	SD
Zm00001eb063380	SD
Zm00001eb120390	SD
Zm00001eb284080	SD
Zm00001eb091620	SD
Zm00001eb118080	SD
Zm00001eb426150	SD
Zm00001eb301480	SD
Zm00001eb209770	SD
Zm00001eb128910	SD
Zm00001eb216230	SD
Zm00001eb209020	SD
Zm00001eb396880	SD
Zm00001eb018430	SD
Zm00001eb183590	SD
Zm00001eb135960	SD
Zm00001eb404130	SD
Zm00001eb296130	SD
Zm00001eb407850	SD
Zm00001eb334960	SD
Zm00001eb187070	SD
Zm00001eb013520	SD
Zm00001eb255550	SD
Zm00001eb003400	SD
Zm00001eb146170	SD
Zm00001eb343210	SD
Zm00001eb358180	SD
Zm00001eb050400	SD
Zm00001eb117300	SD
Zm00001eb163660	SD
Zm00001eb194670	SD
Zm00001eb197320	SD
Zm00001eb135710	SD
Zm00001eb117030	SD
Zm00001eb247040	SD
Zm00001eb138910	SD
Zm00001eb373230	SD
Zm00001eb216240	SD
Zm00001eb092080	SD
Zm00001eb370350	SD
Zm00001eb395250	SD
Zm00001eb163270	SD
Zm00001eb324200	SD
Zm00001eb137110	SD
Zm00001eb033690	SD
Zm00001eb337150	SD
Zm00001eb136100	SD
Zm00001eb316710	SD
Zm00001eb109500	SD
Zm00001eb293820	SD
Zm00001eb070920	SD
Zm00001eb427000	SD
Zm00001eb014020	SD
Zm00001eb211790	SD
Zm00001eb359260	SD
Zm00001eb288680	SD
Zm00001eb136270	SD
Zm00001eb146430	SD
Zm00001eb031940	SD
Zm00001eb402930	SD
Zm00001eb396110	SD
Zm00001eb422980	SD
Zm00001eb354920	SD
Zm00001eb398160	SD
Zm00001eb280520	SD
Zm00001eb250600	SD
Zm00001eb367310	SD
Zm00001eb181990	SD
Zm00001eb250240	SD
Zm00001eb401510	SD
Zm00001eb255880	SD
Zm00001eb102830	SD
Zm00001eb357860	SD
Zm00001eb025040	SD
Zm00001eb120100	SD
Zm00001eb175230	SD
Zm00001eb255840	SD
Zm00001eb101300	SD
Zm00001eb401360	SD
Zm00001eb104040	SD
Zm00001eb323450	SD
Zm00001eb115220	SD
Zm00001eb295640	SD
Zm00001eb355740	SD
Zm00001eb012360	SD
Zm00001eb011920	SD
Zm00001eb051080	SD
Zm00001eb049610	SD
Zm00001eb212100	SD
Zm00001eb399190	SD
Zm00001eb319030	SD
Zm00001eb117920	SD
Zm00001eb215560	SD
Zm00001eb295740	SD
Zm00001eb085360	SD
Zm00001eb151670	SD
Zm00001eb017850	SD
Zm00001eb289480	SD
Zm00001eb071290	SD
Zm00001eb220700	SD
Zm00001eb214760	SD
Zm00001eb281210	SD
Zm00001eb397990	SD
Zm00001eb342280	SD
Zm00001eb042160	SD
Zm00001eb019380	SD
Zm00001eb039310	SD
Zm00001eb403660	SD
Zm00001eb246250	SD
Zm00001eb053500	SD
Zm00001eb128670	SD
Zm00001eb404350	SD
Zm00001eb254960	SD
Zm00001eb343870	SD
Zm00001eb218250	SD
Zm00001eb078850	SD
Zm00001eb405350	SD
Zm00001eb394760	SD
Zm00001eb010020	SD
Zm00001eb298950	SD
Zm00001eb396990	SD
Zm00001eb209010	SD
Zm00001eb148070	SD
Zm00001eb216600	SD
Zm00001eb208730	SD
Zm00001eb280000	SD
Zm00001eb114270	SD
Zm00001eb419760	SD
Zm00001eb148350	SD
Zm00001eb241630	SD
Zm00001eb403020	SD
Zm00001eb054290	SD
Zm00001eb320910	SD
Zm00001eb232400	SD
Zm00001eb255210	SD
Zm00001eb112580	SD
Zm00001eb144290	SD
Zm00001eb136330	SD
Zm00001eb025770	SD
Zm00001eb158190	SD
Zm00001eb095260	SD
Zm00001eb117940	SD
Zm00001eb102030	SD
Zm00001eb127780	SD
Zm00001eb004120	SD
Zm00001eb271720	SD
Zm00001eb125460	SD
Zm00001eb157540	SD
Zm00001eb229850	SD
Zm00001eb012250	SD
Zm00001eb430880	SD
Zm00001eb356480	SD
Zm00001eb154860	SD
Zm00001eb426020	SD
Zm00001eb433410	SD
Zm00001eb206030	SD
Zm00001eb075450	SD
Zm00001eb290120	SD
Zm00001eb332300	SD
Zm00001eb297450	SD
Zm00001eb400770	SD
Zm00001eb081440	SD
Zm00001eb142950	SD
Zm00001eb272710	SD
Zm00001eb194250	SD
Zm00001eb202610	SD
Zm00001eb274640	SD
Zm00001eb369830	SD
Zm00001eb186830	SD
Zm00001eb368960	SD
Zm00001eb213120	SD
Zm00001eb063220	SD
Zm00001eb412830	SD
Zm00001eb392400	SD
Zm00001eb405800	SD
Zm00001eb046580	SD
Zm00001eb251540	SD
Zm00001eb101480	SD
Zm00001eb104060	SD
Zm00001eb049660	SD
Zm00001eb121540	SD
Zm00001eb178960	SD
Zm00001eb208250	SD
Zm00001eb303210	SD
Zm00001eb300240	SD
Zm00001eb421340	SD
Zm00001eb105160	SD
Zm00001eb338020	SD
Zm00001eb385200	SD
Zm00001eb301440	SD
Zm00001eb222400	SD
Zm00001eb208380	SD
Zm00001eb347730	SD
Zm00001eb099030	SD
Zm00001eb222250	SD
Zm00001eb037550	SD
Zm00001eb091750	SD
Zm00001eb021430	SD
Zm00001eb359080	SD
Zm00001eb019350	SD
Zm00001eb368580	SD
Zm00001eb102690	SD
Zm00001eb048030	SD
Zm00001eb079280	SD
Zm00001eb229630	SD
Zm00001eb290350	SD
Zm00001eb052470	SD
Zm00001eb179710	SD
Zm00001eb362270	SD
Zm00001eb140570	SD
Zm00001eb331600	SD
Zm00001eb016970	SD
Zm00001eb144350	SD
Zm00001eb055700	SD
Zm00001eb278110	SD
Zm00001eb300490	SD
Zm00001eb229180	SD
Zm00001eb390590	SD
Zm00001eb336590	SD
Zm00001eb077490	SD
Zm00001eb082870	SD
Zm00001eb147530	SD
Zm00001eb037360	SD
Zm00001eb258200	SD
Zm00001eb065720	SD
Zm00001eb395840	SD
Zm00001eb331120	SD
Zm00001eb105020	SD
Zm00001eb294700	SD
Zm00001eb139010	SD
Zm00001eb281880	SD
Zm00001eb112150	SD
Zm00001eb149310	SD
Zm00001eb163350	SD
Zm00001eb091510	SD
Zm00001eb153580	SD
Zm00001eb117050	SD
Zm00001eb213150	SD
Zm00001eb424500	SD
Zm00001eb245390	SD
Zm00001eb280120	SD
Zm00001eb394750	SD
Zm00001eb286550	SD
Zm00001eb057180	SD
Zm00001eb199740	SD
Zm00001eb106510	SD
Zm00001eb159280	SD
Zm00001eb018040	SD
Zm00001eb358360	SD
Zm00001eb080860	SD
Zm00001eb068330	SD
Zm00001eb031560	SD
Zm00001eb350320	SD
Zm00001eb202620	SD
Zm00001eb244650	SD
Zm00001eb289690	SD
Zm00001eb121070	SD
Zm00001eb073470	SD
Zm00001eb124820	SD
Zm00001eb258100	SD
Zm00001eb209040	SD
Zm00001eb137120	SD
Zm00001eb149730	SD
Zm00001eb327530	SD
Zm00001eb181880	SD
Zm00001eb149770	SD
Zm00001eb008500	SD
Zm00001eb097130	SD
Zm00001eb211020	SD
Zm00001eb369190	SD
Zm00001eb122230	SD
Zm00001eb233720	SD
Zm00001eb345110	SD
Zm00001eb358860	SD
Zm00001eb023500	SD
Zm00001eb320070	SD
Zm00001eb172390	SD
Zm00001eb107910	SD
Zm00001eb153200	SD
Zm00001eb281770	SD
Zm00001eb159140	SD
Zm00001eb108290	SD
Zm00001eb191060	SD
Zm00001eb292530	SD
Zm00001eb072810	SD
Zm00001eb156680	SD
Zm00001eb197120	SD
Zm00001eb047970	SD
Zm00001eb069220	SD
Zm00001eb398490	SD
Zm00001eb210690	SD
Zm00001eb290320	SD
Zm00001eb203350	SD
Zm00001eb371160	SD
Zm00001eb350830	SD
Zm00001eb403570	SD
Zm00001eb021750	SD
Zm00001eb272520	SD
Zm00001eb395070	SD
Zm00001eb295050	SD
Zm00001eb320600	SD
Zm00001eb053910	SD
Zm00001eb021550	SD
Zm00001eb111830	SD
Zm00001eb089700	SD
Zm00001eb427610	SD
Zm00001eb052760	SD
Zm00001eb083750	SD
Zm00001eb023950	SD
Zm00001eb170220	SD
Zm00001eb196210	SD
Zm00001eb329890	SD
Zm00001eb376780	SD
Zm00001eb075570	SD
Zm00001eb131320	SD
Zm00001eb365110	SD
Zm00001eb148060	SD
Zm00001eb042270	SD
Zm00001eb287150	SD
Zm00001eb200930	SD
Zm00001eb364290	SD
Zm00001eb432550	SD
Zm00001eb400630	SD
Zm00001eb019640	SD
Zm00001eb097120	SD
Zm00001eb212230	SD
Zm00001eb289010	SD
Zm00001eb105060	SD
Zm00001eb200400	SD
Zm00001eb191620	SD
Zm00001eb260750	SD
Zm00001eb184850	SD
Zm00001eb147560	SD
Zm00001eb329600	SD
Zm00001eb054460	SD
Zm00001eb251480	SD
Zm00001eb026670	SD
Zm00001eb188240	SD
Zm00001eb225790	SD
Zm00001eb196550	SD
Zm00001eb003890	SD
Zm00001eb348820	SD
Zm00001eb136040	SD
Zm00001eb213820	SD
Zm00001eb257580	SD
Zm00001eb058760	SD
Zm00001eb027720	SD
Zm00001eb010460	SD
Zm00001eb206400	SD
Zm00001eb214500	SD
Zm00001eb400350	SD
Zm00001eb196230	SD
Zm00001eb022180	SD
Zm00001eb290480	SD
Zm00001eb051790	SD
Zm00001eb400560	SD
Zm00001eb348710	SD
Zm00001eb190430	SD
Zm00001eb371630	SD
Zm00001eb393040	SD
Zm00001eb266620	SD
Zm00001eb018350	SD
Zm00001eb015040	SD
Zm00001eb288970	SD
Zm00001eb192710	SD
Zm00001eb206300	SD
Zm00001eb003230	SD
Zm00001eb063230	SD
Zm00001eb043730	SD
Zm00001eb124320	SD
Zm00001eb140370	SD
Zm00001eb062020	SD
Zm00001eb205190	SD
Zm00001eb257770	SD
Zm00001eb004100	SD
Zm00001eb392050	SD
Zm00001eb383720	SD
Zm00001eb344760	SD
Zm00001eb252590	SD
Zm00001eb314900	SD
Zm00001eb351760	SD
Zm00001eb045890	SD
Zm00001eb398300	SD
Zm00001eb335350	SD
Zm00001eb107190	SD
Zm00001eb159530	SD
Zm00001eb016180	SD
Zm00001eb329580	SD
Zm00001eb059800	SD
Zm00001eb103760	SD
Zm00001eb298890	SD
Zm00001eb384240	SD
Zm00001eb111180	SD
Zm00001eb316300	SD
Zm00001eb136190	SD
Zm00001eb348700	SD
Zm00001eb109620	SD
Zm00001eb042450	SD
Zm00001eb403170	SD
Zm00001eb158830	SD
Zm00001eb044210	SD
Zm00001eb129560	SD
Zm00001eb185930	SD
Zm00001eb082560	SD
Zm00001eb075390	SD
Zm00001eb402540	SD
Zm00001eb192550	SD
Zm00001eb016540	SD
Zm00001eb249960	SD
Zm00001eb283420	SD
Zm00001eb179200	SD
Zm00001eb062460	SD
Zm00001eb204850	SD
Zm00001eb404840	SD
Zm00001eb173350	SD
Zm00001eb204480	SD
Zm00001eb212430	SD
Zm00001eb124250	SD
Zm00001eb313290	SD
Zm00001eb139460	SD
Zm00001eb087690	SD
Zm00001eb024620	SD
Zm00001eb009510	SD
Zm00001eb339280	SD
Zm00001eb421600	SD
Zm00001eb148400	SD
Zm00001eb397100	SD
Zm00001eb282510	SD
Zm00001eb021450	SD
Zm00001eb093580	SD
Zm00001eb056120	SD
Zm00001eb008800	SD
Zm00001eb043700	SD
Zm00001eb394150	SD
Zm00001eb328620	SD
Zm00001eb397900	SD
Zm00001eb351830	SD
Zm00001eb110350	SD
Zm00001eb352110	SD
Zm00001eb232000	SD
Zm00001eb318780	SD
Zm00001eb099270	SD
Zm00001eb333150	SD
Zm00001eb322620	SD
Zm00001eb284270	SD
Zm00001eb050930	SD
Zm00001eb277710	SD
Zm00001eb061280	SD
Zm00001eb429090	SD
Zm00001eb071790	SD
Zm00001eb062550	SD
Zm00001eb401730	SD
Zm00001eb241950	SD
Zm00001eb176110	SD
Zm00001eb073180	SD
Zm00001eb281900	SD
Zm00001eb343570	SD
Zm00001eb217060	SD
Zm00001eb403730	SD
Zm00001eb211490	SD
Zm00001eb386310	SD
Zm00001eb066680	SD
Zm00001eb365840	SD
Zm00001eb111610	SD
Zm00001eb290950	SD
Zm00001eb246120	SD
Zm00001eb048470	SD
Zm00001eb141710	SD
Zm00001eb373910	SD
Zm00001eb233300	SD
Zm00001eb253330	SD
Zm00001eb406450	SD
Zm00001eb106500	SD
Zm00001eb123630	SD
Zm00001eb210530	SD
Zm00001eb017640	SD
Zm00001eb054940	SD
Zm00001eb294790	SD
Zm00001eb429210	SD
Zm00001eb001880	SD
Zm00001eb206230	SD
Zm00001eb190350	SD
Zm00001eb031130	SD
Zm00001eb123170	SD
Zm00001eb333670	SD
Zm00001eb338920	SD
Zm00001eb058110	SD
Zm00001eb054060	SD
Zm00001eb150360	SD
Zm00001eb024450	SD
Zm00001eb141570	SD
Zm00001eb391140	SD
Zm00001eb333890	SD
Zm00001eb283060	SD
Zm00001eb057980	SD
Zm00001eb410550	SD
Zm00001eb043400	SD
Zm00001eb302650	SD
Zm00001eb016870	SD
Zm00001eb391000	SD
Zm00001eb192420	SD
Zm00001eb051830	SD
Zm00001eb034100	SD
Zm00001eb119330	SD
Zm00001eb294330	SD
Zm00001eb008080	SD
Zm00001eb313180	SD
Zm00001eb120890	SD
Zm00001eb348140	SD
Zm00001eb107810	SD
Zm00001eb233690	SD
Zm00001eb098100	SD
Zm00001eb424780	SD
Zm00001eb209670	SD
Zm00001eb104400	SD
Zm00001eb423910	SD
Zm00001eb391570	SD
Zm00001eb084510	SD
Zm00001eb295900	SD
Zm00001eb296990	SD
Zm00001eb058100	SD
Zm00001eb131440	SD
Zm00001eb010110	SD
Zm00001eb005110	SD
Zm00001eb295480	SD
Zm00001eb150340	SD
Zm00001eb045620	SD
Zm00001eb020100	SD
Zm00001eb097400	SD
Zm00001eb161340	SD
Zm00001eb194300	SD
Zm00001eb322200	SD
Zm00001eb170530	SD
Zm00001eb146420	SD
Zm00001eb107870	SD
Zm00001eb082220	SD
Zm00001eb296120	SD
Zm00001eb292760	SD
Zm00001eb248170	SD
Zm00001eb122220	SD
Zm00001eb100170	SD
Zm00001eb128000	SD
Zm00001eb100660	SD
Zm00001eb360490	SD
Zm00001eb037460	SD
Zm00001eb321950	SD
Zm00001eb184870	SD
Zm00001eb079220	SD
Zm00001eb220850	SD
Zm00001eb335390	SD
Zm00001eb385490	SD
Zm00001eb344110	SD
Zm00001eb295920	SD
Zm00001eb138930	SD
Zm00001eb103750	SD
Zm00001eb113190	SD
Zm00001eb196790	SD
Zm00001eb173020	SD
Zm00001eb214000	SD
Zm00001eb120810	SD
Zm00001eb253350	SD
Zm00001eb200920	SD
Zm00001eb401800	SD
Zm00001eb271870	SD
Zm00001eb349230	SD
Zm00001eb114310	SD
Zm00001eb161320	SD
Zm00001eb023650	SD
Zm00001eb367100	SD
Zm00001eb055820	SD
Zm00001eb066190	SD
Zm00001eb090970	SD
Zm00001eb368280	SD
Zm00001eb275120	SD
Zm00001eb112590	SD
Zm00001eb171190	SD
Zm00001eb196530	SD
Zm00001eb344070	SD
Zm00001eb348750	SD
Zm00001eb106010	SD
Zm00001eb257960	SD
Zm00001eb434380	SD
Zm00001eb124450	SD
Zm00001eb291460	SD
Zm00001eb304280	SD
Zm00001eb424930	SD
Zm00001eb402560	SD
Zm00001eb283530	SD
Zm00001eb417480	SD
Zm00001eb295430	SD
Zm00001eb401170	SD
Zm00001eb111660	SD
Zm00001eb145400	SD
Zm00001eb050650	SD
Zm00001eb351250	SD
Zm00001eb380240	SD
Zm00001eb248110	SD
Zm00001eb224600	SD
Zm00001eb355240	SD
Zm00001eb060040	SD
Zm00001eb378570	SD
Zm00001eb079260	SD
Zm00001eb142830	SD
Zm00001eb314130	SD
Zm00001eb387160	SD
Zm00001eb027730	SD
Zm00001eb131540	SD
Zm00001eb147650	SD
Zm00001eb153620	SD
Zm00001eb416890	SD
Zm00001eb043550	SD
Zm00001eb076820	SD
Zm00001eb415360	SD
Zm00001eb290460	SD
Zm00001eb218340	SD
Zm00001eb160710	SD
Zm00001eb073640	SD
Zm00001eb363100	SD
Zm00001eb158520	SD
Zm00001eb082860	SD
Zm00001eb219740	SD
Zm00001eb064270	SD
Zm00001eb064360	SD
Zm00001eb196960	SD
Zm00001eb032480	SD
Zm00001eb036770	SD
Zm00001eb128460	SD
Zm00001eb127890	SD
Zm00001eb121380	SD
Zm00001eb380390	SD
Zm00001eb172590	SD
Zm00001eb142940	SD
Zm00001eb424850	SD
Zm00001eb014150	SD
Zm00001eb151090	SD
Zm00001eb041890	SD
Zm00001eb310810	SD
Zm00001eb389360	SD
Zm00001eb250340	SD
Zm00001eb173420	SD
Zm00001eb378870	SD
Zm00001eb280690	SD
Zm00001eb357650	SD
Zm00001eb041930	SD
Zm00001eb024290	SD
Zm00001eb208610	SD
Zm00001eb197180	SD
Zm00001eb369730	SD
Zm00001eb297570	SD
Zm00001eb358340	SD
Zm00001eb038040	SD
Zm00001eb051170	SD
Zm00001eb329270	SD
Zm00001eb018380	SD
Zm00001eb392150	SD
Zm00001eb156530	SD
Zm00001eb295170	SD
Zm00001eb392370	SD
Zm00001eb324260	SD
Zm00001eb340590	SD
Zm00001eb282480	SD
Zm00001eb322720	SD
Zm00001eb220770	SD
Zm00001eb417440	SD
Zm00001eb354890	SD
Zm00001eb232670	SD
Zm00001eb143520	SD
Zm00001eb294690	SD
Zm00001eb043350	SD
Zm00001eb194520	SD
Zm00001eb104590	SD
Zm00001eb058160	SD
Zm00001eb096780	SD
Zm00001eb213620	SD
Zm00001eb122240	SD
Zm00001eb101450	SD
Zm00001eb395150	SD
Zm00001eb280600	SD
Zm00001eb344010	SD
Zm00001eb026930	SD
Zm00001eb269710	SD
Zm00001eb091530	SD
Zm00001eb220880	SD
Zm00001eb405210	SD
Zm00001eb410830	SD
Zm00001eb071850	SD
Zm00001eb052960	SD
Zm00001eb000580	SD
Zm00001eb339720	SD
Zm00001eb170390	SD
Zm00001eb358880	SD
Zm00001eb146720	SD
Zm00001eb363200	SD
Zm00001eb048860	SD
Zm00001eb283010	SD
Zm00001eb086160	SD
Zm00001eb013480	SD
Zm00001eb210470	SD
Zm00001eb392890	SD
Zm00001eb138040	SD
Zm00001eb340690	SD
Zm00001eb111920	SD
Zm00001eb140090	SD
Zm00001eb347360	SD
Zm00001eb311610	SD
Zm00001eb162410	SD
Zm00001eb328540	SD
Zm00001eb295310	SD
Zm00001eb110670	SD
Zm00001eb228570	SD
Zm00001eb046550	SD
Zm00001eb432100	SD
Zm00001eb047200	SD
Zm00001eb145320	SD
Zm00001eb017810	SD
Zm00001eb267680	SD
Zm00001eb075460	SD
Zm00001eb292390	SD
Zm00001eb056070	SD
Zm00001eb358260	SD
Zm00001eb349050	SD
Zm00001eb181690	SD
Zm00001eb001160	SD
Zm00001eb107530	SD
Zm00001eb150860	SD
Zm00001eb341960	SD
Zm00001eb322810	SD
Zm00001eb008550	SD
Zm00001eb361900	SD
Zm00001eb070320	SD
Zm00001eb430780	SD
Zm00001eb105610	SD
Zm00001eb364800	SD
Zm00001eb113010	SD
Zm00001eb336220	SD
Zm00001eb202860	SD
Zm00001eb333940	SD
Zm00001eb202270	SD
Zm00001eb065800	SD
Zm00001eb141940	SD
Zm00001eb188760	SD
Zm00001eb391720	SD
Zm00001eb359670	SD
Zm00001eb211460	SD
Zm00001eb231570	SD
Zm00001eb043430	SD
Zm00001eb091200	SD
Zm00001eb067820	SD
Zm00001eb163800	SD
Zm00001eb336480	SD
Zm00001eb135250	SD
Zm00001eb036480	SD
Zm00001eb104550	SD
Zm00001eb150440	SD
Zm00001eb119980	SD
Zm00001eb012960	SD
Zm00001eb081190	SD
Zm00001eb056560	SD
Zm00001eb056910	SD
Zm00001eb197750	SD
Zm00001eb316720	SD
Zm00001eb045930	SD
Zm00001eb215890	SD
Zm00001eb215480	SD
Zm00001eb023520	SD
Zm00001eb164230	SD
Zm00001eb037840	SD
Zm00001eb423440	SD
Zm00001eb243500	SD
Zm00001eb332620	SD
Zm00001eb425800	SD
Zm00001eb036220	SD
Zm00001eb277330	SD
Zm00001eb405080	SD
Zm00001eb370890	SD
Zm00001eb061770	SD
Zm00001eb163990	SD
Zm00001eb021030	SD
Zm00001eb406770	SD
Zm00001eb162210	SD
Zm00001eb150460	SD
Zm00001eb395220	SD
Zm00001eb073290	SD
Zm00001eb320760	SD
Zm00001eb184310	SD
Zm00001eb244830	SD
Zm00001eb398510	SD
Zm00001eb226810	SD
Zm00001eb348650	SD
Zm00001eb144000	SD
Zm00001eb100530	SD
Zm00001eb315870	SD
Zm00001eb111020	SD
Zm00001eb357040	SD
Zm00001eb294200	SD
Zm00001eb098710	SD
Zm00001eb163690	SD
Zm00001eb073350	SD
Zm00001eb424680	SD
Zm00001eb165400	SD
Zm00001eb188100	SD
Zm00001eb221140	SD
Zm00001eb332720	SD
Zm00001eb150720	SD
Zm00001eb306630	SD
Zm00001eb431200	SD
Zm00001eb312260	SD
Zm00001eb072600	SD
Zm00001eb227180	SD
Zm00001eb317500	SD
Zm00001eb272020	SD
Zm00001eb343000	SD
Zm00001eb356930	SD
Zm00001eb144630	SD
Zm00001eb041730	SD
Zm00001eb093440	SD
Zm00001eb278580	SD
Zm00001eb252240	SD
Zm00001eb314750	SD
Zm00001eb278470	SD
Zm00001eb337540	SD
Zm00001eb283520	SD
Zm00001eb043950	SD
Zm00001eb111270	SD
Zm00001eb357220	SD
Zm00001eb181100	SD
Zm00001eb214560	SD
Zm00001eb082230	SD
Zm00001eb360630	SD
Zm00001eb010710	SD
Zm00001eb294610	SD
Zm00001eb376680	SD
Zm00001eb310970	SD
Zm00001eb173100	SD
Zm00001eb281230	SD
Zm00001eb298440	SD
Zm00001eb280920	SD
Zm00001eb252640	SD
Zm00001eb107710	SD
Zm00001eb178120	SD
Zm00001eb109770	SD
Zm00001eb189440	SD
Zm00001eb144330	SD
Zm00001eb382990	SD
Zm00001eb288090	SD
Zm00001eb131430	SD
Zm00001eb313570	SD
Zm00001eb363800	SD
Zm00001eb381600	SD
Zm00001eb371590	SD
Zm00001eb041100	SD
Zm00001eb432940	SD
Zm00001eb311450	SD
Zm00001eb058500	SD
Zm00001eb273600	SD
Zm00001eb213480	SD
Zm00001eb393930	SD
Zm00001eb381270	SD
Zm00001eb355120	SD
Zm00001eb340170	SD
Zm00001eb314180	SD
Zm00001eb105680	SD
Zm00001eb069140	SD
Zm00001eb196470	SD
Zm00001eb297290	SD
Zm00001eb107640	SD
Zm00001eb293450	SD
Zm00001eb228280	SD
Zm00001eb211720	SD
Zm00001eb312850	SD
Zm00001eb147510	SD
Zm00001eb009660	SD
Zm00001eb024360	SD
Zm00001eb324390	SD
Zm00001eb079200	SD
Zm00001eb365060	SD
Zm00001eb135680	SD
Zm00001eb404640	SD
Zm00001eb403210	SD
Zm00001eb299690	SD
Zm00001eb318570	SD
Zm00001eb389800	SD
Zm00001eb010210	SD
Zm00001eb078110	SD
Zm00001eb057200	SD
Zm00001eb431120	SD
Zm00001eb336660	SD
Zm00001eb077820	SD
Zm00001eb206090	SD
Zm00001eb005970	SD
Zm00001eb155250	SD
Zm00001eb091230	SD
Zm00001eb277520	SD
Zm00001eb127840	SD
Zm00001eb105130	SD
Zm00001eb103070	SD
Zm00001eb098390	SD
Zm00001eb080700	SD
Zm00001eb325800	SD
Zm00001eb423600	SD
Zm00001eb394950	SD
Zm00001eb153320	SD
Zm00001eb332260	SD
Zm00001eb066830	SD
Zm00001eb322260	SD
Zm00001eb194070	SD
Zm00001eb071110	SD
Zm00001eb125890	SD
Zm00001eb429610	SD
Zm00001eb068400	SD
Zm00001eb284130	SD
Zm00001eb202590	SD
Zm00001eb353710	SD
Zm00001eb371000	SD
Zm00001eb404660	SD
Zm00001eb335640	SD
Zm00001eb424110	SD
Zm00001eb179660	SD
Zm00001eb189190	SD
Zm00001eb381220	SD
Zm00001eb366300	SD
Zm00001eb258460	SD
Zm00001eb388060	SD
Zm00001eb345120	SD
Zm00001eb150450	SD
Zm00001eb353740	SD
Zm00001eb092720	SD
Zm00001eb061960	SD
Zm00001eb021300	SD
Zm00001eb316350	SD
Zm00001eb110020	SD
Zm00001eb400800	SD
Zm00001eb425750	SD
Zm00001eb403920	SD
Zm00001eb243840	SD
Zm00001eb099680	SD
Zm00001eb246090	SD
Zm00001eb012300	SD
Zm00001eb155690	SD
Zm00001eb073660	SD
Zm00001eb018410	SD
Zm00001eb093250	SD
Zm00001eb154000	SD
Zm00001eb102440	SD
Zm00001eb107940	SD
Zm00001eb077550	SD
Zm00001eb352530	SD
Zm00001eb107110	SD
Zm00001eb051660	SD
Zm00001eb204130	SD
Zm00001eb099440	SD
Zm00001eb310330	SD
Zm00001eb370530	SD
Zm00001eb009460	SD
Zm00001eb145600	SD
Zm00001eb252010	SD
Zm00001eb123670	SD
Zm00001eb125730	SD
Zm00001eb424670	SD
Zm00001eb215150	SD
Zm00001eb084430	SD
Zm00001eb150820	SD
Zm00001eb097780	SD
Zm00001eb159200	SD
Zm00001eb181510	SD
Zm00001eb083590	SD
Zm00001eb394840	SD
Zm00001eb167940	SD
Zm00001eb378170	SD
Zm00001eb396620	SD
Zm00001eb173390	SD
Zm00001eb015460	SD
Zm00001eb015150	SD
Zm00001eb334750	SD
Zm00001eb429130	SD
Zm00001eb248780	SD
Zm00001eb105800	SD
Zm00001eb290980	SD
Zm00001eb231050	SD
Zm00001eb146400	SD
Zm00001eb407810	SD
Zm00001eb433390	SD
Zm00001eb199810	SD
Zm00001eb416950	SD
Zm00001eb430610	SD
Zm00001eb189470	SD
Zm00001eb015540	SD
Zm00001eb425020	SD
Zm00001eb114200	SD
Zm00001eb124300	SD
Zm00001eb171820	SD
Zm00001eb251700	SD
Zm00001eb234980	SD
Zm00001eb006700	SD
Zm00001eb027860	SD
Zm00001eb392610	SD
Zm00001eb402380	SD
Zm00001eb067340	SD
Zm00001eb067190	SD
Zm00001eb174670	SD
Zm00001eb057750	SD
Zm00001eb053410	SD
Zm00001eb043390	SD
Zm00001eb408460	SD
Zm00001eb273630	SD
Zm00001eb375380	SD
Zm00001eb368150	SD
Zm00001eb370290	SD
Zm00001eb047280	SD
Zm00001eb208580	SD
Zm00001eb196000	SD
Zm00001eb108250	SD
Zm00001eb371370	SD
Zm00001eb282950	SD
Zm00001eb247140	SD
Zm00001eb314630	SD
Zm00001eb295120	SD
Zm00001eb050670	SD
Zm00001eb005240	SD
Zm00001eb290690	SD
Zm00001eb323030	SD
Zm00001eb011950	SD
Zm00001eb197970	SD
Zm00001eb210380	SD
Zm00001eb431720	SD
Zm00001eb069960	SD
Zm00001eb213130	SD
Zm00001eb058970	SD
Zm00001eb225260	SD
Zm00001eb246490	SD
Zm00001eb329360	SD
Zm00001eb371970	SD
Zm00001eb359200	SD
Zm00001eb148210	SD
Zm00001eb390690	SD
Zm00001eb431320	SD
Zm00001eb390850	SD
Zm00001eb397550	SD
Zm00001eb216410	SD
Zm00001eb422120	SD
Zm00001eb357590	SD
Zm00001eb366410	SD
Zm00001eb050700	SD
Zm00001eb361300	SD
Zm00001eb123140	SD
Zm00001eb332980	SD
Zm00001eb146710	SD
Zm00001eb187450	SD
Zm00001eb207380	SD
Zm00001eb046160	SD
Zm00001eb427590	SD
Zm00001eb377200	SD
Zm00001eb427130	SD
Zm00001eb109280	SD
Zm00001eb399180	SD
Zm00001eb349010	SD
Zm00001eb210740	SD
Zm00001eb323620	SD
Zm00001eb176490	SD
Zm00001eb404880	SD
Zm00001eb050290	SD
Zm00001eb421550	SD
Zm00001eb040870	SD
Zm00001eb234130	SD
Zm00001eb134400	SD
Zm00001eb068390	SD
Zm00001eb055850	SD
Zm00001eb295590	SD
Zm00001eb329070	SD
Zm00001eb276580	SD
Zm00001eb213700	SD
Zm00001eb005380	SD
Zm00001eb360880	SD
Zm00001eb010610	SD
Zm00001eb107490	SD
Zm00001eb000400	SD
Zm00001eb392740	SD
Zm00001eb331220	SD
Zm00001eb196030	SD
Zm00001eb355140	SD
Zm00001eb302580	SD
Zm00001eb363500	SD
Zm00001eb035660	SD
Zm00001eb374390	SD
Zm00001eb149070	SD
Zm00001eb034940	SD
Zm00001eb100470	SD
Zm00001eb057580	SD
Zm00001eb141310	SD
Zm00001eb243070	SD
Zm00001eb162020	SD
Zm00001eb330880	SD
Zm00001eb391060	SD
Zm00001eb250210	SD
Zm00001eb150420	SD
Zm00001eb292920	SD
Zm00001eb416450	SD
Zm00001eb206900	SD
Zm00001eb009570	SD
Zm00001eb013950	SD
Zm00001eb010310	SD
Zm00001eb312910	SD
Zm00001eb001940	SD
Zm00001eb384690	SD
Zm00001eb407680	SD
Zm00001eb324270	SD
Zm00001eb288270	SD
Zm00001eb052540	SD
Zm00001eb361170	SD
Zm00001eb111910	SD
Zm00001eb013840	SD
Zm00001eb038470	SD
Zm00001eb025080	SD
Zm00001eb269490	SD
Zm00001eb371320	SD
Zm00001eb397050	SD
Zm00001eb149970	SD
Zm00001eb019240	SD
Zm00001eb130620	SD
Zm00001eb078220	SD
Zm00001eb223540	SD
Zm00001eb189050	SD
Zm00001eb202410	SD
Zm00001eb085130	SD
Zm00001eb252180	SD
Zm00001eb045770	SD
Zm00001eb358400	SD
Zm00001eb174650	SD
Zm00001eb246150	SD
Zm00001eb402180	SD
Zm00001eb272620	SD
Zm00001eb232910	SD
Zm00001eb403970	SD
Zm00001eb200840	SD
Zm00001eb104000	SD
Zm00001eb355060	SD
Zm00001eb281190	SD
Zm00001eb332520	SD
Zm00001eb365600	SD
Zm00001eb143150	SD
Zm00001eb277200	SD
Zm00001eb374530	SD
Zm00001eb328000	SD
Zm00001eb373760	SD
Zm00001eb097570	SD
Zm00001eb348540	SD
Zm00001eb246220	SD
Zm00001eb280090	SD
Zm00001eb205040	SD
Zm00001eb365190	SD
Zm00001eb107970	SD
Zm00001eb106750	SD
Zm00001eb102520	SD
Zm00001eb143020	SD
Zm00001eb176480	SD
Zm00001eb366220	SD
Zm00001eb403150	SD
Zm00001eb108170	SD
Zm00001eb242090	SD
Zm00001eb211100	SD
Zm00001eb173640	SD
Zm00001eb011990	SD
Zm00001eb048290	SD
Zm00001eb244460	SD
Zm00001eb019140	SD
Zm00001eb101850	SD
Zm00001eb258920	SD
Zm00001eb026840	SD
Zm00001eb334190	SD
Zm00001eb273950	SD
Zm00001eb401160	SD
Zm00001eb099250	SD
Zm00001eb279930	SD
Zm00001eb316740	SD
Zm00001eb048420	SD
Zm00001eb385590	SD
Zm00001eb078860	SD
Zm00001eb140590	SD
Zm00001eb248330	SD
Zm00001eb331970	SD
Zm00001eb160050	SD
Zm00001eb175950	SD
Zm00001eb067500	SD
Zm00001eb398410	SD
Zm00001eb128990	SD
Zm00001eb095330	SD
Zm00001eb374410	SD
Zm00001eb213430	SD
Zm00001eb314620	SD
Zm00001eb413810	SD
Zm00001eb084870	SD
Zm00001eb201770	SD
Zm00001eb294360	SD
Zm00001eb255870	SD
Zm00001eb192450	SD
Zm00001eb199780	SD
Zm00001eb074680	SD
Zm00001eb209350	SD
Zm00001eb412940	SD
Zm00001eb009260	SD
Zm00001eb206210	SD
Zm00001eb236180	SD
Zm00001eb317740	SD
Zm00001eb188370	SD
Zm00001eb194440	SD
Zm00001eb400000	SD
Zm00001eb335020	SD
Zm00001eb186440	SD
Zm00001eb111510	SD
Zm00001eb085680	SD
Zm00001eb293700	SD
Zm00001eb404230	SD
Zm00001eb303380	SD
Zm00001eb112250	SD
Zm00001eb219200	SD
Zm00001eb389810	SD
Zm00001eb184070	SD
Zm00001eb269810	SD
Zm00001eb072300	SD
Zm00001eb175470	SD
Zm00001eb313700	SD
Zm00001eb391240	SD
Zm00001eb141880	SD
Zm00001eb070130	SD
Zm00001eb403500	SD
Zm00001eb011370	SD
Zm00001eb404290	SD
Zm00001eb307730	SD
Zm00001eb100980	SD
Zm00001eb006900	SD
Zm00001eb430000	SD
Zm00001eb187810	SD
Zm00001eb358080	SD
Zm00001eb361210	SD
Zm00001eb422270	SD
Zm00001eb213160	SD
Zm00001eb128070	SD
Zm00001eb104700	SD
Zm00001eb146620	SD
Zm00001eb148360	SD
Zm00001eb191260	SD
Zm00001eb042260	SD
Zm00001eb130000	SD
Zm00001eb238650	SD
Zm00001eb054430	SD
Zm00001eb002680	SD
Zm00001eb217440	SD
Zm00001eb099320	SD
Zm00001eb398600	SD
Zm00001eb354510	SD
Zm00001eb382080	SD
Zm00001eb244590	SD
Zm00001eb364730	SD
Zm00001eb354910	SD
Zm00001eb363880	SD
Zm00001eb037170	SD
Zm00001eb006740	SD
Zm00001eb338190	SD
Zm00001eb024570	SD
Zm00001eb398000	SD
Zm00001eb046390	SD
Zm00001eb003210	SD
Zm00001eb278940	SD
Zm00001eb314660	SD
Zm00001eb361080	SD
Zm00001eb255170	SD
Zm00001eb259120	SD
Zm00001eb334920	SD
Zm00001eb345270	SD
Zm00001eb111860	SD
Zm00001eb350890	SD
Zm00001eb063620	SD
Zm00001eb362580	SD
Zm00001eb162060	SD
Zm00001eb082820	SD
Zm00001eb205930	SD
Zm00001eb361250	SD
Zm00001eb050220	SD
Zm00001eb135200	SD
Zm00001eb432050	SD
Zm00001eb179510	SD
Zm00001eb394080	SD
Zm00001eb064140	SD
Zm00001eb373670	SD
Zm00001eb073920	SD
Zm00001eb357120	SD
Zm00001eb257200	SD
Zm00001eb421790	SD
Zm00001eb093750	SD
Zm00001eb104370	SD
Zm00001eb312170	SD
Zm00001eb075500	SD
Zm00001eb119270	SD
Zm00001eb323140	SD
Zm00001eb351520	SD
Zm00001eb402310	SD
Zm00001eb329510	SD
Zm00001eb397090	SD
Zm00001eb152600	SD
Zm00001eb113060	SD
Zm00001eb187120	SD
Zm00001eb173540	SD
Zm00001eb428320	SD
Zm00001eb193130	SD
Zm00001eb291850	SD
Zm00001eb403800	SD
Zm00001eb208070	SD
Zm00001eb431900	SD
Zm00001eb219720	SD
Zm00001eb342510	SD
Zm00001eb434300	SD
Zm00001eb313850	SD
Zm00001eb108100	SD
Zm00001eb396920	SD
Zm00001eb216080	SD
Zm00001eb122890	SD
Zm00001eb392460	SD
Zm00001eb254330	SD
Zm00001eb071280	SD
Zm00001eb426230	SD
Zm00001eb427970	SD
Zm00001eb093730	SD
Zm00001eb319700	SD
Zm00001eb030710	SD
Zm00001eb247500	SD
Zm00001eb194990	SD
Zm00001eb240630	SD
Zm00001eb110840	SD
Zm00001eb294390	SD
Zm00001eb126080	SD
Zm00001eb150730	SD
Zm00001eb191940	SD
Zm00001eb102200	SD
Zm00001eb007180	SD
Zm00001eb392940	SD
Zm00001eb234960	SD
Zm00001eb347400	SD
Zm00001eb048710	SD
Zm00001eb142640	SD
Zm00001eb227980	SD
Zm00001eb312970	SD
Zm00001eb432530	SD
Zm00001eb045460	SD
Zm00001eb359420	SD
Zm00001eb363750	SD
Zm00001eb064850	SD
Zm00001eb082680	SD
Zm00001eb291880	SD
Zm00001eb396540	SD
Zm00001eb241920	SD
Zm00001eb014720	SD
Zm00001eb152670	SD
Zm00001eb071830	SD
Zm00001eb407670	SD
Zm00001eb363950	SD
Zm00001eb061460	SD
Zm00001eb271050	SD
Zm00001eb182770	SD
Zm00001eb328590	SD
Zm00001eb311030	SD
Zm00001eb245040	SD
Zm00001eb211660	SD
Zm00001eb012340	SD
Zm00001eb218560	SD
Zm00001eb385960	SD
Zm00001eb178900	SD
Zm00001eb386520	SD
Zm00001eb314310	SD
Zm00001eb413160	SD
Zm00001eb128150	SD
Zm00001eb213310	SD
Zm00001eb304290	SD
Zm00001eb181840	SD
Zm00001eb365560	SD
Zm00001eb173840	SD
Zm00001eb399800	SD
Zm00001eb260390	SD
Zm00001eb123160	SD
Zm00001eb146560	SD
Zm00001eb051780	SD
Zm00001eb277320	SD
Zm00001eb218160	SD
Zm00001eb289590	SD
Zm00001eb373000	SD
Zm00001eb215020	SD
Zm00001eb141000	SD
Zm00001eb041070	SD
Zm00001eb210780	SD
Zm00001eb048720	SD
Zm00001eb061630	SD
Zm00001eb037930	SD
Zm00001eb431050	SD
Zm00001eb373380	SD
Zm00001eb342840	SD
Zm00001eb205050	SD
Zm00001eb212880	SD
Zm00001eb367990	SD
Zm00001eb337370	SD
Zm00001eb158740	SD
Zm00001eb076730	SD
Zm00001eb065740	SD
Zm00001eb352210	SD
Zm00001eb015490	SD
Zm00001eb030780	SD
Zm00001eb371170	SD
Zm00001eb081680	SD
Zm00001eb240090	SD
Zm00001eb232200	SD
Zm00001eb174710	SD
Zm00001eb157490	SD
Zm00001eb424010	SD
Zm00001eb209800	SD
Zm00001eb012440	SD
Zm00001eb147750	SD
Zm00001eb295520	SD
Zm00001eb061380	SD
Zm00001eb205130	SD
Zm00001eb212040	SD
Zm00001eb238820	SD
Zm00001eb152000	SD
Zm00001eb246020	SD
Zm00001eb258170	SD
Zm00001eb281730	SD
Zm00001eb122400	SD
Zm00001eb233140	SD
Zm00001eb298700	SD
Zm00001eb147240	SD
Zm00001eb289290	SD
Zm00001eb004410	SD
Zm00001eb154190	SD
Zm00001eb013130	SD
Zm00001eb352400	SD
Zm00001eb431330	SD
Zm00001eb200060	SD
Zm00001eb339490	SD
Zm00001eb359460	SD
Zm00001eb054200	SD
Zm00001eb215670	SD
Zm00001eb192770	SD
Zm00001eb314220	SD
Zm00001eb076030	SD
Zm00001eb364360	SD
Zm00001eb260380	SD
Zm00001eb014110	SD
Zm00001eb074870	SD
Zm00001eb016800	SD
Zm00001eb330070	SD
Zm00001eb012040	SD
Zm00001eb105390	SD
Zm00001eb127490	SD
Zm00001eb078680	SD
Zm00001eb100230	SD
Zm00001eb041220	SD
Zm00001eb196400	SD
Zm00001eb129000	SD
Zm00001eb190630	SD
Zm00001eb342430	SD
Zm00001eb398830	SD
Zm00001eb036450	SD
Zm00001eb364570	SD
Zm00001eb063290	SD
Zm00001eb211390	SD
Zm00001eb098900	SD
Zm00001eb265270	SD
Zm00001eb178590	SD
Zm00001eb143340	SD
Zm00001eb229940	SD
Zm00001eb148640	SD
Zm00001eb012530	SD
Zm00001eb189080	SD
Zm00001eb061930	SD
Zm00001eb119840	SD
Zm00001eb279160	SD
Zm00001eb048320	SD
Zm00001eb251210	SD
Zm00001eb342850	SD
Zm00001eb175640	SD
Zm00001eb272150	SD
Zm00001eb002830	SD
Zm00001eb273900	SD
Zm00001eb332150	SD
Zm00001eb280580	SD
Zm00001eb181760	SD
Zm00001eb112340	SD
Zm00001eb174210	SD
Zm00001eb369380	SD
Zm00001eb356940	SD
Zm00001eb072030	SD
Zm00001eb038030	SD
Zm00001eb233930	SD
Zm00001eb212940	SD
Zm00001eb288980	SD
Zm00001eb348270	SD
Zm00001eb301420	SD
Zm00001eb271440	SD
Zm00001eb037570	SD
Zm00001eb387440	SD
Zm00001eb041910	SD
Zm00001eb402780	SD
Zm00001eb415710	SD
Zm00001eb294770	SD
Zm00001eb360730	SD
Zm00001eb298780	SD
Zm00001eb010400	SD
Zm00001eb206440	SD
Zm00001eb212630	SD
Zm00001eb151440	SD
Zm00001eb404820	SD
Zm00001eb147110	SD
Zm00001eb058460	SD
Zm00001eb254280	SD
Zm00001eb363170	SD
Zm00001eb011430	SD
Zm00001eb373100	SD
Zm00001eb145510	SD
Zm00001eb289790	SD
Zm00001eb071920	SD
Zm00001eb158350	SD
Zm00001eb301450	SD
Zm00001eb301850	SD
Zm00001eb354750	SD
Zm00001eb279580	SD
Zm00001eb147880	SD
Zm00001eb044870	SD
Zm00001eb035970	SD
Zm00001eb085220	SD
Zm00001eb092710	SD
Zm00001eb057930	SD
Zm00001eb431950	SD
Zm00001eb366830	SD
Zm00001eb260240	SD
Zm00001eb386560	SD
Zm00001eb425830	SD
Zm00001eb011040	SD
Zm00001eb261590	SD
Zm00001eb259240	SD
Zm00001eb183700	SD
Zm00001eb204590	SD
Zm00001eb177330	SD
Zm00001eb432520	SD
Zm00001eb147050	SD
Zm00001eb003000	SD
Zm00001eb420910	SD
Zm00001eb136900	SD
Zm00001eb220370	SD
Zm00001eb176420	SD
Zm00001eb127210	SD
Zm00001eb219220	SD
Zm00001eb007640	SD
Zm00001eb398840	SD
Zm00001eb426650	SD
Zm00001eb275860	SD
Zm00001eb182680	SD
Zm00001eb071760	SD
Zm00001eb017860	SD
Zm00001eb328890	SD
Zm00001eb152750	SD
Zm00001eb428240	SD
Zm00001eb041400	SD
Zm00001eb113100	SD
Zm00001eb430670	SD
Zm00001eb215190	SD
Zm00001eb402070	SD
Zm00001eb213250	SD
Zm00001eb307410	SD
Zm00001eb277860	SD
Zm00001eb238330	SD
Zm00001eb332180	SD
Zm00001eb402570	SD
Zm00001eb097690	SD
Zm00001eb159410	SD
Zm00001eb036940	SD
Zm00001eb061140	SD
Zm00001eb107030	SD
Zm00001eb050410	SD
Zm00001eb295400	SD
Zm00001eb059850	SD
Zm00001eb066060	SD
Zm00001eb401190	SD
Zm00001eb271190	SD
Zm00001eb085820	SD
Zm00001eb304550	SD
Zm00001eb247840	SD
Zm00001eb195920	SD
Zm00001eb429230	SD
Zm00001eb395320	SD
Zm00001eb311190	SD
Zm00001eb123410	SD
Zm00001eb179740	SD
Zm00001eb383120	SD
Zm00001eb037600	SD
Zm00001eb147290	SD
Zm00001eb272240	SD
Zm00001eb003010	SD
Zm00001eb336900	SD
Zm00001eb266650	SD
Zm00001eb322950	SD
Zm00001eb216070	SD
Zm00001eb006630	SD
Zm00001eb408010	SD
Zm00001eb430240	SD
Zm00001eb316790	SD
Zm00001eb425180	SD
Zm00001eb151270	SD
Zm00001eb031300	SD
Zm00001eb035420	SD
Zm00001eb280670	SD
Zm00001eb121270	SD
Zm00001eb375560	SD
Zm00001eb257810	SD
Zm00001eb033500	SD
Zm00001eb313980	SD
Zm00001eb175860	SD
Zm00001eb052900	SD
Zm00001eb383050	SD
Zm00001eb397170	SD
Zm00001eb184110	SD
Zm00001eb187900	SD
Zm00001eb081720	SD
Zm00001eb194150	SD
Zm00001eb250950	SD
Zm00001eb406920	SD
Zm00001eb213010	SD
Zm00001eb148960	SD
Zm00001eb089600	SD
Zm00001eb194780	SD
Zm00001eb051330	SD
Zm00001eb252730	SD
Zm00001eb387430	SD
Zm00001eb272800	SD
Zm00001eb214030	SD
Zm00001eb261430	SD
Zm00001eb334180	SD
Zm00001eb394530	SD
Zm00001eb307250	SD
Zm00001eb220650	SD
Zm00001eb156700	SD
Zm00001eb402520	SD
Zm00001eb228590	SD
Zm00001eb072710	SD
Zm00001eb075100	SD
Zm00001eb425930	SD
Zm00001eb159150	SD
Zm00001eb363370	SD
Zm00001eb331370	SD
Zm00001eb079270	SD
Zm00001eb173270	SD
Zm00001eb002470	SD
Zm00001eb396970	SD
Zm00001eb096890	SD
Zm00001eb018870	SD
Zm00001eb289050	SD
Zm00001eb268770	SD
Zm00001eb317170	SD
Zm00001eb037710	SD
Zm00001eb193320	SD
Zm00001eb360550	SD
Zm00001eb233490	SD
Zm00001eb222450	SD
Zm00001eb315430	SD
Zm00001eb109860	SD
Zm00001eb392230	SD
Zm00001eb381580	SD
Zm00001eb433030	SD
Zm00001eb110710	SD
Zm00001eb414090	SD
Zm00001eb222650	SD
Zm00001eb031590	SD
Zm00001eb354620	SD
Zm00001eb225010	SD
Zm00001eb376980	SD
Zm00001eb160810	SD
Zm00001eb387590	SD
Zm00001eb008200	SD
Zm00001eb037230	SD
Zm00001eb053770	SD
Zm00001eb043030	SD
Zm00001eb169070	SD
Zm00001eb083640	SD
Zm00001eb143230	SD
Zm00001eb205090	SD
Zm00001eb045300	SD
Zm00001eb276570	SD
Zm00001eb024020	SD
Zm00001eb354450	SD
Zm00001eb070460	SD
Zm00001eb171260	SD
Zm00001eb352250	SD
Zm00001eb265640	SD
Zm00001eb005220	SD
Zm00001eb056980	SD
Zm00001eb371070	SD
Zm00001eb143220	SD
Zm00001eb004440	SD
Zm00001eb348630	SD
Zm00001eb110030	SD
Zm00001eb318730	SD
Zm00001eb301330	SD
Zm00001eb076840	SD
Zm00001eb426060	SD
Zm00001eb271120	SD
Zm00001eb246190	SD
Zm00001eb187140	SD
Zm00001eb097990	SD
Zm00001eb400890	SD
Zm00001eb344490	SD
Zm00001eb283020	SD
Zm00001eb369640	SD
Zm00001eb336450	SD
Zm00001eb416340	SD
Zm00001eb005710	SD
Zm00001eb209790	SD
Zm00001eb241840	SD
Zm00001eb315110	SD
Zm00001eb185880	SD
Zm00001eb427300	SD
Zm00001eb073790	SD
Zm00001eb157280	SD
Zm00001eb288390	SD
Zm00001eb024930	SD
Zm00001eb199940	SD
Zm00001eb242740	SD
Zm00001eb399090	SD
Zm00001eb121330	SD
Zm00001eb039340	SD
Zm00001eb339040	SD
Zm00001eb317160	SD
Zm00001eb173960	SD
Zm00001eb413850	SD
Zm00001eb006670	SD
Zm00001eb054670	SD
Zm00001eb057420	SD
Zm00001eb187880	SD
Zm00001eb112270	SD
Zm00001eb058480	SD
Zm00001eb276850	SD
Zm00001eb186900	SD
Zm00001eb309530	SD
Zm00001eb041120	SD
Zm00001eb389770	SD
Zm00001eb031340	SD
Zm00001eb334590	SD
Zm00001eb406000	SD
Zm00001eb293460	SD
Zm00001eb267260	SD
Zm00001eb157860	SD
Zm00001eb244760	SD
Zm00001eb114020	SD
Zm00001eb396510	SD
Zm00001eb369520	SD
Zm00001eb294650	SD
Zm00001eb076170	SD
Zm00001eb181940	SD
Zm00001eb082720	SD
Zm00001eb179650	SD
Zm00001eb377770	SD
Zm00001eb325560	SD
Zm00001eb043800	SD
Zm00001eb206490	SD
Zm00001eb254420	SD
Zm00001eb202400	SD
Zm00001eb373030	SD
Zm00001eb008660	SD
Zm00001eb396910	SD
Zm00001eb051120	SD
Zm00001eb356010	SD
Zm00001eb337390	SD
Zm00001eb414540	SD
Zm00001eb183760	SD
Zm00001eb214320	SD
Zm00001eb347770	SD
Zm00001eb191480	SD
Zm00001eb216630	SD
Zm00001eb366720	SD
Zm00001eb210390	SD
Zm00001eb187020	SD
Zm00001eb168840	SD
Zm00001eb213890	SD
Zm00001eb376730	SD
Zm00001eb018000	SD
Zm00001eb220900	SD
Zm00001eb320780	SD
Zm00001eb258930	SD
Zm00001eb266750	SD
Zm00001eb393810	SD
Zm00001eb334230	SD
Zm00001eb060670	SD
Zm00001eb342290	SD
Zm00001eb334210	SD
Zm00001eb106790	SD
Zm00001eb016100	SD
Zm00001eb373300	SD
Zm00001eb115270	SD
Zm00001eb117850	SD
Zm00001eb327810	SD
Zm00001eb158860	SD
Zm00001eb188380	SD
Zm00001eb106720	SD
Zm00001eb077930	SD
Zm00001eb156690	SD
Zm00001eb156060	SD
Zm00001eb226850	SD
Zm00001eb161560	SD
Zm00001eb329220	SD
Zm00001eb093940	SD
Zm00001eb341990	SD
Zm00001eb023330	SD
Zm00001eb430930	SD
Zm00001eb294250	SD
Zm00001eb331550	SD
Zm00001eb286090	SD
Zm00001eb213200	SD
Zm00001eb356980	SD
Zm00001eb328840	SD
Zm00001eb389540	SD
Zm00001eb416220	SD
Zm00001eb252020	SD
Zm00001eb210940	SD
Zm00001eb047910	SD
Zm00001eb077080	SD
Zm00001eb315390	SD
Zm00001eb211620	SD
Zm00001eb153340	SD
Zm00001eb254050	SD
Zm00001eb296820	SD
Zm00001eb393170	SD
Zm00001eb092800	SD
Zm00001eb189060	SD
Zm00001eb093650	SD
Zm00001eb154820	SD
Zm00001eb289400	SD
Zm00001eb183340	SD
Zm00001eb153800	SD
Zm00001eb209200	SD
Zm00001eb254130	SD
Zm00001eb360610	SD
Zm00001eb226770	SD
Zm00001eb048510	SD
Zm00001eb099550	SD
Zm00001eb099390	SD
Zm00001eb360230	SD
Zm00001eb387530	SD
Zm00001eb116770	SD
Zm00001eb355570	SD
Zm00001eb405110	SD
Zm00001eb230950	SD
Zm00001eb140530	SD
Zm00001eb109480	SD
Zm00001eb370960	SD
Zm00001eb328870	SD
Zm00001eb189900	SD
Zm00001eb315750	SD
Zm00001eb158330	SD
Zm00001eb282710	SD
Zm00001eb092570	SD
Zm00001eb396720	SD
Zm00001eb368780	SD
Zm00001eb194100	SD
Zm00001eb382060	SD
Zm00001eb038010	SD
Zm00001eb074810	SD
Zm00001eb340430	SD
Zm00001eb282410	SD
Zm00001eb366610	SD
Zm00001eb101160	SD
Zm00001eb190380	SD
Zm00001eb303620	SD
Zm00001eb126230	SD
Zm00001eb231550	SD
Zm00001eb272560	SD
Zm00001eb314770	SD
Zm00001eb311240	SD
Zm00001eb214180	SD
Zm00001eb287920	SD
Zm00001eb421380	SD
Zm00001eb102360	SD
Zm00001eb131180	SD
Zm00001eb316810	SD
Zm00001eb242460	SD
Zm00001eb372610	SD
Zm00001eb234050	SD
Zm00001eb128830	SD
Zm00001eb356520	SD
Zm00001eb204210	SD
Zm00001eb309880	SD
Zm00001eb188580	SD
Zm00001eb392340	SD
Zm00001eb215740	SD
Zm00001eb037210	SD
Zm00001eb274280	SD
Zm00001eb299420	SD
Zm00001eb157500	SD
Zm00001eb291220	SD
Zm00001eb351710	SD
Zm00001eb219160	SD
Zm00001eb271150	SD
Zm00001eb049960	SD
Zm00001eb292840	SD
Zm00001eb068990	SD
Zm00001eb374270	SD
Zm00001eb318870	SD
Zm00001eb244430	SD
Zm00001eb017570	SD
Zm00001eb172260	SD
Zm00001eb005440	SD
Zm00001eb211430	SD
Zm00001eb338770	SD
Zm00001eb389780	SD
Zm00001eb204870	SD
Zm00001eb148030	SD
Zm00001eb403580	SD
Zm00001eb125520	SD
Zm00001eb343630	SD
Zm00001eb296550	SD
Zm00001eb158270	SD
Zm00001eb145690	SD
Zm00001eb196940	SD
Zm00001eb358660	SD
Zm00001eb231040	SD
Zm00001eb136300	SD
Zm00001eb277110	SD
Zm00001eb250220	SD
Zm00001eb296640	SD
Zm00001eb159020	SD
Zm00001eb108970	SD
Zm00001eb005850	SD
Zm00001eb198050	SD
Zm00001eb108800	SD
Zm00001eb273090	SD
Zm00001eb322410	SD
Zm00001eb207640	SD
Zm00001eb101200	SD
Zm00001eb366480	SD
Zm00001eb021310	SD
Zm00001eb152040	SD
Zm00001eb096050	SD
Zm00001eb032020	SD
Zm00001eb128880	SD
Zm00001eb100090	SD
Zm00001eb417400	SD
Zm00001eb392660	SD
Zm00001eb399520	SD
Zm00001eb105770	SD
Zm00001eb141420	SD
Zm00001eb407610	SD
Zm00001eb291530	SD
Zm00001eb066460	SD
Zm00001eb427620	SD
Zm00001eb105860	SD
Zm00001eb040100	SD
Zm00001eb096500	SD
Zm00001eb159340	SD
Zm00001eb222330	SD
Zm00001eb045390	SD
Zm00001eb199890	SD
Zm00001eb157040	SD
Zm00001eb098220	SD
Zm00001eb366400	SD
Zm00001eb312490	SD
Zm00001eb187720	SD
Zm00001eb226740	SD
Zm00001eb010040	SD
Zm00001eb220830	SD
Zm00001eb006680	SD
Zm00001eb320470	SD
Zm00001eb238270	SD
Zm00001eb022160	SD
Zm00001eb104300	SD
Zm00001eb123260	SD
Zm00001eb281960	SD
Zm00001eb131100	SD
Zm00001eb418910	SD
Zm00001eb219210	SD
Zm00001eb354560	SD
Zm00001eb290650	SD
Zm00001eb293610	SD
Zm00001eb306510	SD
Zm00001eb348560	SD
Zm00001eb109730	SD
Zm00001eb233020	SD
Zm00001eb173660	SD
Zm00001eb399680	SD
Zm00001eb248680	SD
Zm00001eb289980	SD
Zm00001eb172240	SD
Zm00001eb253820	SD
Zm00001eb070500	SD
Zm00001eb359190	SD
Zm00001eb249320	SD
Zm00001eb186380	SD
Zm00001eb156890	SD
Zm00001eb224630	SD
Zm00001eb315100	SD
Zm00001eb145870	SD
Zm00001eb056360	SD
Zm00001eb342550	SD
Zm00001eb330150	SD
Zm00001eb148260	SD
Zm00001eb279100	SD
Zm00001eb337180	SD
Zm00001eb303010	SD
Zm00001eb340000	SD
Zm00001eb295560	SD
Zm00001eb181970	SD
Zm00001eb150090	SD
Zm00001eb174550	SD
Zm00001eb102260	SD
Zm00001eb338940	SD
Zm00001eb100690	SD
Zm00001eb354700	SD
Zm00001eb213170	SD
Zm00001eb142200	SD
Zm00001eb192230	SD
Zm00001eb396400	SD
Zm00001eb279770	SD
Zm00001eb105740	SD
Zm00001eb074010	SD
Zm00001eb102090	SD
Zm00001eb266330	SD
Zm00001eb078940	SD
Zm00001eb051400	SD
Zm00001eb080440	SD
Zm00001eb283990	SD
Zm00001eb185330	SD
Zm00001eb078810	SD
Zm00001eb023930	SD
Zm00001eb324310	SD
Zm00001eb325390	SD
Zm00001eb061210	SD
Zm00001eb198310	SD
Zm00001eb373620	SD
Zm00001eb314340	SD
Zm00001eb357360	SD
Zm00001eb330910	SD
Zm00001eb029230	SD
Zm00001eb101060	SD
Zm00001eb073390	SD
Zm00001eb117730	SD
Zm00001eb349200	SD
Zm00001eb184340	SD
Zm00001eb050230	SD
Zm00001eb368810	SD
Zm00001eb314290	SD
Zm00001eb103060	SD
Zm00001eb018070	SD
Zm00001eb174990	SD
Zm00001eb173490	SD
Zm00001eb154720	SD
Zm00001eb012580	SD
Zm00001eb058880	SD
Zm00001eb039430	SD
Zm00001eb288070	SD
Zm00001eb001270	SD
Zm00001eb193970	SD
Zm00001eb030430	SD
Zm00001eb422620	SD
Zm00001eb015120	SD
Zm00001eb111710	SD
Zm00001eb246360	SD
Zm00001eb129850	SD
Zm00001eb247060	SD
Zm00001eb214210	SD
Zm00001eb117240	SD
Zm00001eb159390	SD
Zm00001eb244090	SD
Zm00001eb012180	SD
Zm00001eb208010	SD
Zm00001eb273720	SD
Zm00001eb083140	SD
Zm00001eb146120	SD
Zm00001eb259230	SD
Zm00001eb117180	SD
Zm00001eb209380	SD
Zm00001eb081330	SD
Zm00001eb207770	SD
Zm00001eb430040	SD
Zm00001eb369410	SD
Zm00001eb206730	SD
Zm00001eb388620	SD
Zm00001eb275080	SD
Zm00001eb416370	SD
Zm00001eb284450	SD
Zm00001eb237020	SD
Zm00001eb422960	SD
Zm00001eb319560	SD
Zm00001eb071870	SD
Zm00001eb424610	SD
Zm00001eb042040	SD
Zm00001eb102290	SD
Zm00001eb327750	SD
Zm00001eb393210	SD
Zm00001eb332990	SD
Zm00001eb264660	SD
Zm00001eb095690	SD
Zm00001eb331150	SD
Zm00001eb140160	SD
Zm00001eb218110	SD
Zm00001eb159730	SD
Zm00001eb187870	SD
Zm00001eb384820	SD
Zm00001eb035910	SD
Zm00001eb272500	SD
Zm00001eb102000	SD
Zm00001eb237590	SD
Zm00001eb045790	SD
Zm00001eb191600	SD
Zm00001eb122290	SD
Zm00001eb170150	SD
Zm00001eb185220	SD
Zm00001eb319240	SD
Zm00001eb055990	SD
Zm00001eb196900	SD
Zm00001eb084760	SD
Zm00001eb274960	SD
Zm00001eb071780	SD
Zm00001eb014280	SD
Zm00001eb325570	SD
Zm00001eb009930	SD
Zm00001eb183740	SD
Zm00001eb046740	SD
Zm00001eb100600	SD
Zm00001eb329440	SD
Zm00001eb175830	SD
Zm00001eb259130	SD
Zm00001eb390560	SD
Zm00001eb424630	SD
Zm00001eb183370	SD
Zm00001eb360120	SD
Zm00001eb186980	SD
Zm00001eb075710	SD
Zm00001eb150040	SD
Zm00001eb097940	SD
Zm00001eb362340	SD
Zm00001eb327780	SD
Zm00001eb195790	SD
Zm00001eb235950	SD
Zm00001eb388560	SD
Zm00001eb093870	SD
Zm00001eb032310	SD
Zm00001eb128330	SD
Zm00001eb405450	SD
Zm00001eb029590	SD
Zm00001eb395490	SD
Zm00001eb107420	SD
Zm00001eb369420	SD
Zm00001eb194220	SD
Zm00001eb050320	SD
Zm00001eb222990	SD
Zm00001eb247710	SD
Zm00001eb227830	SD
Zm00001eb175580	SD
Zm00001eb021350	SD
Zm00001eb074570	SD
Zm00001eb275730	SD
Zm00001eb187890	SD
Zm00001eb280680	SD
Zm00001eb135800	SD
Zm00001eb072260	SD
Zm00001eb013710	SD
Zm00001eb145580	SD
Zm00001eb116380	SD
Zm00001eb152710	SD
Zm00001eb139480	SD
Zm00001eb058020	SD
Zm00001eb000790	SD
Zm00001eb395130	SD
Zm00001eb363740	SD
Zm00001eb146810	SD
Zm00001eb007580	SD
Zm00001eb212350	SD
Zm00001eb381290	SD
Zm00001eb361030	SD
Zm00001eb128840	SD
Zm00001eb226220	SD
Zm00001eb255200	SD
Zm00001eb093490	SD
Zm00001eb246370	SD
Zm00001eb398070	SD
Zm00001eb125330	SD
Zm00001eb390750	SD
Zm00001eb129890	SD
Zm00001eb214260	SD
Zm00001eb363480	SD
Zm00001eb107980	SD
Zm00001eb388300	SD
Zm00001eb082040	SD
Zm00001eb071240	SD
Zm00001eb072780	SD
Zm00001eb118880	SD
Zm00001eb243880	SD
Zm00001eb389960	SD
Zm00001eb120250	SD
Zm00001eb283860	SD
Zm00001eb017560	SD
Zm00001eb328780	SD
Zm00001eb344580	SD
Zm00001eb418970	SD
Zm00001eb152660	SD
Zm00001eb326180	SD
Zm00001eb325420	SD
Zm00001eb287340	SD
Zm00001eb134850	SD
Zm00001eb422840	SD
Zm00001eb174220	SD
Zm00001eb190140	SD
Zm00001eb149900	SD
Zm00001eb421630	SD
Zm00001eb430410	SD
Zm00001eb404320	SD
Zm00001eb420880	SD
Zm00001eb294990	SD
Zm00001eb344160	SD
Zm00001eb106320	SD
Zm00001eb415600	SD
Zm00001eb147810	SD
Zm00001eb182740	SD
Zm00001eb369160	SD
Zm00001eb178550	SD
Zm00001eb031800	SD
Zm00001eb233320	SD
Zm00001eb396750	SD
Zm00001eb081570	SD
Zm00001eb381970	SD
Zm00001eb296350	SD
Zm00001eb315610	SD
Zm00001eb193920	SD
Zm00001eb352220	SD
Zm00001eb103680	SD
Zm00001eb352050	SD
Zm00001eb216150	SD
Zm00001eb149540	SD
Zm00001eb378820	SD
Zm00001eb034040	SD
Zm00001eb414550	SD
Zm00001eb080500	SD
Zm00001eb162660	SD
Zm00001eb066850	SD
Zm00001eb010740	SD
Zm00001eb413820	SD
Zm00001eb355560	SD
Zm00001eb426640	SD
Zm00001eb189140	SD
Zm00001eb392830	SD
Zm00001eb024390	SD
Zm00001eb205810	SD
Zm00001eb146990	SD
Zm00001eb323220	SD
Zm00001eb047120	SD
Zm00001eb013890	SD
Zm00001eb328900	SD
Zm00001eb234070	SD
Zm00001eb252620	SD
Zm00001eb402010	SD
Zm00001eb223450	SD
Zm00001eb389660	SD
Zm00001eb397660	SD
Zm00001eb071960	SD
Zm00001eb147990	SD
Zm00001eb020620	SD
Zm00001eb337040	SD
Zm00001eb052250	SD
Zm00001eb008610	SD
Zm00001eb373130	SD
Zm00001eb051290	SD
Zm00001eb012830	SD
Zm00001eb107010	SD
Zm00001eb012270	SD
Zm00001eb053340	SD
Zm00001eb258940	SD
Zm00001eb134120	SD
Zm00001eb022050	SD
Zm00001eb161590	SD
Zm00001eb108240	SD
Zm00001eb158720	SD
Zm00001eb219690	SD
Zm00001eb205490	SD
Zm00001eb042460	SD
Zm00001eb184510	SD
Zm00001eb368200	SD
Zm00001eb429660	SD
Zm00001eb188630	SD
Zm00001eb366040	SD
Zm00001eb394570	SD
Zm00001eb038190	SD
Zm00001eb319050	SD
Zm00001eb191990	SD
Zm00001eb123400	SD
Zm00001eb125480	SD
Zm00001eb108020	SD
Zm00001eb255390	SD
Zm00001eb264910	SD
Zm00001eb130180	SD
Zm00001eb119430	SD
Zm00001eb324280	SD
Zm00001eb082740	SD
Zm00001eb273300	SD
Zm00001eb122280	SD
Zm00001eb041320	SD
Zm00001eb127230	SD
Zm00001eb433850	SD
Zm00001eb399060	SD
Zm00001eb199170	SD
Zm00001eb326290	SD
Zm00001eb117170	SD
Zm00001eb251870	SD
Zm00001eb228520	SD
Zm00001eb183950	SD
Zm00001eb193360	SD
Zm00001eb321160	SD
Zm00001eb355410	SD
Zm00001eb403770	SD
Zm00001eb039560	SD
Zm00001eb402580	SD
Zm00001eb005330	SD
Zm00001eb265810	SD
Zm00001eb390960	SD
Zm00001eb052020	SD
Zm00001eb067310	SD
Zm00001eb381980	SD
Zm00001eb040260	SD
Zm00001eb013120	SD
Zm00001eb360740	SD
Zm00001eb364110	SD
Zm00001eb427600	SD
Zm00001eb319530	SD
Zm00001eb202660	SD
Zm00001eb375670	SD
Zm00001eb101050	SD
Zm00001eb402370	SD
Zm00001eb110580	SD
Zm00001eb144910	SD
Zm00001eb319790	SD
Zm00001eb202700	SD
Zm00001eb361640	SD
Zm00001eb267670	SD
Zm00001eb062350	SD
Zm00001eb161460	SD
Zm00001eb000660	SD
Zm00001eb316460	SD
Zm00001eb011980	SD
Zm00001eb255320	SD
Zm00001eb359950	SD
Zm00001eb011590	SD
Zm00001eb383830	SD
Zm00001eb245760	SD
Zm00001eb119960	SD
Zm00001eb293750	SD
Zm00001eb185410	SD
Zm00001eb022870	SD
Zm00001eb217130	SD
Zm00001eb036880	SD
Zm00001eb243050	SD
Zm00001eb209240	SD
Zm00001eb227350	SD
Zm00001eb019860	SD
Zm00001eb210680	SD
Zm00001eb064120	SD
Zm00001eb060930	SD
Zm00001eb146160	SD
Zm00001eb390910	SD
Zm00001eb402030	SD
Zm00001eb266220	SD
Zm00001eb015340	SD
Zm00001eb111420	SD
Zm00001eb312120	SD
Zm00001eb378700	SD
Zm00001eb044820	SD
Zm00001eb220660	SD
Zm00001eb357160	SD
Zm00001eb076720	SD
Zm00001eb295060	SD
Zm00001eb238350	SD
Zm00001eb238390	SD
Zm00001eb084480	SD
Zm00001eb073250	SD
Zm00001eb261840	SD
Zm00001eb248340	SD
Zm00001eb095100	SD
Zm00001eb152250	SD
Zm00001eb199110	SD
Zm00001eb060830	SD
Zm00001eb265260	SD
Zm00001eb001720	SD
Zm00001eb068730	SD
Zm00001eb391360	SD
Zm00001eb093640	SD
Zm00001eb037020	SD
Zm00001eb294550	SD
Zm00001eb260870	SD
Zm00001eb130020	SD
Zm00001eb182130	SD
Zm00001eb099120	SD
Zm00001eb361790	SD
Zm00001eb391130	SD
Zm00001eb298350	SD
Zm00001eb220910	SD
Zm00001eb413540	SD
Zm00001eb361370	SD
Zm00001eb400390	SD
Zm00001eb302210	SD
Zm00001eb195910	SD
Zm00001eb049120	SD
Zm00001eb365760	SD
Zm00001eb234270	SD
Zm00001eb096680	SD
Zm00001eb425700	SD
Zm00001eb083710	SD
Zm00001eb392390	SD
Zm00001eb258500	SD
Zm00001eb384670	SD
Zm00001eb376110	SD
Zm00001eb318020	SD
Zm00001eb429770	SD
Zm00001eb373450	SD
Zm00001eb020900	SD
Zm00001eb347410	SD
Zm00001eb111080	SD
Zm00001eb330990	SD
Zm00001eb171810	SD
Zm00001eb037940	SD
Zm00001eb187160	SD
Zm00001eb021380	SD
Zm00001eb089790	SD
Zm00001eb279430	SD
Zm00001eb030450	SD
Zm00001eb064330	SD
Zm00001eb066580	SD
Zm00001eb056410	SD
Zm00001eb067440	SD
Zm00001eb342580	SD
Zm00001eb028390	SD
Zm00001eb361680	SD
Zm00001eb075660	SD
Zm00001eb098730	SD
Zm00001eb091080	SD
Zm00001eb149810	SD
Zm00001eb080480	SD
Zm00001eb396060	SD
Zm00001eb277080	SD
Zm00001eb271210	SD
Zm00001eb149160	SD
Zm00001eb427870	SD
Zm00001eb338310	SD
Zm00001eb418930	SD
Zm00001eb103570	SD
Zm00001eb052230	SD
Zm00001eb434190	SD
Zm00001eb324720	SD
Zm00001eb325260	SD
Zm00001eb159450	SD
Zm00001eb401940	SD
Zm00001eb183320	SD
Zm00001eb406030	SD
Zm00001eb053020	SD
Zm00001eb332350	SD
Zm00001eb210860	SD
Zm00001eb393940	SD
Zm00001eb072420	SD
Zm00001eb004000	SD
Zm00001eb105230	SD
Zm00001eb034890	SD
Zm00001eb052820	SD
Zm00001eb280850	SD
Zm00001eb156210	SD
Zm00001eb344710	SD
Zm00001eb235940	SD
Zm00001eb050760	SD
Zm00001eb072630	SD
Zm00001eb143390	SD
Zm00001eb368120	SD
Zm00001eb066540	SD
Zm00001eb333400	SD
Zm00001eb149680	SD
Zm00001eb006110	SD
Zm00001eb372220	SD
Zm00001eb279010	SD
Zm00001eb005960	SD
Zm00001eb234690	SD
Zm00001eb315450	SD
Zm00001eb106140	SD
Zm00001eb356270	SD
Zm00001eb424690	SD
Zm00001eb259330	SD
Zm00001eb062200	SD
Zm00001eb391550	SD
Zm00001eb400720	SD
Zm00001eb363700	SD
Zm00001eb391180	SD
Zm00001eb429810	SD
Zm00001eb343760	SD
Zm00001eb333160	SD
Zm00001eb351420	SD
Zm00001eb061450	SD
Zm00001eb179440	SD
Zm00001eb214240	SD
Zm00001eb111300	SD
Zm00001eb277250	SD
Zm00001eb096710	SD
Zm00001eb175450	SD
Zm00001eb012710	SD
Zm00001eb093780	SD
Zm00001eb377630	SD
Zm00001eb174010	SD
Zm00001eb394800	SD
Zm00001eb364690	SD
Zm00001eb238570	SD
Zm00001eb191340	SD
Zm00001eb066020	SD
Zm00001eb194410	SD
Zm00001eb119930	SD
Zm00001eb085290	SD
Zm00001eb279660	SD
Zm00001eb300720	SD
Zm00001eb018900	SD
Zm00001eb350300	SD
Zm00001eb103580	SD
Zm00001eb176210	SD
Zm00001eb408390	SD
Zm00001eb320210	SD
Zm00001eb157950	SD
Zm00001eb057710	SD
Zm00001eb159760	SD
Zm00001eb001260	SD
Zm00001eb284310	SD
Zm00001eb294030	SD
Zm00001eb332960	SD
Zm00001eb012570	SD
Zm00001eb017210	SD
Zm00001eb365710	SD
Zm00001eb218850	SD
Zm00001eb424340	SD
Zm00001eb158730	SD
Zm00001eb424970	SD
Zm00001eb372360	SD
Zm00001eb344890	SD
Zm00001eb331190	SD
Zm00001eb280340	SD
Zm00001eb013080	SD
Zm00001eb005690	SD
Zm00001eb019780	SD
Zm00001eb189530	SD
Zm00001eb189510	SD
Zm00001eb401290	SD
Zm00001eb121620	SD
Zm00001eb061530	SD
Zm00001eb270230	SD
Zm00001eb433050	SD
Zm00001eb051480	SD
Zm00001eb187730	SD
Zm00001eb192350	SD
Zm00001eb160740	SD
Zm00001eb304310	SD
Zm00001eb394710	SD
Zm00001eb223100	SD
Zm00001eb415680	SD
Zm00001eb304250	SD
Zm00001eb118330	SD
Zm00001eb258400	SD
Zm00001eb218900	SD
Zm00001eb365960	SD
Zm00001eb070900	SD
Zm00001eb413010	SD
Zm00001eb152350	SD
Zm00001eb059960	SD
Zm00001eb274860	SD
Zm00001eb252220	SD
Zm00001eb081980	SD
Zm00001eb129010	SD
Zm00001eb014560	SD
Zm00001eb052260	SD
Zm00001eb233000	SD
Zm00001eb212820	SD
Zm00001eb121300	SD
Zm00001eb186090	SD
Zm00001eb042240	SD
Zm00001eb349410	SD
Zm00001eb206410	SD
Zm00001eb025650	SD
Zm00001eb120380	SD
Zm00001eb366360	SD
Zm00001eb261240	SD
Zm00001eb150610	SD
Zm00001eb156910	SD
Zm00001eb157710	SD
Zm00001eb344790	SD
Zm00001eb353500	SD
Zm00001eb117670	SD
Zm00001eb254460	SD
Zm00001eb250780	SD
Zm00001eb265510	SD
Zm00001eb136970	SD
Zm00001eb262370	SD
Zm00001eb076960	SD
Zm00001eb301520	SD
Zm00001eb075640	SD
Zm00001eb148380	SD
Zm00001eb373660	SD
Zm00001eb270270	SD
Zm00001eb033600	SD
Zm00001eb108510	SD
Zm00001eb109610	SD
Zm00001eb369030	SD
Zm00001eb215180	SD
Zm00001eb106650	SD
Zm00001eb348340	SD
Zm00001eb288900	SD
Zm00001eb398380	SD
Zm00001eb324090	SD
Zm00001eb358000	SD
Zm00001eb218490	SD
Zm00001eb297100	SD
Zm00001eb178230	SD
Zm00001eb057120	SD
Zm00001eb047600	SD
Zm00001eb185920	SD
Zm00001eb251070	SD
Zm00001eb261540	SD
Zm00001eb289770	SD
Zm00001eb318500	SD
Zm00001eb037440	SD
Zm00001eb393150	SD
Zm00001eb391160	SD
Zm00001eb368980	SD
Zm00001eb000830	SD
Zm00001eb315040	SD
Zm00001eb394500	SD
Zm00001eb343790	SD
Zm00001eb187010	SD
Zm00001eb141600	SD
Zm00001eb433470	SD
Zm00001eb009490	SD
Zm00001eb176260	SD
Zm00001eb430750	SD
Zm00001eb322430	SD
Zm00001eb430990	SD
Zm00001eb094310	SD
Zm00001eb320020	SD
Zm00001eb333990	SD
Zm00001eb249150	SD
Zm00001eb092650	SD
Zm00001eb064000	SD
Zm00001eb077130	SD
Zm00001eb096620	SD
Zm00001eb326960	SD
Zm00001eb066700	SD
Zm00001eb288280	SD
Zm00001eb361200	SD
Zm00001eb166010	SD
Zm00001eb196520	SD
Zm00001eb108190	SD
Zm00001eb130650	SD
Zm00001eb244180	SD
Zm00001eb192370	SD
Zm00001eb139780	SD
Zm00001eb344200	SD
Zm00001eb267470	SD
Zm00001eb230540	SD
Zm00001eb214230	SD
Zm00001eb292060	SD
Zm00001eb360970	SD
Zm00001eb175180	SD
Zm00001eb253130	SD
Zm00001eb338060	SD
Zm00001eb295750	SD
Zm00001eb179830	SD
Zm00001eb312820	SD
Zm00001eb006510	SD
Zm00001eb063980	SD
Zm00001eb365080	SD
Zm00001eb236340	SD
Zm00001eb276750	SD
Zm00001eb233760	SD
Zm00001eb279260	SD
Zm00001eb065000	SD
Zm00001eb357720	SD
Zm00001eb344540	SD
Zm00001eb045560	SD
Zm00001eb275680	SD
Zm00001eb178690	SD
Zm00001eb333040	SD
Zm00001eb106830	SD
Zm00001eb425170	SD
Zm00001eb218200	SD
Zm00001eb330920	SD
Zm00001eb080510	SD
Zm00001eb162420	SD
Zm00001eb216580	SD
Zm00001eb333570	SD
Zm00001eb300560	SD
Zm00001eb391230	SD
Zm00001eb339070	SD
Zm00001eb042400	SD
Zm00001eb199290	SD
Zm00001eb398050	SD
Zm00001eb355650	SD
Zm00001eb002620	SD
Zm00001eb110340	SD
Zm00001eb107800	SD
Zm00001eb192660	SD
Zm00001eb017420	SD
Zm00001eb119810	SD
Zm00001eb023460	SD
Zm00001eb234410	SD
Zm00001eb036790	SD
Zm00001eb208690	SD
Zm00001eb426280	SD
Zm00001eb014750	SD
Zm00001eb246640	SD
Zm00001eb078720	SD
Zm00001eb366660	SD
Zm00001eb143030	SD
Zm00001eb214010	SD
Zm00001eb372960	SD
Zm00001eb214750	SD
Zm00001eb152810	SD
Zm00001eb172710	SD
Zm00001eb012200	SD
Zm00001eb041640	SD
Zm00001eb318800	SD
Zm00001eb356860	SD
Zm00001eb390640	SD
Zm00001eb061760	SD
Zm00001eb111540	SD
Zm00001eb291160	SD
Zm00001eb001920	SD
Zm00001eb316260	SD
Zm00001eb357250	SD
Zm00001eb248930	SD
Zm00001eb145150	SD
Zm00001eb366620	SD
Zm00001eb045780	SD
Zm00001eb247570	SD
Zm00001eb296260	SD
Zm00001eb073560	SD
Zm00001eb190160	SD
Zm00001eb189490	SD
Zm00001eb380770	SD
Zm00001eb102060	SD
Zm00001eb160350	SD
Zm00001eb294130	SD
Zm00001eb246800	SD
Zm00001eb001550	SD
Zm00001eb214620	SD
Zm00001eb157880	SD
Zm00001eb075520	SD
Zm00001eb247050	SD
Zm00001eb149550	SD
Zm00001eb402750	SD
Zm00001eb124550	SD
Zm00001eb253740	SD
Zm00001eb366850	SD
Zm00001eb098580	SD
Zm00001eb003030	SD
Zm00001eb335380	SD
Zm00001eb272280	SD
Zm00001eb255750	SD
Zm00001eb289090	SD
Zm00001eb007730	SD
Zm00001eb422570	SD
Zm00001eb322050	SD
Zm00001eb328740	SD
Zm00001eb280880	SD
Zm00001eb206470	SD
Zm00001eb232850	SD
Zm00001eb230870	SD
Zm00001eb157440	SD
Zm00001eb092280	SD
Zm00001eb361500	SD
Zm00001eb401300	SD
Zm00001eb026460	SD
Zm00001eb046900	SD
Zm00001eb209110	SD
Zm00001eb119660	SD
Zm00001eb210630	SD
Zm00001eb250710	SD
Zm00001eb248500	SD
Zm00001eb103370	SD
Zm00001eb252000	SD
Zm00001eb234260	SD
Zm00001eb221020	SD
Zm00001eb066210	SD
Zm00001eb298680	SD
Zm00001eb300220	SD
Zm00001eb353680	SD
Zm00001eb103560	SD
Zm00001eb246940	SD
Zm00001eb332030	SD
Zm00001eb337270	SD
Zm00001eb335100	SD
Zm00001eb320200	SD
Zm00001eb321120	SD
Zm00001eb391350	SD
Zm00001eb105300	SD
Zm00001eb023430	SD
Zm00001eb400600	SD
Zm00001eb020360	SD
Zm00001eb242140	SD
Zm00001eb021710	SD
Zm00001eb367300	SD
Zm00001eb174750	SD
Zm00001eb317350	SD
Zm00001eb430100	SD
Zm00001eb249220	SD
Zm00001eb111600	SD
Zm00001eb110540	SD
Zm00001eb393500	SD
Zm00001eb005260	SD
Zm00001eb108070	SD
Zm00001eb260590	SD
Zm00001eb084410	SD
Zm00001eb164170	SD
Zm00001eb192980	SD
Zm00001eb109890	SD
Zm00001eb109400	SD
Zm00001eb423480	SD
Zm00001eb179040	SD
Zm00001eb379100	SD
Zm00001eb107560	SD
Zm00001eb353600	SD
Zm00001eb336400	SD
Zm00001eb328250	SD
Zm00001eb100900	SD
Zm00001eb191830	SD
Zm00001eb125240	SD
Zm00001eb045480	SD
Zm00001eb226570	SD
Zm00001eb175780	SD
Zm00001eb049190	SD
Zm00001eb207560	SD
Zm00001eb004460	SD
Zm00001eb018320	SD
Zm00001eb348860	SD
Zm00001eb113790	SD
Zm00001eb179600	SD
Zm00001eb053880	SD
Zm00001eb199320	SD
Zm00001eb123130	SD
Zm00001eb239380	SD
Zm00001eb295020	SD
Zm00001eb039970	SD
Zm00001eb075760	SD
Zm00001eb163130	SD
Zm00001eb369710	SD
Zm00001eb249640	SD
Zm00001eb318890	SD
Zm00001eb103110	SD
Zm00001eb124530	SD
Zm00001eb157310	SD
Zm00001eb364930	SD
Zm00001eb339340	SD
Zm00001eb287550	SD
Zm00001eb221090	SD
Zm00001eb246180	SD
Zm00001eb171080	SD
Zm00001eb110630	SD
Zm00001eb222730	SD
Zm00001eb175270	SD
Zm00001eb101030	SD
Zm00001eb361460	SD
Zm00001eb158660	SD
Zm00001eb415410	SD
Zm00001eb272310	SD
Zm00001eb331720	SD
Zm00001eb131050	SD
Zm00001eb026870	SD
Zm00001eb359160	SD
Zm00001eb040160	SD
Zm00001eb350930	SD
Zm00001eb254570	SD
Zm00001eb320790	SD
Zm00001eb277350	SD
Zm00001eb129380	SD
Zm00001eb192050	SD
Zm00001eb300870	SD
Zm00001eb138000	SD
Zm00001eb099670	SD
Zm00001eb193670	SD
Zm00001eb319130	SD
Zm00001eb102760	SD
Zm00001eb309010	SD
Zm00001eb256520	SD
Zm00001eb366540	SD
Zm00001eb256070	SD
Zm00001eb197430	SD
Zm00001eb037330	SD
Zm00001eb015870	SD
Zm00001eb241770	SD
Zm00001eb057060	SD
Zm00001eb069930	SD
Zm00001eb185580	SD
Zm00001eb023910	SD
Zm00001eb151380	SD
Zm00001eb136620	SD
Zm00001eb105310	SD
Zm00001eb401550	SD
Zm00001eb080570	SD
Zm00001eb336930	SD
Zm00001eb289080	SD
Zm00001eb078580	SD
Zm00001eb056030	SD
Zm00001eb389840	SD
Zm00001eb423010	SD
Zm00001eb189390	SD
Zm00001eb273670	SD
Zm00001eb400820	SD
Zm00001eb370050	SD
Zm00001eb181530	SD
Zm00001eb210960	SD
Zm00001eb072890	SD
Zm00001eb330440	SD
Zm00001eb074750	SD
Zm00001eb276730	SD
Zm00001eb040580	SD
Zm00001eb289390	SD
Zm00001eb400840	SD
Zm00001eb142790	SD
Zm00001eb183100	SD
Zm00001eb368400	SD
Zm00001eb058690	SD
Zm00001eb293150	SD
Zm00001eb394030	SD
Zm00001eb179940	SD
Zm00001eb124410	SD
Zm00001eb357450	SD
Zm00001eb397070	SD
Zm00001eb301240	SD
Zm00001eb183010	SD
Zm00001eb294270	SD
Zm00001eb377310	SD
Zm00001eb355310	SD
Zm00001eb351870	SD
Zm00001eb288870	SD
Zm00001eb065870	SD
Zm00001eb393790	SD
Zm00001eb156010	SD
Zm00001eb362240	SD
Zm00001eb429570	SD
Zm00001eb011550	SD
Zm00001eb156310	SD
Zm00001eb173070	SD
Zm00001eb248740	SD
Zm00001eb371250	SD
Zm00001eb033930	SD
Zm00001eb206870	SD
Zm00001eb389280	SD
Zm00001eb035550	SD
Zm00001eb198280	SD
Zm00001eb002790	SD
Zm00001eb061940	SD
Zm00001eb026220	SD
Zm00001eb147230	SD
Zm00001eb179490	SD
Zm00001eb062620	SD
Zm00001eb041560	SD
Zm00001eb125250	SD
Zm00001eb314010	SD
Zm00001eb336850	SD
Zm00001eb005600	SD
Zm00001eb419600	SD
Zm00001eb116410	SD
Zm00001eb389900	SD
Zm00001eb295960	SD
Zm00001eb073550	SD
Zm00001eb384720	SD
Zm00001eb429920	SD
Zm00001eb113710	SD
Zm00001eb332040	SD
Zm00001eb202760	SD
Zm00001eb324670	SD
Zm00001eb153970	SD
Zm00001eb100100	SD
Zm00001eb280730	SD
Zm00001eb010590	SD
Zm00001eb296830	SD
Zm00001eb255070	SD
Zm00001eb400120	SD
Zm00001eb404870	SD
Zm00001eb322280	SD
Zm00001eb340160	SD
Zm00001eb285770	SD
Zm00001eb012600	SD
Zm00001eb186660	SD
Zm00001eb212530	SD
Zm00001eb313930	SD
Zm00001eb374060	SD
Zm00001eb135370	SD
Zm00001eb077200	SD
Zm00001eb045690	SD
Zm00001eb304420	SD
Zm00001eb007960	SD
Zm00001eb389230	SD
Zm00001eb433540	SD
Zm00001eb358780	SD
Zm00001eb047490	SD
Zm00001eb336130	SD
Zm00001eb363130	SD
Zm00001eb038100	SD
Zm00001eb161920	SD
Zm00001eb278630	SD
Zm00001eb040380	SD
Zm00001eb014630	SD
Zm00001eb117430	SD
Zm00001eb432090	SD
Zm00001eb277580	SD
Zm00001eb093910	SD
Zm00001eb099150	SD
Zm00001eb125470	SD
Zm00001eb140070	SD
Zm00001eb295500	SD
Zm00001eb356680	SD
Zm00001eb095200	SD
Zm00001eb356220	SD
Zm00001eb176650	SD
Zm00001eb327220	SD
Zm00001eb057010	SD
Zm00001eb094990	SD
Zm00001eb124340	SD
Zm00001eb271660	SD
Zm00001eb303850	SD
Zm00001eb194650	SD
Zm00001eb262330	SD
Zm00001eb047390	SD
Zm00001eb028820	SD
Zm00001eb246580	SD
Zm00001eb146910	SD
Zm00001eb108420	SD
Zm00001eb185980	SD
Zm00001eb421520	SD
Zm00001eb369210	SD
Zm00001eb189000	SD
Zm00001eb402890	SD
Zm00001eb020680	SD
Zm00001eb429750	SD
Zm00001eb233170	SD
Zm00001eb066100	SD
Zm00001eb282060	SD
Zm00001eb199470	SD
Zm00001eb299790	SD
Zm00001eb063880	SD
Zm00001eb069750	SD
Zm00001eb152530	SD
Zm00001eb184150	SD
Zm00001eb296470	SD
Zm00001eb076120	SD
Zm00001eb347290	SD
Zm00001eb184090	SD
Zm00001eb110620	SD
Zm00001eb430500	SD
Zm00001eb255190	SD
Zm00001eb214820	SD
Zm00001eb179680	SD
Zm00001eb309990	SD
Zm00001eb370210	SD
Zm00001eb315410	SD
Zm00001eb368530	SD
Zm00001eb288860	SD
Zm00001eb033150	SD
Zm00001eb178140	SD
Zm00001eb071540	SD
Zm00001eb367370	SD
Zm00001eb182190	SD
Zm00001eb342360	SD
Zm00001eb321320	SD
Zm00001eb429430	SD
Zm00001eb210760	SD
Zm00001eb097010	SD
Zm00001eb063540	SD
Zm00001eb140680	SD
Zm00001eb018860	SD
Zm00001eb394520	SD
Zm00001eb103400	SD
Zm00001eb009960	SD
Zm00001eb433940	SD
Zm00001eb068910	SD
Zm00001eb331210	SD
Zm00001eb151950	SD
Zm00001eb319390	SD
Zm00001eb007110	SD
Zm00001eb218600	SD
Zm00001eb036590	SD
Zm00001eb328110	SD
Zm00001eb398170	SD
Zm00001eb377530	SD
Zm00001eb315950	SD
Zm00001eb185590	SD
Zm00001eb209000	SD
Zm00001eb362470	SD
Zm00001eb185950	SD
Zm00001eb421330	SD
Zm00001eb375020	SD
Zm00001eb271530	SD
Zm00001eb336820	SD
Zm00001eb354820	SD
Zm00001eb266860	SD
Zm00001eb001480	SD
Zm00001eb068560	SD
Zm00001eb012910	SD
Zm00001eb336030	SD
Zm00001eb145550	SD
Zm00001eb049940	SD
Zm00001eb151460	SD
Zm00001eb362820	SD
Zm00001eb057560	SD
Zm00001eb152460	SD
Zm00001eb163980	SD
Zm00001eb425650	SD
Zm00001eb013830	SD
Zm00001eb370730	SD
Zm00001eb110740	SD
Zm00001eb423710	SD
Zm00001eb342310	SD
Zm00001eb080670	SD
Zm00001eb055350	SD
Zm00001eb174300	SD
Zm00001eb233250	SD
Zm00001eb045490	SD
Zm00001eb312230	SD
Zm00001eb401340	SD
Zm00001eb101040	SD
Zm00001eb130550	SD
Zm00001eb374150	SD
Zm00001eb401610	SD
Zm00001eb326170	SD
Zm00001eb386370	SD
Zm00001eb400950	SD
Zm00001eb425240	SD
Zm00001eb363920	SD
Zm00001eb242310	SD
Zm00001eb108910	SD
Zm00001eb226300	SD
Zm00001eb104670	SD
Zm00001eb359590	SD
Zm00001eb260530	SD
Zm00001eb080450	SD
Zm00001eb197030	SD
Zm00001eb288570	SD
Zm00001eb193910	SD
Zm00001eb361780	SD
Zm00001eb418060	SD
Zm00001eb326740	SD
Zm00001eb058590	SD
Zm00001eb019470	SD
Zm00001eb239490	SD
Zm00001eb120530	SD
Zm00001eb215120	SD
Zm00001eb403050	SD
Zm00001eb047790	SD
Zm00001eb214110	SD
Zm00001eb233110	SD
Zm00001eb384840	SD
Zm00001eb291730	SD
Zm00001eb208430	SD
Zm00001eb085780	SD
Zm00001eb155240	SD
Zm00001eb419000	SD
Zm00001eb359980	SD
Zm00001eb183250	SD
Zm00001eb179130	SD
Zm00001eb250670	SD
Zm00001eb328790	SD
Zm00001eb249120	SD
Zm00001eb021620	SD
Zm00001eb313970	SD
Zm00001eb147630	SD
Zm00001eb020530	SD
Zm00001eb209480	SD
Zm00001eb216430	SD
Zm00001eb324560	SD
Zm00001eb185510	SD
Zm00001eb102400	SD
Zm00001eb036440	SD
Zm00001eb257020	SD
Zm00001eb121410	SD
Zm00001eb097220	SD
Zm00001eb152840	SD
Zm00001eb012780	SD
Zm00001eb177310	SD
Zm00001eb051980	SD
Zm00001eb089650	SD
Zm00001eb294260	SD
Zm00001eb370600	SD
Zm00001eb229460	SD
Zm00001eb401750	SD
Zm00001eb396670	SD
Zm00001eb249910	SD
Zm00001eb212890	SD
Zm00001eb084570	SD
Zm00001eb049570	SD
Zm00001eb003910	SD
Zm00001eb044190	SD
Zm00001eb200150	SD
Zm00001eb175500	SD
Zm00001eb369750	SD
Zm00001eb163650	SD
Zm00001eb094240	SD
Zm00001eb083970	SD
Zm00001eb001820	SD
Zm00001eb269540	SD
Zm00001eb338740	SD
Zm00001eb257030	SD
Zm00001eb157850	SD
Zm00001eb152300	SD
Zm00001eb217970	SD
Zm00001eb288640	SD
Zm00001eb052550	SD
Zm00001eb129570	SD
Zm00001eb186330	SD
Zm00001eb427920	SD
Zm00001eb199190	SD
Zm00001eb352500	SD
Zm00001eb293420	SD
Zm00001eb392010	SD
Zm00001eb172980	SD
Zm00001eb286060	SD
Zm00001eb370870	SD
Zm00001eb378510	SD
Zm00001eb312870	SD
Zm00001eb229360	SD
Zm00001eb268730	SD
Zm00001eb393670	SD
Zm00001eb078530	SD
Zm00001eb135440	SD
Zm00001eb232520	SD
Zm00001eb028480	SD
Zm00001eb213540	SD
Zm00001eb221040	SD
Zm00001eb368070	SD
Zm00001eb429790	SD
Zm00001eb143170	SD
Zm00001eb205910	SD
Zm00001eb058600	SD
Zm00001eb403080	SD
Zm00001eb212870	SD
Zm00001eb037040	SD
Zm00001eb053470	SD
Zm00001eb360670	SD
Zm00001eb272660	SD
Zm00001eb216350	SD
Zm00001eb245710	SD
Zm00001eb193140	SD
Zm00001eb238370	SD
Zm00001eb088410	SD
Zm00001eb216980	SD
Zm00001eb355540	SD
Zm00001eb153950	SD
Zm00001eb369000	SD
Zm00001eb401690	SD
Zm00001eb099130	SD
Zm00001eb218860	SD
Zm00001eb189480	SD
Zm00001eb140880	SD
Zm00001eb022570	SD
Zm00001eb171580	SD
Zm00001eb389190	SD
Zm00001eb200450	SD
Zm00001eb032760	SD
Zm00001eb171540	SD
Zm00001eb392970	SD
Zm00001eb082430	SD
Zm00001eb243040	SD
Zm00001eb121560	SD
Zm00001eb130290	SD
Zm00001eb171530	SD
Zm00001eb058240	SD
Zm00001eb407510	SD
Zm00001eb363470	SD
Zm00001eb366740	SD
Zm00001eb300120	SD
Zm00001eb363550	SD
Zm00001eb303830	SD
Zm00001eb323150	SD
Zm00001eb030440	SD
Zm00001eb010370	SD
Zm00001eb275580	SD
Zm00001eb269170	SD
Zm00001eb064890	SD
Zm00001eb017200	SD
Zm00001eb359330	SD
Zm00001eb213750	SD
Zm00001eb397300	SD
Zm00001eb162120	SD
Zm00001eb212690	SD
Zm00001eb013020	SD
Zm00001eb108760	SD
Zm00001eb071190	SD
Zm00001eb347280	SD
Zm00001eb013750	SD
Zm00001eb433250	SD
Zm00001eb156280	SD
Zm00001eb342470	SD
Zm00001eb227740	SD
Zm00001eb097950	SD
Zm00001eb356430	SD
Zm00001eb154960	SD
Zm00001eb060640	SD
Zm00001eb278930	SD
Zm00001eb228620	SD
Zm00001eb041170	SD
Zm00001eb238430	SD
Zm00001eb351940	SD
Zm00001eb151110	SD
Zm00001eb391190	SD
Zm00001eb013490	SD
Zm00001eb271250	SD
Zm00001eb293830	SD
Zm00001eb163780	SD
Zm00001eb218620	SD
Zm00001eb117010	SD
Zm00001eb396710	SD
Zm00001eb071820	SD
Zm00001eb427020	SD
Zm00001eb295910	SD
Zm00001eb321110	SD
Zm00001eb220600	SD
Zm00001eb319670	SD
Zm00001eb423940	SD
Zm00001eb370650	SD
Zm00001eb399100	SD
Zm00001eb245740	SD
Zm00001eb183170	SD
Zm00001eb198910	SD
Zm00001eb126830	SD
Zm00001eb225440	SD
Zm00001eb372830	SD
Zm00001eb093500	SD
Zm00001eb312810	SD
Zm00001eb073580	SD
Zm00001eb332460	SD
Zm00001eb031730	SD
Zm00001eb264000	SD
Zm00001eb403520	SD
Zm00001eb294960	SD
Zm00001eb116350	SD
Zm00001eb048740	SD
Zm00001eb124510	SD
Zm00001eb415400	SD
Zm00001eb163400	SD
Zm00001eb063730	SD
Zm00001eb289250	SD
Zm00001eb238230	SD
Zm00001eb277700	SD
Zm00001eb401400	SD
Zm00001eb210810	SD
Zm00001eb106430	SD
Zm00001eb353070	SD
Zm00001eb226680	SD
Zm00001eb235640	SD
Zm00001eb065970	SD
Zm00001eb017920	SD
Zm00001eb387820	SD
Zm00001eb081770	SD
Zm00001eb393620	SD
Zm00001eb309950	SD
Zm00001eb432370	SD
Zm00001eb176070	SD
Zm00001eb328450	SD
Zm00001eb275230	SD
Zm00001eb061740	SD
Zm00001eb311050	SD
Zm00001eb402970	SD
Zm00001eb386240	SD
Zm00001eb194680	SD
Zm00001eb338030	SD
Zm00001eb031690	SD
Zm00001eb204010	SD
Zm00001eb353690	SD
Zm00001eb303910	SD
Zm00001eb221920	SD
Zm00001eb152570	SD
Zm00001eb377870	SD
Zm00001eb068110	SD
Zm00001eb180910	SD
Zm00001eb140990	SD
Zm00001eb418040	SD
Zm00001eb248190	SD
Zm00001eb070520	SD
Zm00001eb067130	SD
Zm00001eb223020	SD
Zm00001eb423830	SD
Zm00001eb434310	SD
Zm00001eb060470	SD
Zm00001eb117000	SD
Zm00001eb175280	SD
Zm00001eb369840	SD
Zm00001eb426660	SD
Zm00001eb428020	SD
Zm00001eb056960	SD
Zm00001eb023890	SD
Zm00001eb318420	SD
Zm00001eb385030	SD
Zm00001eb127110	SD
Zm00001eb075000	SD
Zm00001eb156860	SD
Zm00001eb265490	SD
Zm00001eb257950	SD
Zm00001eb390480	SD
Zm00001eb372790	SD
Zm00001eb139670	SD
Zm00001eb405850	SD
Zm00001eb181800	SD
Zm00001eb389070	SD
Zm00001eb336580	SD
Zm00001eb145660	SD
Zm00001eb396420	SD
Zm00001eb075210	SD
Zm00001eb137700	SD
Zm00001eb173170	SD
Zm00001eb275180	SD
Zm00001eb329620	SD
Zm00001eb252920	SD
Zm00001eb143500	SD
Zm00001eb256110	SD
Zm00001eb218120	SD
Zm00001eb228290	SD
Zm00001eb068610	SD
Zm00001eb078210	SD
Zm00001eb206360	SD
Zm00001eb216990	SD
Zm00001eb062500	SD
Zm00001eb213650	SD
Zm00001eb106440	SD
Zm00001eb146760	SD
Zm00001eb137060	SD
Zm00001eb078760	SD
Zm00001eb402360	SD
Zm00001eb016940	SD
Zm00001eb427570	SD
Zm00001eb140660	SD
Zm00001eb429860	SD
Zm00001eb323590	SD
Zm00001eb347670	SD
Zm00001eb075130	SD
Zm00001eb100860	SD
Zm00001eb335230	SD
Zm00001eb001210	SD
Zm00001eb151140	SD
Zm00001eb430490	SD
Zm00001eb105510	SD
Zm00001eb364190	SD
Zm00001eb331270	SD
Zm00001eb067570	SD
Zm00001eb160770	SD
Zm00001eb194160	SD
Zm00001eb218500	SD
Zm00001eb328350	SD
Zm00001eb065770	SD
Zm00001eb008680	SD
Zm00001eb320870	SD
Zm00001eb254860	SD
Zm00001eb157100	SD
Zm00001eb369550	SD
Zm00001eb003880	SD
Zm00001eb050440	SD
Zm00001eb303760	SD
Zm00001eb066900	SD
Zm00001eb144650	SD
Zm00001eb075650	SD
Zm00001eb214650	SD
Zm00001eb084680	SD
Zm00001eb188340	SD
Zm00001eb149500	SD
Zm00001eb204430	SD
Zm00001eb353210	SD
Zm00001eb065640	SD
Zm00001eb368010	SD
Zm00001eb061400	SD
Zm00001eb102600	SD
Zm00001eb343010	SD
Zm00001eb294540	SD
Zm00001eb137920	SD
Zm00001eb288890	SD
Zm00001eb360430	SD
Zm00001eb394670	SD
Zm00001eb206530	SD
Zm00001eb274890	SD
Zm00001eb376820	SD
Zm00001eb105120	SD
Zm00001eb275340	SD
Zm00001eb263800	SD
Zm00001eb068660	SD
Zm00001eb383560	SD
Zm00001eb275280	SD
Zm00001eb294680	SD
Zm00001eb242470	SD
Zm00001eb254250	SD
Zm00001eb395260	SD
Zm00001eb323160	SD
Zm00001eb105550	SD
Zm00001eb421060	SD
Zm00001eb019130	SD
Zm00001eb317820	SD
Zm00001eb234660	SD
Zm00001eb241740	SD
Zm00001eb079530	SD
Zm00001eb432380	SD
Zm00001eb390620	SD
Zm00001eb340610	SD
Zm00001eb212650	SD
Zm00001eb015250	SD
Zm00001eb334830	SD
Zm00001eb248600	SD
Zm00001eb157800	SD
Zm00001eb372230	SD
Zm00001eb317590	SD
Zm00001eb188510	SD
Zm00001eb199200	SD
Zm00001eb198110	SD
Zm00001eb062880	SD
Zm00001eb294590	SD
Zm00001eb101550	SD
Zm00001eb334220	SD
Zm00001eb055560	SD
Zm00001eb052680	SD
Zm00001eb072750	SD
Zm00001eb246070	SD
Zm00001eb219760	SD
Zm00001eb283120	SD
Zm00001eb043380	SD
Zm00001eb338000	SD
Zm00001eb020170	SD
Zm00001eb427500	SD
Zm00001eb066840	SD
Zm00001eb020610	SD
Zm00001eb044990	SD
Zm00001eb101100	SD
Zm00001eb230300	SD
Zm00001eb253530	SD
Zm00001eb172960	SD
Zm00001eb357610	SD
Zm00001eb080560	SD
Zm00001eb069290	SD
Zm00001eb352720	SD
Zm00001eb232560	SD
Zm00001eb072350	SD
Zm00001eb261260	SD
Zm00001eb082980	SD
Zm00001eb343100	SD
Zm00001eb331890	SD
Zm00001eb280810	SD
Zm00001eb293120	SD
Zm00001eb314570	SD
Zm00001eb326490	SD
Zm00001eb099410	SD
Zm00001eb277660	SD
Zm00001eb120700	SD
Zm00001eb253370	SD
Zm00001eb060500	SD
Zm00001eb098520	SD
Zm00001eb037160	SD
Zm00001eb160820	SD
Zm00001eb148850	SD
Zm00001eb188070	SD
Zm00001eb422070	SD
Zm00001eb336960	SD
Zm00001eb428390	SD
Zm00001eb022110	SD
Zm00001eb264700	SD
Zm00001eb213490	SD
Zm00001eb284110	SD
Zm00001eb119390	SD
Zm00001eb117290	SD
Zm00001eb131280	SD
Zm00001eb130510	SD
Zm00001eb068310	SD
Zm00001eb027670	SD
Zm00001eb424250	SD
Zm00001eb213950	SD
Zm00001eb295080	SD
Zm00001eb425710	SD
Zm00001eb003870	SD
Zm00001eb234510	SD
Zm00001eb372500	SD
Zm00001eb317640	SD
Zm00001eb113850	SD
Zm00001eb205850	SD
Zm00001eb301260	SD
Zm00001eb141720	SD
Zm00001eb364140	SD
Zm00001eb051860	SD
Zm00001eb070000	SD
Zm00001eb275700	SD
Zm00001eb145960	SD
Zm00001eb338520	SD
Zm00001eb385460	SD
Zm00001eb105200	SD
Zm00001eb278530	SD
Zm00001eb271520	SD
Zm00001eb188970	SD
Zm00001eb289460	SD
Zm00001eb319380	SD
Zm00001eb098640	SD
Zm00001eb243480	SD
Zm00001eb325380	SD
Zm00001eb379270	SD
Zm00001eb040900	SD
Zm00001eb389680	SD
Zm00001eb094930	SD
Zm00001eb403740	SD
Zm00001eb283070	SD
Zm00001eb136920	SD
Zm00001eb357520	SD
Zm00001eb372190	SD
Zm00001eb170450	SD
Zm00001eb309360	SD
Zm00001eb187680	SD
Zm00001eb254350	SD
Zm00001eb040730	SD
Zm00001eb364700	SD
Zm00001eb159830	SD
Zm00001eb303360	SD
Zm00001eb105970	SD
Zm00001eb080070	SD
Zm00001eb112970	SD
Zm00001eb070020	SD
Zm00001eb239360	SD
Zm00001eb181080	SD
Zm00001eb422780	SD
Zm00001eb238930	SD
Zm00001eb102650	SD
Zm00001eb355020	SD
Zm00001eb194700	SD
Zm00001eb143080	SD
Zm00001eb125340	SD
Zm00001eb205480	SD
Zm00001eb145470	SD
Zm00001eb258430	SD
Zm00001eb023620	SD
Zm00001eb074830	SD
Zm00001eb357740	SD
Zm00001eb234060	SD
Zm00001eb257300	SD
Zm00001eb054790	SD
Zm00001eb049160	SD
Zm00001eb155420	SD
Zm00001eb117160	SD
Zm00001eb099900	SD
Zm00001eb041340	SD
Zm00001eb213880	SD
Zm00001eb306650	SD
Zm00001eb194280	SD
Zm00001eb008100	SD
Zm00001eb149980	SD
Zm00001eb042320	SD
Zm00001eb053830	SD
Zm00001eb253690	SD
Zm00001eb353240	SD
Zm00001eb326450	SD
Zm00001eb400810	SD
Zm00001eb366350	SD
Zm00001eb272930	SD
Zm00001eb197890	SD
Zm00001eb247750	SD
Zm00001eb393120	SD
Zm00001eb232110	SD
Zm00001eb359610	SD
Zm00001eb343820	SD
Zm00001eb352350	SD
Zm00001eb155390	SD
Zm00001eb145900	SD
Zm00001eb185800	SD
Zm00001eb235450	SD
Zm00001eb333680	SD
Zm00001eb385470	SD
Zm00001eb255960	SD
Zm00001eb100630	SD
Zm00001eb219520	SD
Zm00001eb006590	SD
Zm00001eb148570	SD
Zm00001eb181770	SD
Zm00001eb198890	SD
Zm00001eb111390	SD
Zm00001eb095230	SD
Zm00001eb015160	SD
Zm00001eb227230	SD
Zm00001eb344820	SD
Zm00001eb422490	SD
Zm00001eb081900	SD
Zm00001eb181460	SD
Zm00001eb008130	SD
Zm00001eb252340	SD
Zm00001eb369370	SD
Zm00001eb339510	SD
Zm00001eb206600	SD
Zm00001eb327860	SD
Zm00001eb157650	SD
Zm00001eb113310	SD
Zm00001eb211260	SD
Zm00001eb036530	SD
Zm00001eb201130	SD
Zm00001eb140330	SD
Zm00001eb190250	SD
Zm00001eb423170	SD
Zm00001eb280300	SD
Zm00001eb343900	SD
Zm00001eb157400	SD
Zm00001eb016950	SD
Zm00001eb038620	SD
Zm00001eb315650	SD
Zm00001eb052510	SD
Zm00001eb003930	SD
Zm00001eb223340	SD
Zm00001eb080680	SD
Zm00001eb433660	SD
Zm00001eb084030	SD
Zm00001eb393310	SD
Zm00001eb080550	SD
Zm00001eb289710	SD
Zm00001eb159470	SD
Zm00001eb370340	SD
Zm00001eb161810	SD
Zm00001eb396160	SD
Zm00001eb197520	SD
Zm00001eb421130	SD
Zm00001eb320550	SD
Zm00001eb234380	SD
Zm00001eb235050	SD
Zm00001eb351800	SD
Zm00001eb179550	SD
Zm00001eb149280	SD
Zm00001eb072990	SD
Zm00001eb101840	SD
Zm00001eb339950	SD
Zm00001eb285880	SD
Zm00001eb410170	SD
Zm00001eb176900	SD
Zm00001eb078980	SD
Zm00001eb431970	SD
Zm00001eb230470	SD
Zm00001eb293080	SD
Zm00001eb397960	SD
Zm00001eb067450	SD
Zm00001eb287890	SD
Zm00001eb205770	SD
Zm00001eb353570	SD
Zm00001eb205990	SD
Zm00001eb067620	SD
Zm00001eb395850	SD
Zm00001eb211750	SD
Zm00001eb249520	SD
Zm00001eb164120	SD
Zm00001eb126970	SD
Zm00001eb084990	SD
Zm00001eb267620	SD
Zm00001eb148540	SD
Zm00001eb429960	SD
Zm00001eb366340	SD
Zm00001eb083800	SD
Zm00001eb154270	SD
Zm00001eb374380	SD
Zm00001eb119800	SD
Zm00001eb126300	SD
Zm00001eb343590	SD
Zm00001eb036960	SD
Zm00001eb324550	SD
Zm00001eb400480	SD
Zm00001eb064590	SD
Zm00001eb198420	SD
Zm00001eb333500	SD
Zm00001eb130280	SD
Zm00001eb253490	SD
Zm00001eb142840	SD
Zm00001eb347340	SD
Zm00001eb104220	SD
Zm00001eb001950	SD
Zm00001eb353580	SD
Zm00001eb433150	SD
Zm00001eb362720	SD
Zm00001eb217080	SD
Zm00001eb092540	SD
Zm00001eb122780	SD
Zm00001eb102170	SD
Zm00001eb131420	SD
Zm00001eb286400	SD
Zm00001eb324220	SD
Zm00001eb395230	SD
Zm00001eb209070	SD
Zm00001eb218840	SD
Zm00001eb324490	SD
Zm00001eb188040	SD
Zm00001eb286530	SD
Zm00001eb242600	SD
Zm00001eb189180	SD
Zm00001eb071310	SD
Zm00001eb342490	SD
Zm00001eb395020	SD
Zm00001eb192320	SD
Zm00001eb060320	SD
Zm00001eb016200	SD
Zm00001eb404250	SD
Zm00001eb144580	SD
Zm00001eb304540	SD
Zm00001eb109750	SD
Zm00001eb396520	SD
Zm00001eb144400	SD
Zm00001eb431270	SD
Zm00001eb062280	SD
Zm00001eb118230	SD
Zm00001eb421470	SD
Zm00001eb320590	SD
Zm00001eb221590	SD
Zm00001eb152430	SD
Zm00001eb246810	SD
Zm00001eb322140	SD
Zm00001eb054950	SD
Zm00001eb215240	SD
Zm00001eb268450	SD
Zm00001eb174310	SD
Zm00001eb091780	SD
Zm00001eb183910	SD
Zm00001eb045530	SD
Zm00001eb102720	SD
Zm00001eb161900	SD
Zm00001eb080230	SD
Zm00001eb223620	SD
Zm00001eb102490	SD
Zm00001eb338780	SD
Zm00001eb344410	SD
Zm00001eb058800	SD
Zm00001eb222240	SD
Zm00001eb153500	SD
Zm00001eb289950	SD
Zm00001eb387070	SD
Zm00001eb173580	SD
Zm00001eb199930	SD
Zm00001eb096950	SD
Zm00001eb363190	SD
Zm00001eb063510	SD
Zm00001eb033650	SD
Zm00001eb188180	SD
Zm00001eb250030	SD
Zm00001eb052120	SD
Zm00001eb365730	SD
Zm00001eb033790	SD
Zm00001eb289470	SD
Zm00001eb275610	SD
Zm00001eb042200	SD
Zm00001eb162620	SD
Zm00001eb138640	SD
Zm00001eb213140	SD
Zm00001eb372600	SD
Zm00001eb158200	SD
Zm00001eb219320	SD
Zm00001eb422000	SD
Zm00001eb212440	SD
Zm00001eb160070	SD
Zm00001eb056250	SD
Zm00001eb367400	SD
Zm00001eb033000	SD
Zm00001eb255290	SD
Zm00001eb151640	SD
Zm00001eb071050	SD
Zm00001eb248360	SD
Zm00001eb179570	SD
Zm00001eb386570	SD
Zm00001eb378260	SD
Zm00001eb137990	SD
Zm00001eb073110	SD
Zm00001eb326630	SD
Zm00001eb244080	SD
Zm00001eb161620	SD
Zm00001eb233090	SD
Zm00001eb072680	SD
Zm00001eb250970	SD
Zm00001eb207580	SD
Zm00001eb394600	SD
Zm00001eb343180	SD
Zm00001eb295860	SD
Zm00001eb430770	SD
Zm00001eb291810	SD
Zm00001eb388280	SD
Zm00001eb066570	SD
Zm00001eb188610	SD
Zm00001eb205750	SD
Zm00001eb386320	SD
Zm00001eb073090	SD
Zm00001eb429970	SD
Zm00001eb208820	SD
Zm00001eb225670	SD
Zm00001eb386350	SD
Zm00001eb424490	SD
Zm00001eb072050	SD
Zm00001eb325880	SD
Zm00001eb280560	SD
Zm00001eb250380	SD
Zm00001eb016600	SD
Zm00001eb255380	SD
Zm00001eb100000	SD
Zm00001eb040650	SD
Zm00001eb335620	SD
Zm00001eb155680	SD
Zm00001eb378370	SD
Zm00001eb040560	SD
Zm00001eb110060	SD
Zm00001eb144890	SD
Zm00001eb361650	SD
Zm00001eb079180	SD
Zm00001eb427760	SD
Zm00001eb077470	SD
Zm00001eb335130	SD
Zm00001eb124940	SD
Zm00001eb303510	SD
Zm00001eb268360	SD
Zm00001eb364840	SD
Zm00001eb036130	SD
Zm00001eb110260	SD
Zm00001eb260600	SD
Zm00001eb100190	SD
Zm00001eb253710	SD
Zm00001eb421930	SD
Zm00001eb093900	SD
Zm00001eb148020	SD
Zm00001eb039590	SD
Zm00001eb422790	SD
Zm00001eb366870	SD
Zm00001eb301640	SD
Zm00001eb099870	SD
Zm00001eb295610	SD
Zm00001eb353520	SD
Zm00001eb170180	SD
Zm00001eb300890	SD
Zm00001eb173710	SD
Zm00001eb357580	SD
Zm00001eb313690	SD
Zm00001eb142580	SD
Zm00001eb213080	SD
Zm00001eb392860	SD
Zm00001eb092660	SD
Zm00001eb028430	SD
Zm00001eb104160	SD
Zm00001eb072690	SD
Zm00001eb314350	SD
Zm00001eb377390	SD
Zm00001eb112610	SD
Zm00001eb389270	SD
Zm00001eb080130	SD
Zm00001eb401090	SD
Zm00001eb348730	SD
Zm00001eb189020	SD
Zm00001eb156200	SD
Zm00001eb147640	SD
Zm00001eb373510	SD
Zm00001eb040460	SD
Zm00001eb178560	SD
Zm00001eb385630	SD
Zm00001eb173250	SD
Zm00001eb160020	SD
Zm00001eb292650	SD
Zm00001eb052720	SD
Zm00001eb045330	SD
Zm00001eb387640	SD
Zm00001eb413320	SD
Zm00001eb069920	SD
Zm00001eb331200	SD
Zm00001eb401810	SD
Zm00001eb225620	SD
Zm00001eb429470	SD
Zm00001eb067390	SD
Zm00001eb093610	SD
Zm00001eb016420	SD
Zm00001eb316430	SD
Zm00001eb076710	SD
Zm00001eb230960	SD
Zm00001eb309020	SD
Zm00001eb149640	SD
Zm00001eb260970	SD
Zm00001eb103880	SD
Zm00001eb048800	SD
Zm00001eb302690	SD
Zm00001eb063090	SD
Zm00001eb157900	SD
Zm00001eb208090	SD
Zm00001eb178320	SD
Zm00001eb066290	SD
Zm00001eb339460	SD
Zm00001eb197400	SD
Zm00001eb306170	SD
Zm00001eb089560	SD
Zm00001eb294420	SD
Zm00001eb393200	SD
Zm00001eb327330	SD
Zm00001eb154130	SD
Zm00001eb330370	SD
Zm00001eb059710	SD
Zm00001eb272400	SD
Zm00001eb316290	SD
Zm00001eb403670	SD
Zm00001eb163850	SD
Zm00001eb085230	SD
Zm00001eb250700	SD
Zm00001eb163920	SD
Zm00001eb049250	SD
Zm00001eb380850	SD
Zm00001eb332630	SD
Zm00001eb431170	SD
Zm00001eb400520	SD
Zm00001eb052670	SD
Zm00001eb431360	SD
Zm00001eb069730	SD
Zm00001eb401250	SD
Zm00001eb281800	SD
Zm00001eb145520	SD
Zm00001eb149400	SD
Zm00001eb124930	SD
Zm00001eb148830	SD
Zm00001eb289870	SD
Zm00001eb052570	SD
Zm00001eb202840	SD
Zm00001eb351330	SD
Zm00001eb062450	SD
Zm00001eb284020	SD
Zm00001eb391630	SD
Zm00001eb322090	SD
Zm00001eb278610	SD
Zm00001eb201830	SD
Zm00001eb184630	SD
Zm00001eb047510	SD
Zm00001eb069990	SD
Zm00001eb001470	SD
Zm00001eb190010	SD
Zm00001eb078920	SD
Zm00001eb040140	SD
Zm00001eb095080	SD
Zm00001eb402790	SD
Zm00001eb081750	SD
Zm00001eb213050	SD
Zm00001eb119950	SD
Zm00001eb365820	SD
Zm00001eb400510	SD
Zm00001eb333540	SD
Zm00001eb190470	SD
Zm00001eb211740	SD
Zm00001eb187040	SD
Zm00001eb074420	SD
Zm00001eb202850	SD
Zm00001eb355770	SD
Zm00001eb204310	SD
Zm00001eb127460	SD
Zm00001eb054510	SD
Zm00001eb338550	SD
Zm00001eb206380	SD
Zm00001eb321460	SD
Zm00001eb306070	SD
Zm00001eb259160	SD
Zm00001eb066160	SD
Zm00001eb310660	SD
Zm00001eb040040	SD
Zm00001eb421240	SD
Zm00001eb339550	SD
Zm00001eb091920	SD
Zm00001eb077570	SD
Zm00001eb158180	SD
Zm00001eb215920	SD
Zm00001eb047430	SD
Zm00001eb269270	SD
Zm00001eb259550	SD
Zm00001eb215110	SD
Zm00001eb080170	SD
Zm00001eb152340	SD
Zm00001eb177200	SD
Zm00001eb414110	SD
Zm00001eb264410	SD
Zm00001eb361700	SD
Zm00001eb004020	SD
Zm00001eb111730	SD
Zm00001eb083380	SD
Zm00001eb244680	SD
Zm00001eb393300	SD
Zm00001eb359290	SD
Zm00001eb095780	SD
Zm00001eb378250	SD
Zm00001eb271240	SD
Zm00001eb214730	SD
Zm00001eb139860	SD
Zm00001eb291480	SD
Zm00001eb048410	SD
Zm00001eb024030	SD
Zm00001eb161310	SD
Zm00001eb109330	SD
Zm00001eb323490	SD
Zm00001eb016470	SD
Zm00001eb231120	SD
Zm00001eb124630	SD
Zm00001eb043440	SD
Zm00001eb317450	SD
Zm00001eb207400	SD
Zm00001eb249760	SD
Zm00001eb189730	SD
Zm00001eb406460	SD
Zm00001eb116740	SD
Zm00001eb214980	SD
Zm00001eb004530	SD
Zm00001eb070220	SD
Zm00001eb429540	SD
Zm00001eb118270	SD
Zm00001eb245960	SD
Zm00001eb273640	SD
Zm00001eb391610	SD
Zm00001eb373940	SD
Zm00001eb359280	SD
Zm00001eb239170	SD
Zm00001eb212030	SD
Zm00001eb077840	SD
Zm00001eb016930	SD
Zm00001eb190330	SD
Zm00001eb153440	SD
Zm00001eb010240	SD
Zm00001eb146970	SD
Zm00001eb226290	SD
Zm00001eb081700	SD
Zm00001eb399530	SD
Zm00001eb330190	SD
Zm00001eb062150	SD
Zm00001eb330470	SD
Zm00001eb294640	SD
Zm00001eb339270	SD
Zm00001eb045570	SD
Zm00001eb258270	SD
Zm00001eb250040	SD
Zm00001eb216920	SD
Zm00001eb204290	SD
Zm00001eb209960	SD
Zm00001eb378930	SD
Zm00001eb187380	SD
Zm00001eb031140	SD
Zm00001eb390630	SD
Zm00001eb174760	SD
Zm00001eb010300	SD
Zm00001eb216460	SD
Zm00001eb277920	SD
Zm00001eb038530	SD
Zm00001eb402420	SD
Zm00001eb252830	SD
Zm00001eb218870	SD
Zm00001eb398590	SD
Zm00001eb005580	SD
Zm00001eb061560	SD
Zm00001eb049630	SD
Zm00001eb244950	SD
Zm00001eb391700	SD
Zm00001eb006400	SD
Zm00001eb234830	SD
Zm00001eb145310	SD
Zm00001eb063990	SD
Zm00001eb118020	SD
Zm00001eb252840	SD
Zm00001eb286540	SD
Zm00001eb331450	SD
Zm00001eb102310	SD
Zm00001eb393000	SD
Zm00001eb190000	SD
Zm00001eb148910	SD
Zm00001eb349260	SD
Zm00001eb074310	SD
Zm00001eb151000	SD
Zm00001eb143570	SD
Zm00001eb070780	SD
Zm00001eb406100	SD
Zm00001eb020320	SD
Zm00001eb036640	SD
Zm00001eb403370	SD
Zm00001eb387410	SD
Zm00001eb193520	SD
Zm00001eb121020	SD
Zm00001eb337720	SD
Zm00001eb154030	SD
Zm00001eb273860	SD
Zm00001eb081230	SD
Zm00001eb107620	SD
Zm00001eb052000	SD
Zm00001eb143420	SD
Zm00001eb180950	SD
Zm00001eb368220	SD
Zm00001eb247850	SD
Zm00001eb356950	SD
Zm00001eb101990	SD
Zm00001eb163320	SD
Zm00001eb226990	SD
Zm00001eb316630	SD
Zm00001eb172570	SD
Zm00001eb007240	SD
Zm00001eb372550	SD
Zm00001eb356600	SD
Zm00001eb043810	SD
Zm00001eb369670	SD
Zm00001eb071100	SD
Zm00001eb370430	SD
Zm00001eb221180	SD
Zm00001eb272650	SD
Zm00001eb312610	SD
Zm00001eb124380	SD
Zm00001eb432150	SD
Zm00001eb416770	SD
Zm00001eb324540	SD
Zm00001eb001280	SD
Zm00001eb423070	SD
Zm00001eb396890	SD
Zm00001eb283840	SD
Zm00001eb324500	SD
Zm00001eb044700	SD
Zm00001eb374200	SD
Zm00001eb070660	SD
Zm00001eb396430	SD
Zm00001eb103010	SD
Zm00001eb369790	SD
Zm00001eb001980	SD
Zm00001eb152790	SD
Zm00001eb236500	SD
Zm00001eb015670	SD
Zm00001eb423380	SD
Zm00001eb433350	SD
Zm00001eb341250	SD
Zm00001eb072650	SD
Zm00001eb053730	SD
Zm00001eb261670	SD
Zm00001eb310700	SD
Zm00001eb109640	SD
Zm00001eb143260	SD
Zm00001eb211110	SD
Zm00001eb005320	SD
Zm00001eb011610	SD
Zm00001eb021610	SD
Zm00001eb217100	SD
Zm00001eb052600	SD
Zm00001eb343110	SD
Zm00001eb247420	SD
Zm00001eb322940	SD
Zm00001eb171030	SD
Zm00001eb068900	SD
Zm00001eb279710	SD
Zm00001eb303030	SD
Zm00001eb333010	SD
Zm00001eb215210	SD
Zm00001eb007650	SD
Zm00001eb415610	SD
Zm00001eb218060	SD
Zm00001eb213610	SD
Zm00001eb002930	SD
Zm00001eb111350	SD
Zm00001eb129650	SD
Zm00001eb260880	SD
Zm00001eb183530	SD
Zm00001eb183400	SD
Zm00001eb296840	SD
Zm00001eb330310	SD
Zm00001eb369660	SD
Zm00001eb143310	SD
Zm00001eb102370	SD
Zm00001eb333480	SD
Zm00001eb355660	SD
Zm00001eb258540	SD
Zm00001eb044230	SD
Zm00001eb052790	SD
Zm00001eb071020	SD
Zm00001eb212590	SD
Zm00001eb176930	SD
Zm00001eb110280	SD
Zm00001eb142750	SD
Zm00001eb274770	SD
Zm00001eb071700	SD
Zm00001eb234280	SD
Zm00001eb364940	SD
Zm00001eb333640	SD
Zm00001eb315260	SD
Zm00001eb109830	SD
Zm00001eb011650	SD
Zm00001eb104680	SD
Zm00001eb426700	SD
Zm00001eb084040	SD
Zm00001eb131830	SD
Zm00001eb340410	SD
Zm00001eb117930	SD
Zm00001eb224900	SD
Zm00001eb131840	SD
Zm00001eb193270	SD
Zm00001eb078360	SD
Zm00001eb072850	SD
Zm00001eb326050	SD
Zm00001eb155470	SD
Zm00001eb336310	SD
Zm00001eb036900	SD
Zm00001eb373190	SD
Zm00001eb100840	SD
Zm00001eb102630	SD
Zm00001eb328170	SD
Zm00001eb360660	SD
Zm00001eb138020	SD
Zm00001eb112460	SD
Zm00001eb139450	SD
Zm00001eb192220	SD
Zm00001eb195830	SD
Zm00001eb105410	SD
Zm00001eb244200	SD
Zm00001eb376740	SD
Zm00001eb000440	SD
Zm00001eb382790	SD
Zm00001eb352190	SD
Zm00001eb360140	SD
Zm00001eb052740	SD
Zm00001eb017830	SD
Zm00001eb329410	SD
Zm00001eb097280	SD
Zm00001eb069280	SD
Zm00001eb354490	SD
Zm00001eb030700	SD
Zm00001eb138030	SD
Zm00001eb010890	SD
Zm00001eb067630	SD
Zm00001eb066650	SD
Zm00001eb245930	SD
Zm00001eb332330	SD
Zm00001eb058270	SD
Zm00001eb249550	SD
Zm00001eb172640	SD
Zm00001eb172810	SD
Zm00001eb223030	SD
Zm00001eb018420	SD
Zm00001eb130570	SD
Zm00001eb232530	SD
Zm00001eb148600	SD
Zm00001eb398330	SD
Zm00001eb224890	SD
Zm00001eb122380	SD
Zm00001eb375890	SD
Zm00001eb311750	SD
Zm00001eb163950	SD
Zm00001eb294120	SD
Zm00001eb338860	SD
Zm00001eb123580	SD
Zm00001eb372510	SD
Zm00001eb400610	SD
Zm00001eb120030	SD
Zm00001eb350780	SD
Zm00001eb368230	SD
Zm00001eb296170	SD
Zm00001eb402980	SD
Zm00001eb263530	SD
Zm00001eb005540	SD
Zm00001eb230670	SD
Zm00001eb216820	SD
Zm00001eb372570	SD
Zm00001eb367350	SD
Zm00001eb220760	SD
Zm00001eb257900	SD
Zm00001eb356000	SD
Zm00001eb432160	SD
Zm00001eb416190	SD
Zm00001eb375830	SD
Zm00001eb324240	SD
Zm00001eb281540	SD
Zm00001eb175870	SD
Zm00001eb370780	SD
Zm00001eb356920	SD
Zm00001eb160720	SD
Zm00001eb235170	SD
Zm00001eb225710	SD
Zm00001eb020140	SD
Zm00001eb061250	SD
Zm00001eb372320	SD
Zm00001eb206390	SD
Zm00001eb344290	SD
Zm00001eb277360	SD
Zm00001eb262180	SD
Zm00001eb262400	SD
Zm00001eb263500	SD
Zm00001eb263740	SD
Zm00001eb262310	SD
Zm00001eb175060	SD
Zm00001eb080340	SD
Zm00001eb430460	SD
Zm00001eb069040	SD
Zm00001eb002390	SD
Zm00001eb267000	SD
Zm00001eb059730	SD
Zm00001eb002780	SD
Zm00001eb079370	SD
Zm00001eb246200	SD
Zm00001eb395440	SD
Zm00001eb281780	SD
Zm00001eb433880	SD
Zm00001eb044480	SD
Zm00001eb140250	SD
Zm00001eb163280	SD
Zm00001eb161770	SD
Zm00001eb115230	SD
Zm00001eb426270	SD
Zm00001eb081450	SD
Zm00001eb068350	SD
Zm00001eb262000	SD
Zm00001eb233830	SD
Zm00001eb241780	SD
Zm00001eb107890	SD
Zm00001eb402020	SD
Zm00001eb403060	SD
Zm00001eb281530	SD
Zm00001eb138890	SD
Zm00001eb077540	SD
Zm00001eb425810	SD
Zm00001eb114910	TD
Zm00001eb160450	TD
Zm00001eb247660	TD
Zm00001eb315030	TD
Zm00001eb023600	TD
Zm00001eb003630	TD
Zm00001eb003610	TD
Zm00001eb393970	TD
Zm00001eb404240	TD
Zm00001eb320830	TD
Zm00001eb073120	TD
Zm00001eb066750	TD
Zm00001eb002710	TD
Zm00001eb002810	TD
Zm00001eb003020	TD
Zm00001eb003240	TD
Zm00001eb416610	TD
Zm00001eb302750	TD
Zm00001eb003450	TD
Zm00001eb321840	TD
Zm00001eb046630	TD
Zm00001eb017670	TD
Zm00001eb429760	TD
Zm00001eb326390	TD
Zm00001eb018540	TD
Zm00001eb003920	TD
Zm00001eb134620	TD
Zm00001eb059120	TD
Zm00001eb008170	TD
Zm00001eb004860	TD
Zm00001eb004840	TD
Zm00001eb004980	TD
Zm00001eb320960	TD
Zm00001eb244620	TD
Zm00001eb006770	TD
Zm00001eb026700	TD
Zm00001eb322270	TD
Zm00001eb006910	TD
Zm00001eb401280	TD
Zm00001eb007380	TD
Zm00001eb007390	TD
Zm00001eb007340	TD
Zm00001eb007410	TD
Zm00001eb008070	TD
Zm00001eb325700	TD
Zm00001eb401130	TD
Zm00001eb317440	TD
Zm00001eb280490	TD
Zm00001eb054240	TD
Zm00001eb009940	TD
Zm00001eb333300	TD
Zm00001eb259190	TD
Zm00001eb010010	TD
Zm00001eb081580	TD
Zm00001eb010140	TD
Zm00001eb124950	TD
Zm00001eb117260	TD
Zm00001eb296850	TD
Zm00001eb050710	TD
Zm00001eb011140	TD
Zm00001eb011110	TD
Zm00001eb349250	TD
Zm00001eb057650	TD
Zm00001eb057660	TD
Zm00001eb057680	TD
Zm00001eb011240	TD
Zm00001eb427270	TD
Zm00001eb011320	TD
Zm00001eb165810	TD
Zm00001eb383450	TD
Zm00001eb280980	TD
Zm00001eb291400	TD
Zm00001eb397470	TD
Zm00001eb397450	TD
Zm00001eb397480	TD
Zm00001eb012920	TD
Zm00001eb013320	TD
Zm00001eb294620	TD
Zm00001eb013580	TD
Zm00001eb404920	TD
Zm00001eb014000	TD
Zm00001eb014070	TD
Zm00001eb014080	TD
Zm00001eb014370	TD
Zm00001eb014420	TD
Zm00001eb014290	TD
Zm00001eb014350	TD
Zm00001eb014260	TD
Zm00001eb014700	TD
Zm00001eb396120	TD
Zm00001eb014800	TD
Zm00001eb379140	TD
Zm00001eb014960	TD
Zm00001eb138860	TD
Zm00001eb381650	TD
Zm00001eb015530	TD
Zm00001eb015610	TD
Zm00001eb216380	TD
Zm00001eb216330	TD
Zm00001eb358500	TD
Zm00001eb358460	TD
Zm00001eb285790	TD
Zm00001eb367620	TD
Zm00001eb016490	TD
Zm00001eb016510	TD
Zm00001eb363560	TD
Zm00001eb405820	TD
Zm00001eb426860	TD
Zm00001eb158360	TD
Zm00001eb017960	TD
Zm00001eb110050	TD
Zm00001eb048620	TD
Zm00001eb018440	TD
Zm00001eb080890	TD
Zm00001eb188490	TD
Zm00001eb188480	TD
Zm00001eb018640	TD
Zm00001eb315270	TD
Zm00001eb315250	TD
Zm00001eb019070	TD
Zm00001eb019080	TD
Zm00001eb115140	TD
Zm00001eb019680	TD
Zm00001eb019740	TD
Zm00001eb036780	TD
Zm00001eb412970	TD
Zm00001eb416710	TD
Zm00001eb299360	TD
Zm00001eb020560	TD
Zm00001eb393480	TD
Zm00001eb020630	TD
Zm00001eb020640	TD
Zm00001eb123340	TD
Zm00001eb330550	TD
Zm00001eb020970	TD
Zm00001eb419720	TD
Zm00001eb060250	TD
Zm00001eb071080	TD
Zm00001eb021630	TD
Zm00001eb021650	TD
Zm00001eb256870	TD
Zm00001eb291860	TD
Zm00001eb428000	TD
Zm00001eb022340	TD
Zm00001eb391870	TD
Zm00001eb391660	TD
Zm00001eb391690	TD
Zm00001eb391650	TD
Zm00001eb023370	TD
Zm00001eb391410	TD
Zm00001eb023630	TD
Zm00001eb136670	TD
Zm00001eb407520	TD
Zm00001eb377740	TD
Zm00001eb377720	TD
Zm00001eb426940	TD
Zm00001eb219640	TD
Zm00001eb261640	TD
Zm00001eb226700	TD
Zm00001eb328830	TD
Zm00001eb328800	TD
Zm00001eb251550	TD
Zm00001eb025410	TD
Zm00001eb270130	TD
Zm00001eb323230	TD
Zm00001eb025730	TD
Zm00001eb025880	TD
Zm00001eb025900	TD
Zm00001eb234850	TD
Zm00001eb026140	TD
Zm00001eb026370	TD
Zm00001eb177070	TD
Zm00001eb242400	TD
Zm00001eb026680	TD
Zm00001eb026900	TD
Zm00001eb383000	TD
Zm00001eb027160	TD
Zm00001eb027400	TD
Zm00001eb027450	TD
Zm00001eb027480	TD
Zm00001eb400780	TD
Zm00001eb167100	TD
Zm00001eb223670	TD
Zm00001eb170890	TD
Zm00001eb384340	TD
Zm00001eb158290	TD
Zm00001eb029350	TD
Zm00001eb029880	TD
Zm00001eb400540	TD
Zm00001eb214400	TD
Zm00001eb030130	TD
Zm00001eb166600	TD
Zm00001eb166580	TD
Zm00001eb166940	TD
Zm00001eb200710	TD
Zm00001eb226720	TD
Zm00001eb051350	TD
Zm00001eb051360	TD
Zm00001eb030640	TD
Zm00001eb030730	TD
Zm00001eb030920	TD
Zm00001eb031010	TD
Zm00001eb031070	TD
Zm00001eb031850	TD
Zm00001eb198580	TD
Zm00001eb032240	TD
Zm00001eb032270	TD
Zm00001eb032670	TD
Zm00001eb177170	TD
Zm00001eb032900	TD
Zm00001eb032990	TD
Zm00001eb211300	TD
Zm00001eb304060	TD
Zm00001eb033130	TD
Zm00001eb053860	TD
Zm00001eb033310	TD
Zm00001eb376070	TD
Zm00001eb052830	TD
Zm00001eb033700	TD
Zm00001eb033880	TD
Zm00001eb215700	TD
Zm00001eb034560	TD
Zm00001eb146380	TD
Zm00001eb035130	TD
Zm00001eb327000	TD
Zm00001eb035470	TD
Zm00001eb432880	TD
Zm00001eb035900	TD
Zm00001eb409820	TD
Zm00001eb035930	TD
Zm00001eb085380	TD
Zm00001eb161790	TD
Zm00001eb131150	TD
Zm00001eb037880	TD
Zm00001eb037950	TD
Zm00001eb174260	TD
Zm00001eb038280	TD
Zm00001eb038960	TD
Zm00001eb038980	TD
Zm00001eb261510	TD
Zm00001eb067040	TD
Zm00001eb039580	TD
Zm00001eb099880	TD
Zm00001eb039770	TD
Zm00001eb039860	TD
Zm00001eb039880	TD
Zm00001eb039900	TD
Zm00001eb039930	TD
Zm00001eb040300	TD
Zm00001eb072660	TD
Zm00001eb426400	TD
Zm00001eb380440	TD
Zm00001eb125070	TD
Zm00001eb205670	TD
Zm00001eb205700	TD
Zm00001eb041330	TD
Zm00001eb128770	TD
Zm00001eb041820	TD
Zm00001eb399900	TD
Zm00001eb327910	TD
Zm00001eb253270	TD
Zm00001eb091500	TD
Zm00001eb298810	TD
Zm00001eb043520	TD
Zm00001eb278380	TD
Zm00001eb043630	TD
Zm00001eb388590	TD
Zm00001eb388570	TD
Zm00001eb043870	TD
Zm00001eb405900	TD
Zm00001eb405920	TD
Zm00001eb044200	TD
Zm00001eb068320	TD
Zm00001eb045170	TD
Zm00001eb045130	TD
Zm00001eb045020	TD
Zm00001eb045090	TD
Zm00001eb045760	TD
Zm00001eb045970	TD
Zm00001eb321430	TD
Zm00001eb222080	TD
Zm00001eb046990	TD
Zm00001eb071090	TD
Zm00001eb047250	TD
Zm00001eb047270	TD
Zm00001eb047400	TD
Zm00001eb047420	TD
Zm00001eb158170	TD
Zm00001eb285960	TD
Zm00001eb048780	TD
Zm00001eb219810	TD
Zm00001eb048870	TD
Zm00001eb048950	TD
Zm00001eb048930	TD
Zm00001eb048960	TD
Zm00001eb049460	TD
Zm00001eb050100	TD
Zm00001eb050150	TD
Zm00001eb050160	TD
Zm00001eb050180	TD
Zm00001eb050250	TD
Zm00001eb429650	TD
Zm00001eb050500	TD
Zm00001eb050680	TD
Zm00001eb050850	TD
Zm00001eb146840	TD
Zm00001eb146860	TD
Zm00001eb051340	TD
Zm00001eb051540	TD
Zm00001eb051630	TD
Zm00001eb063010	TD
Zm00001eb062990	TD
Zm00001eb063030	TD
Zm00001eb062960	TD
Zm00001eb051730	TD
Zm00001eb140120	TD
Zm00001eb052200	TD
Zm00001eb052160	TD
Zm00001eb052420	TD
Zm00001eb052380	TD
Zm00001eb052400	TD
Zm00001eb052370	TD
Zm00001eb052350	TD
Zm00001eb260150	TD
Zm00001eb218970	TD
Zm00001eb053040	TD
Zm00001eb141280	TD
Zm00001eb141270	TD
Zm00001eb061160	TD
Zm00001eb053320	TD
Zm00001eb053960	TD
Zm00001eb054050	TD
Zm00001eb303450	TD
Zm00001eb054250	TD
Zm00001eb054550	TD
Zm00001eb054600	TD
Zm00001eb054710	TD
Zm00001eb269190	TD
Zm00001eb296370	TD
Zm00001eb055400	TD
Zm00001eb271340	TD
Zm00001eb055720	TD
Zm00001eb325000	TD
Zm00001eb056190	TD
Zm00001eb057250	TD
Zm00001eb311440	TD
Zm00001eb398310	TD
Zm00001eb057740	TD
Zm00001eb057770	TD
Zm00001eb204240	TD
Zm00001eb058050	TD
Zm00001eb058060	TD
Zm00001eb058520	TD
Zm00001eb058670	TD
Zm00001eb059030	TD
Zm00001eb090120	TD
Zm00001eb060890	TD
Zm00001eb061090	TD
Zm00001eb302150	TD
Zm00001eb061490	TD
Zm00001eb061690	TD
Zm00001eb061720	TD
Zm00001eb061700	TD
Zm00001eb061670	TD
Zm00001eb307480	TD
Zm00001eb078710	TD
Zm00001eb078690	TD
Zm00001eb078670	TD
Zm00001eb061780	TD
Zm00001eb294530	TD
Zm00001eb200750	TD
Zm00001eb311280	TD
Zm00001eb062360	TD
Zm00001eb211760	TD
Zm00001eb217680	TD
Zm00001eb062860	TD
Zm00001eb165080	TD
Zm00001eb063210	TD
Zm00001eb103920	TD
Zm00001eb115320	TD
Zm00001eb142630	TD
Zm00001eb339120	TD
Zm00001eb065040	TD
Zm00001eb065440	TD
Zm00001eb285220	TD
Zm00001eb066740	TD
Zm00001eb066860	TD
Zm00001eb066920	TD
Zm00001eb067000	TD
Zm00001eb066990	TD
Zm00001eb067260	TD
Zm00001eb226370	TD
Zm00001eb067900	TD
Zm00001eb067860	TD
Zm00001eb067880	TD
Zm00001eb067840	TD
Zm00001eb077280	TD
Zm00001eb068410	TD
Zm00001eb068470	TD
Zm00001eb069050	TD
Zm00001eb069320	TD
Zm00001eb069690	TD
Zm00001eb069670	TD
Zm00001eb069520	TD
Zm00001eb430420	TD
Zm00001eb312080	TD
Zm00001eb312060	TD
Zm00001eb070280	TD
Zm00001eb171510	TD
Zm00001eb071880	TD
Zm00001eb071980	TD
Zm00001eb124030	TD
Zm00001eb123940	TD
Zm00001eb072180	TD
Zm00001eb123950	TD
Zm00001eb298170	TD
Zm00001eb194610	TD
Zm00001eb414510	TD
Zm00001eb072920	TD
Zm00001eb072960	TD
Zm00001eb120060	TD
Zm00001eb073650	TD
Zm00001eb074300	TD
Zm00001eb315640	TD
Zm00001eb075010	TD
Zm00001eb427310	TD
Zm00001eb249590	TD
Zm00001eb166020	TD
Zm00001eb076090	TD
Zm00001eb379160	TD
Zm00001eb076210	TD
Zm00001eb076180	TD
Zm00001eb076200	TD
Zm00001eb294810	TD
Zm00001eb077500	TD
Zm00001eb077510	TD
Zm00001eb077710	TD
Zm00001eb078410	TD
Zm00001eb078390	TD
Zm00001eb313390	TD
Zm00001eb078660	TD
Zm00001eb078740	TD
Zm00001eb079060	TD
Zm00001eb079430	TD
Zm00001eb386690	TD
Zm00001eb079740	TD
Zm00001eb080030	TD
Zm00001eb080180	TD
Zm00001eb080210	TD
Zm00001eb080530	TD
Zm00001eb080580	TD
Zm00001eb261500	TD
Zm00001eb161250	TD
Zm00001eb081170	TD
Zm00001eb106300	TD
Zm00001eb164530	TD
Zm00001eb164490	TD
Zm00001eb081880	TD
Zm00001eb313620	TD
Zm00001eb081960	TD
Zm00001eb081950	TD
Zm00001eb082200	TD
Zm00001eb083050	TD
Zm00001eb083090	TD
Zm00001eb240260	TD
Zm00001eb240300	TD
Zm00001eb284040	TD
Zm00001eb284050	TD
Zm00001eb422300	TD
Zm00001eb100210	TD
Zm00001eb084230	TD
Zm00001eb084280	TD
Zm00001eb321640	TD
Zm00001eb084320	TD
Zm00001eb085280	TD
Zm00001eb085310	TD
Zm00001eb424000	TD
Zm00001eb391470	TD
Zm00001eb237100	TD
Zm00001eb257290	TD
Zm00001eb086430	TD
Zm00001eb237230	TD
Zm00001eb248220	TD
Zm00001eb087720	TD
Zm00001eb087730	TD
Zm00001eb087830	TD
Zm00001eb087860	TD
Zm00001eb380310	TD
Zm00001eb165550	TD
Zm00001eb088290	TD
Zm00001eb088430	TD
Zm00001eb088420	TD
Zm00001eb088590	TD
Zm00001eb341100	TD
Zm00001eb088690	TD
Zm00001eb339650	TD
Zm00001eb090830	TD
Zm00001eb169200	TD
Zm00001eb207210	TD
Zm00001eb207220	TD
Zm00001eb164700	TD
Zm00001eb164680	TD
Zm00001eb405290	TD
Zm00001eb091680	TD
Zm00001eb092310	TD
Zm00001eb092320	TD
Zm00001eb092340	TD
Zm00001eb092470	TD
Zm00001eb092350	TD
Zm00001eb092410	TD
Zm00001eb092950	TD
Zm00001eb092960	TD
Zm00001eb093270	TD
Zm00001eb093360	TD
Zm00001eb196180	TD
Zm00001eb196120	TD
Zm00001eb093820	TD
Zm00001eb097490	TD
Zm00001eb094130	TD
Zm00001eb094100	TD
Zm00001eb329300	TD
Zm00001eb329320	TD
Zm00001eb305230	TD
Zm00001eb094660	TD
Zm00001eb094640	TD
Zm00001eb094950	TD
Zm00001eb095020	TD
Zm00001eb304260	TD
Zm00001eb095990	TD
Zm00001eb096420	TD
Zm00001eb326560	TD
Zm00001eb096370	TD
Zm00001eb096400	TD
Zm00001eb304040	TD
Zm00001eb304360	TD
Zm00001eb097020	TD
Zm00001eb265900	TD
Zm00001eb265880	TD
Zm00001eb386230	TD
Zm00001eb355550	TD
Zm00001eb098140	TD
Zm00001eb098180	TD
Zm00001eb118680	TD
Zm00001eb098920	TD
Zm00001eb245860	TD
Zm00001eb099200	TD
Zm00001eb099190	TD
Zm00001eb099170	TD
Zm00001eb313060	TD
Zm00001eb313090	TD
Zm00001eb392100	TD
Zm00001eb373460	TD
Zm00001eb100710	TD
Zm00001eb311730	TD
Zm00001eb315280	TD
Zm00001eb101170	TD
Zm00001eb101800	TD
Zm00001eb163590	TD
Zm00001eb331310	TD
Zm00001eb256780	TD
Zm00001eb103380	TD
Zm00001eb294670	TD
Zm00001eb104010	TD
Zm00001eb104330	TD
Zm00001eb104710	TD
Zm00001eb104730	TD
Zm00001eb105930	TD
Zm00001eb106460	TD
Zm00001eb108200	TD
Zm00001eb133030	TD
Zm00001eb316340	TD
Zm00001eb417840	TD
Zm00001eb142160	TD
Zm00001eb328810	TD
Zm00001eb290060	TD
Zm00001eb111430	TD
Zm00001eb330900	TD
Zm00001eb399780	TD
Zm00001eb112210	TD
Zm00001eb112290	TD
Zm00001eb264260	TD
Zm00001eb351480	TD
Zm00001eb114170	TD
Zm00001eb315740	TD
Zm00001eb114450	TD
Zm00001eb114510	TD
Zm00001eb114900	TD
Zm00001eb114920	TD
Zm00001eb115150	TD
Zm00001eb316930	TD
Zm00001eb166030	TD
Zm00001eb115550	TD
Zm00001eb116140	TD
Zm00001eb116120	TD
Zm00001eb415110	TD
Zm00001eb184670	TD
Zm00001eb200730	TD
Zm00001eb281090	TD
Zm00001eb237390	TD
Zm00001eb300810	TD
Zm00001eb336040	TD
Zm00001eb117720	TD
Zm00001eb299010	TD
Zm00001eb298830	TD
Zm00001eb278010	TD
Zm00001eb119730	TD
Zm00001eb271130	TD
Zm00001eb238420	TD
Zm00001eb353430	TD
Zm00001eb120540	TD
Zm00001eb411960	TD
Zm00001eb121450	TD
Zm00001eb228350	TD
Zm00001eb395370	TD
Zm00001eb121930	TD
Zm00001eb121940	TD
Zm00001eb121950	TD
Zm00001eb121970	TD
Zm00001eb386010	TD
Zm00001eb166240	TD
Zm00001eb240450	TD
Zm00001eb122930	TD
Zm00001eb123210	TD
Zm00001eb185430	TD
Zm00001eb268010	TD
Zm00001eb125650	TD
Zm00001eb295490	TD
Zm00001eb125830	TD
Zm00001eb382480	TD
Zm00001eb125930	TD
Zm00001eb126010	TD
Zm00001eb135790	TD
Zm00001eb126450	TD
Zm00001eb126810	TD
Zm00001eb241790	TD
Zm00001eb127850	TD
Zm00001eb128240	TD
Zm00001eb129900	TD
Zm00001eb251780	TD
Zm00001eb130160	TD
Zm00001eb130580	TD
Zm00001eb355360	TD
Zm00001eb265820	TD
Zm00001eb282630	TD
Zm00001eb131490	TD
Zm00001eb131690	TD
Zm00001eb132220	TD
Zm00001eb132280	TD
Zm00001eb133520	TD
Zm00001eb132530	TD
Zm00001eb276070	TD
Zm00001eb296200	TD
Zm00001eb133260	TD
Zm00001eb133810	TD
Zm00001eb134640	TD
Zm00001eb134940	TD
Zm00001eb293440	TD
Zm00001eb136020	TD
Zm00001eb136640	TD
Zm00001eb310570	TD
Zm00001eb137380	TD
Zm00001eb361660	TD
Zm00001eb224260	TD
Zm00001eb138350	TD
Zm00001eb267010	TD
Zm00001eb366310	TD
Zm00001eb375930	TD
Zm00001eb375950	TD
Zm00001eb140010	TD
Zm00001eb189740	TD
Zm00001eb189670	TD
Zm00001eb189650	TD
Zm00001eb189640	TD
Zm00001eb140820	TD
Zm00001eb140930	TD
Zm00001eb141060	TD
Zm00001eb141020	TD
Zm00001eb141040	TD
Zm00001eb141050	TD
Zm00001eb141010	TD
Zm00001eb141500	TD
Zm00001eb141860	TD
Zm00001eb141840	TD
Zm00001eb142040	TD
Zm00001eb142090	TD
Zm00001eb334270	TD
Zm00001eb300630	TD
Zm00001eb144670	TD
Zm00001eb145200	TD
Zm00001eb145180	TD
Zm00001eb305280	TD
Zm00001eb305260	TD
Zm00001eb147160	TD
Zm00001eb147140	TD
Zm00001eb147380	TD
Zm00001eb380620	TD
Zm00001eb147850	TD
Zm00001eb148280	TD
Zm00001eb300640	TD
Zm00001eb149180	TD
Zm00001eb406710	TD
Zm00001eb406580	TD
Zm00001eb310270	TD
Zm00001eb151030	TD
Zm00001eb298210	TD
Zm00001eb152400	TD
Zm00001eb293870	TD
Zm00001eb323970	TD
Zm00001eb293210	TD
Zm00001eb298880	TD
Zm00001eb154790	TD
Zm00001eb270420	TD
Zm00001eb161760	TD
Zm00001eb155500	TD
Zm00001eb155510	TD
Zm00001eb231470	TD
Zm00001eb155710	TD
Zm00001eb156180	TD
Zm00001eb157550	TD
Zm00001eb249240	TD
Zm00001eb380400	TD
Zm00001eb380380	TD
Zm00001eb158810	TD
Zm00001eb431500	TD
Zm00001eb431520	TD
Zm00001eb160300	TD
Zm00001eb160830	TD
Zm00001eb160900	TD
Zm00001eb160910	TD
Zm00001eb160930	TD
Zm00001eb160960	TD
Zm00001eb160980	TD
Zm00001eb305010	TD
Zm00001eb161750	TD
Zm00001eb195560	TD
Zm00001eb168020	TD
Zm00001eb162910	TD
Zm00001eb163060	TD
Zm00001eb163420	TD
Zm00001eb163430	TD
Zm00001eb292180	TD
Zm00001eb164380	TD
Zm00001eb164870	TD
Zm00001eb164920	TD
Zm00001eb164900	TD
Zm00001eb314330	TD
Zm00001eb204620	TD
Zm00001eb363530	TD
Zm00001eb165750	TD
Zm00001eb165820	TD
Zm00001eb166360	TD
Zm00001eb166650	TD
Zm00001eb166670	TD
Zm00001eb166610	TD
Zm00001eb166900	TD
Zm00001eb166890	TD
Zm00001eb166950	TD
Zm00001eb239290	TD
Zm00001eb239250	TD
Zm00001eb167690	TD
Zm00001eb167710	TD
Zm00001eb167720	TD
Zm00001eb290020	TD
Zm00001eb290000	TD
Zm00001eb198150	TD
Zm00001eb373250	TD
Zm00001eb168570	TD
Zm00001eb168690	TD
Zm00001eb168700	TD
Zm00001eb168710	TD
Zm00001eb168980	TD
Zm00001eb384940	TD
Zm00001eb317690	TD
Zm00001eb170490	TD
Zm00001eb170580	TD
Zm00001eb292890	TD
Zm00001eb171620	TD
Zm00001eb171560	TD
Zm00001eb171600	TD
Zm00001eb171610	TD
Zm00001eb171930	TD
Zm00001eb172380	TD
Zm00001eb172480	TD
Zm00001eb416280	TD
Zm00001eb173600	TD
Zm00001eb282680	TD
Zm00001eb360640	TD
Zm00001eb244470	TD
Zm00001eb175360	TD
Zm00001eb175330	TD
Zm00001eb175660	TD
Zm00001eb364310	TD
Zm00001eb312930	TD
Zm00001eb177570	TD
Zm00001eb177900	TD
Zm00001eb178080	TD
Zm00001eb178190	TD
Zm00001eb179380	TD
Zm00001eb179420	TD
Zm00001eb180150	TD
Zm00001eb336340	TD
Zm00001eb261450	TD
Zm00001eb181380	TD
Zm00001eb273660	TD
Zm00001eb273650	TD
Zm00001eb181670	TD
Zm00001eb315150	TD
Zm00001eb315140	TD
Zm00001eb184220	TD
Zm00001eb184760	TD
Zm00001eb184660	TD
Zm00001eb196800	TD
Zm00001eb223760	TD
Zm00001eb188430	TD
Zm00001eb350260	TD
Zm00001eb189690	TD
Zm00001eb189790	TD
Zm00001eb189710	TD
Zm00001eb333560	TD
Zm00001eb233600	TD
Zm00001eb418130	TD
Zm00001eb195210	TD
Zm00001eb195250	TD
Zm00001eb196560	TD
Zm00001eb196820	TD
Zm00001eb197340	TD
Zm00001eb359890	TD
Zm00001eb197850	TD
Zm00001eb294880	TD
Zm00001eb274300	TD
Zm00001eb199060	TD
Zm00001eb199390	TD
Zm00001eb199370	TD
Zm00001eb200040	TD
Zm00001eb200050	TD
Zm00001eb200200	TD
Zm00001eb200260	TD
Zm00001eb200280	TD
Zm00001eb201650	TD
Zm00001eb413190	TD
Zm00001eb203400	TD
Zm00001eb203380	TD
Zm00001eb381250	TD
Zm00001eb205340	TD
Zm00001eb203890	TD
Zm00001eb204790	TD
Zm00001eb204820	TD
Zm00001eb204760	TD
Zm00001eb240340	TD
Zm00001eb207030	TD
Zm00001eb207100	TD
Zm00001eb207570	TD
Zm00001eb226590	TD
Zm00001eb289570	TD
Zm00001eb230700	TD
Zm00001eb230690	TD
Zm00001eb230600	TD
Zm00001eb208640	TD
Zm00001eb209420	TD
Zm00001eb209530	TD
Zm00001eb209650	TD
Zm00001eb209690	TD
Zm00001eb362940	TD
Zm00001eb274310	TD
Zm00001eb210320	TD
Zm00001eb211970	TD
Zm00001eb212840	TD
Zm00001eb213360	TD
Zm00001eb247230	TD
Zm00001eb247210	TD
Zm00001eb284990	TD
Zm00001eb349570	TD
Zm00001eb216740	TD
Zm00001eb426870	TD
Zm00001eb426810	TD
Zm00001eb426830	TD
Zm00001eb217700	TD
Zm00001eb217660	TD
Zm00001eb217730	TD
Zm00001eb217710	TD
Zm00001eb217670	TD
Zm00001eb217690	TD
Zm00001eb220520	TD
Zm00001eb222120	TD
Zm00001eb224500	TD
Zm00001eb225860	TD
Zm00001eb236310	TD
Zm00001eb227850	TD
Zm00001eb228370	TD
Zm00001eb228510	TD
Zm00001eb229150	TD
Zm00001eb229430	TD
Zm00001eb230150	TD
Zm00001eb230430	TD
Zm00001eb230720	TD
Zm00001eb230890	TD
Zm00001eb231920	TD
Zm00001eb235290	TD
Zm00001eb236170	TD
Zm00001eb247820	TD
Zm00001eb237150	TD
Zm00001eb237610	TD
Zm00001eb237620	TD
Zm00001eb237630	TD
Zm00001eb238740	TD
Zm00001eb238770	TD
Zm00001eb383860	TD
Zm00001eb238960	TD
Zm00001eb238980	TD
Zm00001eb416910	TD
Zm00001eb416930	TD
Zm00001eb239020	TD
Zm00001eb239330	TD
Zm00001eb240030	TD
Zm00001eb240560	TD
Zm00001eb240500	TD
Zm00001eb242950	TD
Zm00001eb403180	TD
Zm00001eb244010	TD
Zm00001eb244350	TD
Zm00001eb244450	TD
Zm00001eb244990	TD
Zm00001eb245530	TD
Zm00001eb246930	TD
Zm00001eb247560	TD
Zm00001eb247740	TD
Zm00001eb400140	TD
Zm00001eb306350	TD
Zm00001eb417330	TD
Zm00001eb417350	TD
Zm00001eb251770	TD
Zm00001eb251750	TD
Zm00001eb251730	TD
Zm00001eb252200	TD
Zm00001eb252490	TD
Zm00001eb279370	TD
Zm00001eb255930	TD
Zm00001eb256630	TD
Zm00001eb259800	TD
Zm00001eb261060	TD
Zm00001eb261070	TD
Zm00001eb261470	TD
Zm00001eb262010	TD
Zm00001eb261990	TD
Zm00001eb262240	TD
Zm00001eb262220	TD
Zm00001eb262170	TD
Zm00001eb262190	TD
Zm00001eb262150	TD
Zm00001eb263280	TD
Zm00001eb263390	TD
Zm00001eb262520	TD
Zm00001eb263010	TD
Zm00001eb269940	TD
Zm00001eb263830	TD
Zm00001eb265780	TD
Zm00001eb266100	TD
Zm00001eb266240	TD
Zm00001eb266370	TD
Zm00001eb266460	TD
Zm00001eb266870	TD
Zm00001eb267320	TD
Zm00001eb267360	TD
Zm00001eb389020	TD
Zm00001eb269950	TD
Zm00001eb269990	TD
Zm00001eb377660	TD
Zm00001eb377410	TD
Zm00001eb272120	TD
Zm00001eb349070	TD
Zm00001eb273450	TD
Zm00001eb273570	TD
Zm00001eb274150	TD
Zm00001eb275710	TD
Zm00001eb276010	TD
Zm00001eb275970	TD
Zm00001eb276020	TD
Zm00001eb275940	TD
Zm00001eb276300	TD
Zm00001eb276330	TD
Zm00001eb276340	TD
Zm00001eb374310	TD
Zm00001eb303790	TD
Zm00001eb278970	TD
Zm00001eb280930	TD
Zm00001eb282100	TD
Zm00001eb283080	TD
Zm00001eb419320	TD
Zm00001eb301500	TD
Zm00001eb283450	TD
Zm00001eb286000	TD
Zm00001eb286260	TD
Zm00001eb303670	TD
Zm00001eb286620	TD
Zm00001eb287770	TD
Zm00001eb287980	TD
Zm00001eb295990	TD
Zm00001eb288760	TD
Zm00001eb352710	TD
Zm00001eb293860	TD
Zm00001eb295330	TD
Zm00001eb295440	TD
Zm00001eb344040	TD
Zm00001eb296580	TD
Zm00001eb297010	TD
Zm00001eb388790	TD
Zm00001eb298560	TD
Zm00001eb298550	TD
Zm00001eb369460	TD
Zm00001eb299570	TD
Zm00001eb299110	TD
Zm00001eb364090	TD
Zm00001eb389480	TD
Zm00001eb301110	TD
Zm00001eb301630	TD
Zm00001eb301790	TD
Zm00001eb301860	TD
Zm00001eb301840	TD
Zm00001eb302050	TD
Zm00001eb302080	TD
Zm00001eb302360	TD
Zm00001eb302440	TD
Zm00001eb303160	TD
Zm00001eb303150	TD
Zm00001eb303940	TD
Zm00001eb303970	TD
Zm00001eb304190	TD
Zm00001eb304470	TD
Zm00001eb304500	TD
Zm00001eb305100	TD
Zm00001eb308450	TD
Zm00001eb311060	TD
Zm00001eb311120	TD
Zm00001eb311160	TD
Zm00001eb311300	TD
Zm00001eb367580	TD
Zm00001eb367600	TD
Zm00001eb311760	TD
Zm00001eb312960	TD
Zm00001eb313500	TD
Zm00001eb314440	TD
Zm00001eb386200	TD
Zm00001eb315060	TD
Zm00001eb316150	TD
Zm00001eb316950	TD
Zm00001eb317020	TD
Zm00001eb318080	TD
Zm00001eb388200	TD
Zm00001eb321650	TD
Zm00001eb323350	TD
Zm00001eb323410	TD
Zm00001eb323730	TD
Zm00001eb323930	TD
Zm00001eb325210	TD
Zm00001eb407480	TD
Zm00001eb375750	TD
Zm00001eb327060	TD
Zm00001eb329110	TD
Zm00001eb329460	TD
Zm00001eb334670	TD
Zm00001eb338560	TD
Zm00001eb336120	TD
Zm00001eb337670	TD
Zm00001eb346450	TD
Zm00001eb346710	TD
Zm00001eb347500	TD
Zm00001eb407900	TD
Zm00001eb348020	TD
Zm00001eb349600	TD
Zm00001eb351860	TD
Zm00001eb352670	TD
Zm00001eb353410	TD
Zm00001eb357560	TD
Zm00001eb358010	TD
Zm00001eb358110	TD
Zm00001eb358140	TD
Zm00001eb358250	TD
Zm00001eb358330	TD
Zm00001eb359930	TD
Zm00001eb360210	TD
Zm00001eb407370	TD
Zm00001eb362960	TD
Zm00001eb364660	TD
Zm00001eb392780	TD
Zm00001eb365500	TD
Zm00001eb367510	TD
Zm00001eb369450	TD
Zm00001eb371820	TD
Zm00001eb371800	TD
Zm00001eb371910	TD
Zm00001eb372040	TD
Zm00001eb375230	TD
Zm00001eb375980	TD
Zm00001eb376320	TD
Zm00001eb376950	TD
Zm00001eb376560	TD
Zm00001eb376900	TD
Zm00001eb377110	TD
Zm00001eb377400	TD
Zm00001eb377670	TD
Zm00001eb380050	TD
Zm00001eb380280	TD
Zm00001eb380480	TD
Zm00001eb381340	TD
Zm00001eb383490	TD
Zm00001eb383520	TD
Zm00001eb383550	TD
Zm00001eb385100	TD
Zm00001eb386360	TD
Zm00001eb386430	TD
Zm00001eb387490	TD
Zm00001eb387920	TD
Zm00001eb388010	TD
Zm00001eb388210	TD
Zm00001eb389740	TD
Zm00001eb390080	TD
Zm00001eb393380	TD
Zm00001eb393820	TD
Zm00001eb394110	TD
Zm00001eb398290	TD
Zm00001eb398350	TD
Zm00001eb399980	TD
Zm00001eb404760	TD
Zm00001eb404790	TD
Zm00001eb405700	TD
Zm00001eb405860	TD
Zm00001eb405880	TD
Zm00001eb405930	TD
Zm00001eb406050	TD
Zm00001eb406640	TD
Zm00001eb407350	TD
Zm00001eb407290	TD
Zm00001eb407310	TD
Zm00001eb407830	TD
Zm00001eb407860	TD
Zm00001eb408500	TD
Zm00001eb409280	TD
Zm00001eb412770	TD
Zm00001eb412980	TD
Zm00001eb415080	TD
Zm00001eb414220	TD
Zm00001eb414880	TD
Zm00001eb414890	TD
Zm00001eb415090	TD
Zm00001eb415910	TD
Zm00001eb415870	TD
Zm00001eb416020	TD
Zm00001eb416310	TD
Zm00001eb418980	TD
Zm00001eb419150	TD
Zm00001eb420870	TD
Zm00001eb421270	TD
Zm00001eb423730	TD
Zm00001eb424440	TD
Zm00001eb425070	TD
Zm00001eb429240	TD
Zm00001eb433450	TD
Zm00001eb160440	TD
Zm00001eb315020	TD
Zm00001eb023610	TD
Zm00001eb003620	TD
Zm00001eb429560	TD
Zm00001eb393990	TD
Zm00001eb320820	TD
Zm00001eb066760	TD
Zm00001eb002730	TD
Zm00001eb402640	TD
Zm00001eb416600	TD
Zm00001eb302740	TD
Zm00001eb321850	TD
Zm00001eb046620	TD
Zm00001eb017660	TD
Zm00001eb326380	TD
Zm00001eb018550	TD
Zm00001eb134610	TD
Zm00001eb059130	TD
Zm00001eb057130	TD
Zm00001eb047800	TD
Zm00001eb004850	TD
Zm00001eb004970	TD
Zm00001eb432490	TD
Zm00001eb005590	TD
Zm00001eb005860	TD
Zm00001eb006000	TD
Zm00001eb320970	TD
Zm00001eb006640	TD
Zm00001eb006760	TD
Zm00001eb026710	TD
Zm00001eb018750	TD
Zm00001eb401270	TD
Zm00001eb400620	TD
Zm00001eb007400	TD
Zm00001eb007330	TD
Zm00001eb007420	TD
Zm00001eb325680	TD
Zm00001eb280480	TD
Zm00001eb054230	TD
Zm00001eb253760	TD
Zm00001eb009990	TD
Zm00001eb259180	TD
Zm00001eb010000	TD
Zm00001eb010130	TD
Zm00001eb268910	TD
Zm00001eb011120	TD
Zm00001eb349240	TD
Zm00001eb011210	TD
Zm00001eb057670	TD
Zm00001eb011250	TD
Zm00001eb427260	TD
Zm00001eb011330	TD
Zm00001eb124960	TD
Zm00001eb165790	TD
Zm00001eb383460	TD
Zm00001eb291380	TD
Zm00001eb397460	TD
Zm00001eb012800	TD
Zm00001eb012930	TD
Zm00001eb013330	TD
Zm00001eb155730	TD
Zm00001eb404910	TD
Zm00001eb013990	TD
Zm00001eb014010	TD
Zm00001eb014060	TD
Zm00001eb014390	TD
Zm00001eb014320	TD
Zm00001eb014790	TD
Zm00001eb379130	TD
Zm00001eb014950	TD
Zm00001eb138870	TD
Zm00001eb381640	TD
Zm00001eb015520	TD
Zm00001eb015600	TD
Zm00001eb149790	TD
Zm00001eb358510	TD
Zm00001eb358470	TD
Zm00001eb016480	TD
Zm00001eb142340	TD
Zm00001eb363570	TD
Zm00001eb214420	TD
Zm00001eb017290	TD
Zm00001eb426850	TD
Zm00001eb266660	TD
Zm00001eb077640	TD
Zm00001eb048610	TD
Zm00001eb080910	TD
Zm00001eb188470	TD
Zm00001eb018840	TD
Zm00001eb018910	TD
Zm00001eb392470	TD
Zm00001eb159290	TD
Zm00001eb019060	TD
Zm00001eb019660	TD
Zm00001eb019750	TD
Zm00001eb412960	TD
Zm00001eb416720	TD
Zm00001eb299370	TD
Zm00001eb299100	TD
Zm00001eb020570	TD
Zm00001eb393490	TD
Zm00001eb020650	TD
Zm00001eb123350	TD
Zm00001eb330540	TD
Zm00001eb020980	TD
Zm00001eb419710	TD
Zm00001eb060260	TD
Zm00001eb325650	TD
Zm00001eb071070	TD
Zm00001eb021600	TD
Zm00001eb404590	TD
Zm00001eb021640	TD
Zm00001eb256860	TD
Zm00001eb391880	TD
Zm00001eb391670	TD
Zm00001eb023380	TD
Zm00001eb391400	TD
Zm00001eb023640	TD
Zm00001eb136660	TD
Zm00001eb170240	TD
Zm00001eb377730	TD
Zm00001eb084560	TD
Zm00001eb426930	TD
Zm00001eb219650	TD
Zm00001eb261660	TD
Zm00001eb226690	TD
Zm00001eb024910	TD
Zm00001eb328820	TD
Zm00001eb025400	TD
Zm00001eb270150	TD
Zm00001eb323240	TD
Zm00001eb025720	TD
Zm00001eb025870	TD
Zm00001eb025890	TD
Zm00001eb234840	TD
Zm00001eb423470	TD
Zm00001eb026130	TD
Zm00001eb026360	TD
Zm00001eb242390	TD
Zm00001eb026690	TD
Zm00001eb026890	TD
Zm00001eb027180	TD
Zm00001eb027410	TD
Zm00001eb027440	TD
Zm00001eb027470	TD
Zm00001eb167090	TD
Zm00001eb223680	TD
Zm00001eb170880	TD
Zm00001eb384360	TD
Zm00001eb158300	TD
Zm00001eb029360	TD
Zm00001eb029860	TD
Zm00001eb113110	TD
Zm00001eb400550	TD
Zm00001eb030140	TD
Zm00001eb166590	TD
Zm00001eb200700	TD
Zm00001eb226710	TD
Zm00001eb030630	TD
Zm00001eb030740	TD
Zm00001eb030910	TD
Zm00001eb031020	TD
Zm00001eb031060	TD
Zm00001eb031840	TD
Zm00001eb198590	TD
Zm00001eb032250	TD
Zm00001eb032680	TD
Zm00001eb177180	TD
Zm00001eb032920	TD
Zm00001eb304070	TD
Zm00001eb033140	TD
Zm00001eb033320	TD
Zm00001eb376060	TD
Zm00001eb033870	TD
Zm00001eb097070	TD
Zm00001eb215690	TD
Zm00001eb034550	TD
Zm00001eb241160	TD
Zm00001eb035120	TD
Zm00001eb326990	TD
Zm00001eb035460	TD
Zm00001eb432870	TD
Zm00001eb035890	TD
Zm00001eb409830	TD
Zm00001eb035920	TD
Zm00001eb318910	TD
Zm00001eb131140	TD
Zm00001eb037870	TD
Zm00001eb174240	TD
Zm00001eb373120	TD
Zm00001eb038290	TD
Zm00001eb038990	TD
Zm00001eb049640	TD
Zm00001eb067060	TD
Zm00001eb039760	TD
Zm00001eb039870	TD
Zm00001eb039890	TD
Zm00001eb039920	TD
Zm00001eb040290	TD
Zm00001eb292850	TD
Zm00001eb072670	TD
Zm00001eb426390	TD
Zm00001eb125080	TD
Zm00001eb205660	TD
Zm00001eb205710	TD
Zm00001eb128760	TD
Zm00001eb041830	TD
Zm00001eb041810	TD
Zm00001eb399890	TD
Zm00001eb091490	TD
Zm00001eb381300	TD
Zm00001eb298820	TD
Zm00001eb043530	TD
Zm00001eb278390	TD
Zm00001eb043620	TD
Zm00001eb388580	TD
Zm00001eb043880	TD
Zm00001eb405910	TD
Zm00001eb045160	TD
Zm00001eb045120	TD
Zm00001eb045030	TD
Zm00001eb045080	TD
Zm00001eb045180	TD
Zm00001eb045750	TD
Zm00001eb045980	TD
Zm00001eb321440	TD
Zm00001eb222070	TD
Zm00001eb258590	TD
Zm00001eb047020	TD
Zm00001eb047050	TD
Zm00001eb047260	TD
Zm00001eb047410	TD
Zm00001eb158160	TD
Zm00001eb253460	TD
Zm00001eb285970	TD
Zm00001eb223590	TD
Zm00001eb219790	TD
Zm00001eb048940	TD
Zm00001eb049470	TD
Zm00001eb050110	TD
Zm00001eb050170	TD
Zm00001eb050200	TD
Zm00001eb050260	TD
Zm00001eb050490	TD
Zm00001eb050840	TD
Zm00001eb146850	TD
Zm00001eb051550	TD
Zm00001eb051640	TD
Zm00001eb063000	TD
Zm00001eb063020	TD
Zm00001eb062950	TD
Zm00001eb051740	TD
Zm00001eb140130	TD
Zm00001eb052210	TD
Zm00001eb052180	TD
Zm00001eb052430	TD
Zm00001eb052390	TD
Zm00001eb052360	TD
Zm00001eb052590	TD
Zm00001eb260160	TD
Zm00001eb218960	TD
Zm00001eb053050	TD
Zm00001eb141260	TD
Zm00001eb053330	TD
Zm00001eb318580	TD
Zm00001eb053940	TD
Zm00001eb303470	TD
Zm00001eb054540	TD
Zm00001eb054610	TD
Zm00001eb054730	TD
Zm00001eb269180	TD
Zm00001eb296380	TD
Zm00001eb055410	TD
Zm00001eb271330	TD
Zm00001eb055730	TD
Zm00001eb325010	TD
Zm00001eb056200	TD
Zm00001eb056180	TD
Zm00001eb214880	TD
Zm00001eb311430	TD
Zm00001eb057790	TD
Zm00001eb204230	TD
Zm00001eb058070	TD
Zm00001eb214080	TD
Zm00001eb058840	TD
Zm00001eb059020	TD
Zm00001eb060510	TD
Zm00001eb090110	TD
Zm00001eb060880	TD
Zm00001eb060840	TD
Zm00001eb061080	TD
Zm00001eb061710	TD
Zm00001eb061680	TD
Zm00001eb307490	TD
Zm00001eb078700	TD
Zm00001eb294520	TD
Zm00001eb200740	TD
Zm00001eb062390	TD
Zm00001eb062570	TD
Zm00001eb211710	TD
Zm00001eb062850	TD
Zm00001eb165070	TD
Zm00001eb063200	TD
Zm00001eb103930	TD
Zm00001eb115310	TD
Zm00001eb142620	TD
Zm00001eb364420	TD
Zm00001eb339130	TD
Zm00001eb065030	TD
Zm00001eb161700	TD
Zm00001eb065430	TD
Zm00001eb146920	TD
Zm00001eb285230	TD
Zm00001eb335690	TD
Zm00001eb066910	TD
Zm00001eb067010	TD
Zm00001eb066980	TD
Zm00001eb067250	TD
Zm00001eb421960	TD
Zm00001eb226380	TD
Zm00001eb067890	TD
Zm00001eb067870	TD
Zm00001eb067850	TD
Zm00001eb077270	TD
Zm00001eb122630	TD
Zm00001eb068420	TD
Zm00001eb069330	TD
Zm00001eb069310	TD
Zm00001eb069680	TD
Zm00001eb069530	TD
Zm00001eb070040	TD
Zm00001eb312070	TD
Zm00001eb070270	TD
Zm00001eb171500	TD
Zm00001eb071530	TD
Zm00001eb071890	TD
Zm00001eb071970	TD
Zm00001eb124040	TD
Zm00001eb123930	TD
Zm00001eb072170	TD
Zm00001eb072610	TD
Zm00001eb298150	TD
Zm00001eb194600	TD
Zm00001eb414500	TD
Zm00001eb072970	TD
Zm00001eb120050	TD
Zm00001eb074550	TD
Zm00001eb074910	TD
Zm00001eb075670	TD
Zm00001eb076100	TD
Zm00001eb379170	TD
Zm00001eb076190	TD
Zm00001eb304530	TD
Zm00001eb077520	TD
Zm00001eb426520	TD
Zm00001eb077720	TD
Zm00001eb426160	TD
Zm00001eb078400	TD
Zm00001eb313400	TD
Zm00001eb078930	TD
Zm00001eb079050	TD
Zm00001eb079440	TD
Zm00001eb386700	TD
Zm00001eb079730	TD
Zm00001eb245720	TD
Zm00001eb080020	TD
Zm00001eb080520	TD
Zm00001eb080590	TD
Zm00001eb261490	TD
Zm00001eb161260	TD
Zm00001eb081160	TD
Zm00001eb081290	TD
Zm00001eb081470	TD
Zm00001eb106310	TD
Zm00001eb164500	TD
Zm00001eb081870	TD
Zm00001eb313630	TD
Zm00001eb081970	TD
Zm00001eb082210	TD
Zm00001eb082190	TD
Zm00001eb083060	TD
Zm00001eb083100	TD
Zm00001eb240250	TD
Zm00001eb240290	TD
Zm00001eb284060	TD
Zm00001eb260290	TD
Zm00001eb422290	TD
Zm00001eb100220	TD
Zm00001eb250350	TD
Zm00001eb084220	TD
Zm00001eb084270	TD
Zm00001eb321630	TD
Zm00001eb084310	TD
Zm00001eb085320	TD
Zm00001eb423990	TD
Zm00001eb391460	TD
Zm00001eb391480	TD
Zm00001eb237110	TD
Zm00001eb086420	TD
Zm00001eb237220	TD
Zm00001eb098950	TD
Zm00001eb248230	TD
Zm00001eb087740	TD
Zm00001eb087820	TD
Zm00001eb087870	TD
Zm00001eb380300	TD
Zm00001eb380320	TD
Zm00001eb165560	TD
Zm00001eb088280	TD
Zm00001eb088440	TD
Zm00001eb088610	TD
Zm00001eb341120	TD
Zm00001eb088680	TD
Zm00001eb124080	TD
Zm00001eb339640	TD
Zm00001eb090820	TD
Zm00001eb169210	TD
Zm00001eb408360	TD
Zm00001eb219700	TD
Zm00001eb207230	TD
Zm00001eb164690	TD
Zm00001eb405270	TD
Zm00001eb091690	TD
Zm00001eb092330	TD
Zm00001eb092460	TD
Zm00001eb092360	TD
Zm00001eb092400	TD
Zm00001eb092940	TD
Zm00001eb093260	TD
Zm00001eb093350	TD
Zm00001eb196010	TD
Zm00001eb196110	TD
Zm00001eb093830	TD
Zm00001eb097500	TD
Zm00001eb149580	TD
Zm00001eb094120	TD
Zm00001eb094090	TD
Zm00001eb329290	TD
Zm00001eb329310	TD
Zm00001eb305200	TD
Zm00001eb094650	TD
Zm00001eb096000	TD
Zm00001eb096410	TD
Zm00001eb326570	TD
Zm00001eb096360	TD
Zm00001eb096390	TD
Zm00001eb304020	TD
Zm00001eb304050	TD
Zm00001eb265890	TD
Zm00001eb098130	TD
Zm00001eb098170	TD
Zm00001eb279880	TD
Zm00001eb118670	TD
Zm00001eb098930	TD
Zm00001eb245850	TD
Zm00001eb099210	TD
Zm00001eb099180	TD
Zm00001eb313070	TD
Zm00001eb313100	TD
Zm00001eb099820	TD
Zm00001eb392090	TD
Zm00001eb100700	TD
Zm00001eb311720	TD
Zm00001eb315510	TD
Zm00001eb101460	TD
Zm00001eb199490	TD
Zm00001eb101810	TD
Zm00001eb163580	TD
Zm00001eb331320	TD
Zm00001eb256800	TD
Zm00001eb103390	TD
Zm00001eb294660	TD
Zm00001eb104170	TD
Zm00001eb104340	TD
Zm00001eb104720	TD
Zm00001eb105940	TD
Zm00001eb106390	TD
Zm00001eb133020	TD
Zm00001eb417830	TD
Zm00001eb142150	TD
Zm00001eb290070	TD
Zm00001eb330890	TD
Zm00001eb399770	TD
Zm00001eb112200	TD
Zm00001eb112300	TD
Zm00001eb178680	TD
Zm00001eb264250	TD
Zm00001eb351470	TD
Zm00001eb201840	TD
Zm00001eb114160	TD
Zm00001eb315730	TD
Zm00001eb114440	TD
Zm00001eb114500	TD
Zm00001eb114930	TD
Zm00001eb114890	TD
Zm00001eb115160	TD
Zm00001eb167110	TD
Zm00001eb316920	TD
Zm00001eb166040	TD
Zm00001eb115540	TD
Zm00001eb116130	TD
Zm00001eb415120	TD
Zm00001eb200720	TD
Zm00001eb281100	TD
Zm00001eb301270	TD
Zm00001eb300820	TD
Zm00001eb300570	TD
Zm00001eb117700	TD
Zm00001eb299020	TD
Zm00001eb298840	TD
Zm00001eb118040	TD
Zm00001eb353440	TD
Zm00001eb411970	TD
Zm00001eb121440	TD
Zm00001eb411950	TD
Zm00001eb228340	TD
Zm00001eb395360	TD
Zm00001eb121960	TD
Zm00001eb294020	TD
Zm00001eb386000	TD
Zm00001eb166230	TD
Zm00001eb166250	TD
Zm00001eb156830	TD
Zm00001eb240460	TD
Zm00001eb141290	TD
Zm00001eb122940	TD
Zm00001eb123220	TD
Zm00001eb185440	TD
Zm00001eb123590	TD
Zm00001eb268020	TD
Zm00001eb125640	TD
Zm00001eb125820	TD
Zm00001eb382490	TD
Zm00001eb145080	TD
Zm00001eb125920	TD
Zm00001eb126020	TD
Zm00001eb135780	TD
Zm00001eb126440	TD
Zm00001eb126800	TD
Zm00001eb333470	TD
Zm00001eb128230	TD
Zm00001eb251790	TD
Zm00001eb130150	TD
Zm00001eb339960	TD
Zm00001eb340440	TD
Zm00001eb282640	TD
Zm00001eb131500	TD
Zm00001eb131480	TD
Zm00001eb131700	TD
Zm00001eb132230	TD
Zm00001eb132270	TD
Zm00001eb133510	TD
Zm00001eb132520	TD
Zm00001eb276060	TD
Zm00001eb133270	TD
Zm00001eb133800	TD
Zm00001eb134650	TD
Zm00001eb134950	TD
Zm00001eb371300	TD
Zm00001eb136030	TD
Zm00001eb136650	TD
Zm00001eb310560	TD
Zm00001eb137370	TD
Zm00001eb224270	TD
Zm00001eb138340	TD
Zm00001eb355990	TD
Zm00001eb407730	TD
Zm00001eb375940	TD
Zm00001eb375920	TD
Zm00001eb140020	TD
Zm00001eb189660	TD
Zm00001eb140840	TD
Zm00001eb140940	TD
Zm00001eb141080	TD
Zm00001eb141030	TD
Zm00001eb141490	TD
Zm00001eb205180	TD
Zm00001eb141850	TD
Zm00001eb141830	TD
Zm00001eb142030	TD
Zm00001eb334280	TD
Zm00001eb144680	TD
Zm00001eb145190	TD
Zm00001eb145170	TD
Zm00001eb305270	TD
Zm00001eb147150	TD
Zm00001eb147370	TD
Zm00001eb380610	TD
Zm00001eb147860	TD
Zm00001eb148000	TD
Zm00001eb148270	TD
Zm00001eb406700	TD
Zm00001eb406590	TD
Zm00001eb150470	TD
Zm00001eb151010	TD
Zm00001eb298200	TD
Zm00001eb152390	TD
Zm00001eb371230	TD
Zm00001eb323960	TD
Zm00001eb153990	TD
Zm00001eb154800	TD
Zm00001eb270400	TD
Zm00001eb155490	TD
Zm00001eb156170	TD
Zm00001eb360270	TD
Zm00001eb157560	TD
Zm00001eb249250	TD
Zm00001eb296280	TD
Zm00001eb158340	TD
Zm00001eb431510	TD
Zm00001eb159220	TD
Zm00001eb160310	TD
Zm00001eb160360	TD
Zm00001eb160920	TD
Zm00001eb160940	TD
Zm00001eb160970	TD
Zm00001eb161230	TD
Zm00001eb305000	TD
Zm00001eb161740	TD
Zm00001eb357960	TD
Zm00001eb162920	TD
Zm00001eb162970	TD
Zm00001eb163050	TD
Zm00001eb163410	TD
Zm00001eb292170	TD
Zm00001eb292190	TD
Zm00001eb195290	TD
Zm00001eb164390	TD
Zm00001eb164880	TD
Zm00001eb164910	TD
Zm00001eb164930	TD
Zm00001eb314320	TD
Zm00001eb204630	TD
Zm00001eb363520	TD
Zm00001eb165740	TD
Zm00001eb165830	TD
Zm00001eb416700	TD
Zm00001eb166340	TD
Zm00001eb166660	TD
Zm00001eb166620	TD
Zm00001eb166910	TD
Zm00001eb166880	TD
Zm00001eb166960	TD
Zm00001eb239280	TD
Zm00001eb239260	TD
Zm00001eb167700	TD
Zm00001eb290010	TD
Zm00001eb198140	TD
Zm00001eb373260	TD
Zm00001eb168560	TD
Zm00001eb168680	TD
Zm00001eb168970	TD
Zm00001eb384930	TD
Zm00001eb317700	TD
Zm00001eb183420	TD
Zm00001eb170500	TD
Zm00001eb170560	TD
Zm00001eb292880	TD
Zm00001eb171570	TD
Zm00001eb171590	TD
Zm00001eb294950	TD
Zm00001eb171940	TD
Zm00001eb172490	TD
Zm00001eb416270	TD
Zm00001eb416380	TD
Zm00001eb173610	TD
Zm00001eb173590	TD
Zm00001eb282670	TD
Zm00001eb260140	TD
Zm00001eb175370	TD
Zm00001eb175340	TD
Zm00001eb175650	TD
Zm00001eb364330	TD
Zm00001eb312940	TD
Zm00001eb177580	TD
Zm00001eb177890	TD
Zm00001eb178090	TD
Zm00001eb178180	TD
Zm00001eb179370	TD
Zm00001eb179430	TD
Zm00001eb180160	TD
Zm00001eb336350	TD
Zm00001eb261460	TD
Zm00001eb181390	TD
Zm00001eb181680	TD
Zm00001eb315130	TD
Zm00001eb394220	TD
Zm00001eb184200	TD
Zm00001eb184640	TD
Zm00001eb184750	TD
Zm00001eb248200	TD
Zm00001eb185840	TD
Zm00001eb428290	TD
Zm00001eb223750	TD
Zm00001eb188420	TD
Zm00001eb350270	TD
Zm00001eb189680	TD
Zm00001eb189780	TD
Zm00001eb189700	TD
Zm00001eb333550	TD
Zm00001eb233590	TD
Zm00001eb418140	TD
Zm00001eb195200	TD
Zm00001eb196810	TD
Zm00001eb197350	TD
Zm00001eb359880	TD
Zm00001eb197840	TD
Zm00001eb199050	TD
Zm00001eb199380	TD
Zm00001eb199360	TD
Zm00001eb200030	TD
Zm00001eb200190	TD
Zm00001eb200270	TD
Zm00001eb200290	TD
Zm00001eb201640	TD
Zm00001eb203390	TD
Zm00001eb381240	TD
Zm00001eb205330	TD
Zm00001eb203900	TD
Zm00001eb204800	TD
Zm00001eb204830	TD
Zm00001eb204750	TD
Zm00001eb239760	TD
Zm00001eb256970	TD
Zm00001eb206100	TD
Zm00001eb207040	TD
Zm00001eb207110	TD
Zm00001eb226580	TD
Zm00001eb208560	TD
Zm00001eb230680	TD
Zm00001eb230590	TD
Zm00001eb208620	TD
Zm00001eb209430	TD
Zm00001eb209500	TD
Zm00001eb209640	TD
Zm00001eb362930	TD
Zm00001eb274320	TD
Zm00001eb210290	TD
Zm00001eb211960	TD
Zm00001eb213370	TD
Zm00001eb214060	TD
Zm00001eb247220	TD
Zm00001eb284980	TD
Zm00001eb349560	TD
Zm00001eb349580	TD
Zm00001eb216730	TD
Zm00001eb426800	TD
Zm00001eb426820	TD
Zm00001eb217720	TD
Zm00001eb220510	TD
Zm00001eb222090	TD
Zm00001eb222110	TD
Zm00001eb224510	TD
Zm00001eb225850	TD
Zm00001eb226360	TD
Zm00001eb297520	TD
Zm00001eb236300	TD
Zm00001eb227460	TD
Zm00001eb227870	TD
Zm00001eb228360	TD
Zm00001eb229160	TD
Zm00001eb229440	TD
Zm00001eb230160	TD
Zm00001eb230420	TD
Zm00001eb230730	TD
Zm00001eb230900	TD
Zm00001eb231910	TD
Zm00001eb275400	TD
Zm00001eb235280	TD
Zm00001eb247810	TD
Zm00001eb237140	TD
Zm00001eb237600	TD
Zm00001eb383870	TD
Zm00001eb238970	TD
Zm00001eb238940	TD
Zm00001eb416920	TD
Zm00001eb239030	TD
Zm00001eb239230	TD
Zm00001eb239340	TD
Zm00001eb240040	TD
Zm00001eb240550	TD
Zm00001eb240510	TD
Zm00001eb242940	TD
Zm00001eb403190	TD
Zm00001eb244000	TD
Zm00001eb244330	TD
Zm00001eb244370	TD
Zm00001eb244440	TD
Zm00001eb245000	TD
Zm00001eb245490	TD
Zm00001eb245540	TD
Zm00001eb246920	TD
Zm00001eb247550	TD
Zm00001eb247730	TD
Zm00001eb400150	TD
Zm00001eb306340	TD
Zm00001eb417340	TD
Zm00001eb251760	TD
Zm00001eb251740	TD
Zm00001eb252210	TD
Zm00001eb252480	TD
Zm00001eb255940	TD
Zm00001eb256620	TD
Zm00001eb259790	TD
Zm00001eb261080	TD
Zm00001eb261480	TD
Zm00001eb262230	TD
Zm00001eb262160	TD
Zm00001eb263270	TD
Zm00001eb263380	TD
Zm00001eb262460	TD
Zm00001eb263000	TD
Zm00001eb265790	TD
Zm00001eb266110	TD
Zm00001eb266230	TD
Zm00001eb266360	TD
Zm00001eb266470	TD
Zm00001eb266930	TD
Zm00001eb267340	TD
Zm00001eb267370	TD
Zm00001eb389030	TD
Zm00001eb378180	TD
Zm00001eb269960	TD
Zm00001eb270000	TD
Zm00001eb377650	TD
Zm00001eb272130	TD
Zm00001eb273440	TD
Zm00001eb273580	TD
Zm00001eb274160	TD
Zm00001eb387670	TD
Zm00001eb275980	TD
Zm00001eb276030	TD
Zm00001eb275950	TD
Zm00001eb276290	TD
Zm00001eb276320	TD
Zm00001eb374320	TD
Zm00001eb303800	TD
Zm00001eb278980	TD
Zm00001eb419310	TD
Zm00001eb301490	TD
Zm00001eb283460	TD
Zm00001eb285210	TD
Zm00001eb286020	TD
Zm00001eb286270	TD
Zm00001eb303660	TD
Zm00001eb286640	TD
Zm00001eb349930	TD
Zm00001eb287740	TD
Zm00001eb288010	TD
Zm00001eb287970	TD
Zm00001eb295980	TD
Zm00001eb288750	TD
Zm00001eb291890	TD
Zm00001eb295340	TD
Zm00001eb344020	TD
Zm00001eb297020	TD
Zm00001eb298540	TD
Zm00001eb369470	TD
Zm00001eb299560	TD
Zm00001eb299120	TD
Zm00001eb364080	TD
Zm00001eb389500	TD
Zm00001eb301120	TD
Zm00001eb301620	TD
Zm00001eb301810	TD
Zm00001eb301870	TD
Zm00001eb302040	TD
Zm00001eb302070	TD
Zm00001eb302350	TD
Zm00001eb302430	TD
Zm00001eb303180	TD
Zm00001eb303950	TD
Zm00001eb304180	TD
Zm00001eb304440	TD
Zm00001eb305110	TD
Zm00001eb308460	TD
Zm00001eb311110	TD
Zm00001eb311170	TD
Zm00001eb311270	TD
Zm00001eb311310	TD
Zm00001eb367590	TD
Zm00001eb311770	TD
Zm00001eb312950	TD
Zm00001eb313490	TD
Zm00001eb314450	TD
Zm00001eb386210	TD
Zm00001eb315090	TD
Zm00001eb316170	TD
Zm00001eb316940	TD
Zm00001eb317010	TD
Zm00001eb318090	TD
Zm00001eb392110	TD
Zm00001eb321660	TD
Zm00001eb323340	TD
Zm00001eb323420	TD
Zm00001eb323920	TD
Zm00001eb325200	TD
Zm00001eb407470	TD
Zm00001eb375740	TD
Zm00001eb327080	TD
Zm00001eb329100	TD
Zm00001eb329450	TD
Zm00001eb334650	TD
Zm00001eb334680	TD
Zm00001eb336100	TD
Zm00001eb337660	TD
Zm00001eb344880	TD
Zm00001eb346460	TD
Zm00001eb346720	TD
Zm00001eb347510	TD
Zm00001eb407910	TD
Zm00001eb348030	TD
Zm00001eb349610	TD
Zm00001eb351850	TD
Zm00001eb352660	TD
Zm00001eb353400	TD
Zm00001eb417190	TD
Zm00001eb357550	TD
Zm00001eb358020	TD
Zm00001eb358120	TD
Zm00001eb358150	TD
Zm00001eb358230	TD
Zm00001eb358320	TD
Zm00001eb360220	TD
Zm00001eb360200	TD
Zm00001eb407380	TD
Zm00001eb362970	TD
Zm00001eb364680	TD
Zm00001eb392790	TD
Zm00001eb365480	TD
Zm00001eb367640	TD
Zm00001eb367530	TD
Zm00001eb369440	TD
Zm00001eb371810	TD
Zm00001eb371920	TD
Zm00001eb372030	TD
Zm00001eb375220	TD
Zm00001eb376000	TD
Zm00001eb376310	TD
Zm00001eb376960	TD
Zm00001eb376540	TD
Zm00001eb376890	TD
Zm00001eb377120	TD
Zm00001eb380040	TD
Zm00001eb380470	TD
Zm00001eb381330	TD
Zm00001eb385070	TD
Zm00001eb386440	TD
Zm00001eb386420	TD
Zm00001eb387470	TD
Zm00001eb387930	TD
Zm00001eb388020	TD
Zm00001eb388220	TD
Zm00001eb388340	TD
Zm00001eb389730	TD
Zm00001eb390050	TD
Zm00001eb390450	TD
Zm00001eb391620	TD
Zm00001eb393390	TD
Zm00001eb393830	TD
Zm00001eb398280	TD
Zm00001eb398360	TD
Zm00001eb399970	TD
Zm00001eb404780	TD
Zm00001eb404800	TD
Zm00001eb405670	TD
Zm00001eb405870	TD
Zm00001eb405940	TD
Zm00001eb406040	TD
Zm00001eb406630	TD
Zm00001eb407360	TD
Zm00001eb407280	TD
Zm00001eb407320	TD
Zm00001eb407300	TD
Zm00001eb408490	TD
Zm00001eb409300	TD
Zm00001eb412780	TD
Zm00001eb412990	TD
Zm00001eb415070	TD
Zm00001eb414210	TD
Zm00001eb414900	TD
Zm00001eb415920	TD
Zm00001eb415880	TD
Zm00001eb416030	TD
Zm00001eb416320	TD
Zm00001eb417290	TD
Zm00001eb419140	TD
Zm00001eb420860	TD
Zm00001eb421250	TD
Zm00001eb422310	TD
Zm00001eb423720	TD
Zm00001eb424430	TD
Zm00001eb425080	TD
Zm00001eb247630	PD
Zm00001eb000290	PD
Zm00001eb023420	PD
Zm00001eb089980	PD
Zm00001eb023540	PD
Zm00001eb249800	PD
Zm00001eb226470	PD
Zm00001eb131000	PD
Zm00001eb163000	PD
Zm00001eb424150	PD
Zm00001eb424190	PD
Zm00001eb066720	PD
Zm00001eb272090	PD
Zm00001eb002720	PD
Zm00001eb022550	PD
Zm00001eb212500	PD
Zm00001eb156100	PD
Zm00001eb156190	PD
Zm00001eb156130	PD
Zm00001eb368260	PD
Zm00001eb003290	PD
Zm00001eb003300	PD
Zm00001eb083280	PD
Zm00001eb224620	PD
Zm00001eb410480	PD
Zm00001eb261040	PD
Zm00001eb165310	PD
Zm00001eb114760	PD
Zm00001eb004810	PD
Zm00001eb004880	PD
Zm00001eb004830	PD
Zm00001eb290370	PD
Zm00001eb185540	PD
Zm00001eb006180	PD
Zm00001eb006420	PD
Zm00001eb006430	PD
Zm00001eb322210	PD
Zm00001eb007370	PD
Zm00001eb007350	PD
Zm00001eb007430	PD
Zm00001eb007360	PD
Zm00001eb022560	PD
Zm00001eb022530	PD
Zm00001eb008250	PD
Zm00001eb008300	PD
Zm00001eb009010	PD
Zm00001eb216200	PD
Zm00001eb009610	PD
Zm00001eb009900	PD
Zm00001eb432450	PD
Zm00001eb026530	PD
Zm00001eb125030	PD
Zm00001eb125010	PD
Zm00001eb333390	PD
Zm00001eb076280	PD
Zm00001eb254710	PD
Zm00001eb254750	PD
Zm00001eb254760	PD
Zm00001eb254770	PD
Zm00001eb254840	PD
Zm00001eb254780	PD
Zm00001eb254790	PD
Zm00001eb044860	PD
Zm00001eb016250	PD
Zm00001eb011900	PD
Zm00001eb011930	PD
Zm00001eb323380	PD
Zm00001eb323310	PD
Zm00001eb229070	PD
Zm00001eb290850	PD
Zm00001eb396250	PD
Zm00001eb396280	PD
Zm00001eb304830	PD
Zm00001eb349360	PD
Zm00001eb142720	PD
Zm00001eb142710	PD
Zm00001eb016300	PD
Zm00001eb016530	PD
Zm00001eb408920	PD
Zm00001eb016920	PD
Zm00001eb017030	PD
Zm00001eb017400	PD
Zm00001eb059680	PD
Zm00001eb296220	PD
Zm00001eb017760	PD
Zm00001eb328860	PD
Zm00001eb018260	PD
Zm00001eb018210	PD
Zm00001eb018230	PD
Zm00001eb018250	PD
Zm00001eb018660	PD
Zm00001eb358800	PD
Zm00001eb159320	PD
Zm00001eb197820	PD
Zm00001eb019510	PD
Zm00001eb019550	PD
Zm00001eb034280	PD
Zm00001eb034330	PD
Zm00001eb034530	PD
Zm00001eb034390	PD
Zm00001eb353230	PD
Zm00001eb341640	PD
Zm00001eb167060	PD
Zm00001eb415100	PD
Zm00001eb299340	PD
Zm00001eb375810	PD
Zm00001eb375770	PD
Zm00001eb330580	PD
Zm00001eb234530	PD
Zm00001eb020950	PD
Zm00001eb021040	PD
Zm00001eb104020	PD
Zm00001eb021690	PD
Zm00001eb427990	PD
Zm00001eb022540	PD
Zm00001eb391840	PD
Zm00001eb186880	PD
Zm00001eb022920	PD
Zm00001eb116170	PD
Zm00001eb197470	PD
Zm00001eb023390	PD
Zm00001eb377700	PD
Zm00001eb261610	PD
Zm00001eb261630	PD
Zm00001eb407440	PD
Zm00001eb072330	PD
Zm00001eb025160	PD
Zm00001eb025420	PD
Zm00001eb073670	PD
Zm00001eb225090	PD
Zm00001eb026080	PD
Zm00001eb387190	PD
Zm00001eb026110	PD
Zm00001eb026330	PD
Zm00001eb026300	PD
Zm00001eb027680	PD
Zm00001eb027610	PD
Zm00001eb275900	PD
Zm00001eb029100	PD
Zm00001eb158320	PD
Zm00001eb360790	PD
Zm00001eb029740	PD
Zm00001eb184730	PD
Zm00001eb029890	PD
Zm00001eb030110	PD
Zm00001eb030160	PD
Zm00001eb200760	PD
Zm00001eb381690	PD
Zm00001eb030800	PD
Zm00001eb030830	PD
Zm00001eb030850	PD
Zm00001eb030950	PD
Zm00001eb060860	PD
Zm00001eb060910	PD
Zm00001eb031450	PD
Zm00001eb031490	PD
Zm00001eb031500	PD
Zm00001eb390170	PD
Zm00001eb032560	PD
Zm00001eb032580	PD
Zm00001eb032600	PD
Zm00001eb032590	PD
Zm00001eb401930	PD
Zm00001eb401970	PD
Zm00001eb129210	PD
Zm00001eb116080	PD
Zm00001eb256030	PD
Zm00001eb033330	PD
Zm00001eb376090	PD
Zm00001eb033720	PD
Zm00001eb090080	PD
Zm00001eb033890	PD
Zm00001eb034260	PD
Zm00001eb034290	PD
Zm00001eb034480	PD
Zm00001eb034610	PD
Zm00001eb034590	PD
Zm00001eb034520	PD
Zm00001eb034370	PD
Zm00001eb034410	PD
Zm00001eb034440	PD
Zm00001eb035490	PD
Zm00001eb174830	PD
Zm00001eb035940	PD
Zm00001eb085400	PD
Zm00001eb228830	PD
Zm00001eb164630	PD
Zm00001eb081550	PD
Zm00001eb174280	PD
Zm00001eb100950	PD
Zm00001eb038250	PD
Zm00001eb038270	PD
Zm00001eb044410	PD
Zm00001eb260630	PD
Zm00001eb039080	PD
Zm00001eb039210	PD
Zm00001eb039200	PD
Zm00001eb039120	PD
Zm00001eb039450	PD
Zm00001eb039460	PD
Zm00001eb039530	PD
Zm00001eb039500	PD
Zm00001eb039540	PD
Zm00001eb039470	PD
Zm00001eb039510	PD
Zm00001eb406290	PD
Zm00001eb406220	PD
Zm00001eb300590	PD
Zm00001eb373050	PD
Zm00001eb040680	PD
Zm00001eb072700	PD
Zm00001eb405530	PD
Zm00001eb042190	PD
Zm00001eb240490	PD
Zm00001eb151330	PD
Zm00001eb323690	PD
Zm00001eb323660	PD
Zm00001eb339170	PD
Zm00001eb204070	PD
Zm00001eb044400	PD
Zm00001eb044450	PD
Zm00001eb045040	PD
Zm00001eb045110	PD
Zm00001eb045150	PD
Zm00001eb045070	PD
Zm00001eb045050	PD
Zm00001eb045010	PD
Zm00001eb045100	PD
Zm00001eb045060	PD
Zm00001eb045140	PD
Zm00001eb322120	PD
Zm00001eb045960	PD
Zm00001eb302640	PD
Zm00001eb302620	PD
Zm00001eb302630	PD
Zm00001eb222130	PD
Zm00001eb046870	PD
Zm00001eb194060	PD
Zm00001eb243970	PD
Zm00001eb047330	PD
Zm00001eb261110	PD
Zm00001eb261000	PD
Zm00001eb261050	PD
Zm00001eb261030	PD
Zm00001eb406650	PD
Zm00001eb048890	PD
Zm00001eb084630	PD
Zm00001eb049520	PD
Zm00001eb049440	PD
Zm00001eb049400	PD
Zm00001eb049410	PD
Zm00001eb049510	PD
Zm00001eb049550	PD
Zm00001eb049420	PD
Zm00001eb069880	PD
Zm00001eb255020	PD
Zm00001eb342780	PD
Zm00001eb051530	PD
Zm00001eb052150	PD
Zm00001eb052410	PD
Zm00001eb063860	PD
Zm00001eb063810	PD
Zm00001eb053260	PD
Zm00001eb053550	PD
Zm00001eb116370	PD
Zm00001eb053680	PD
Zm00001eb144960	PD
Zm00001eb303490	PD
Zm00001eb054580	PD
Zm00001eb371420	PD
Zm00001eb310030	PD
Zm00001eb116250	PD
Zm00001eb274560	PD
Zm00001eb225110	PD
Zm00001eb225130	PD
Zm00001eb376010	PD
Zm00001eb271360	PD
Zm00001eb271380	PD
Zm00001eb055940	PD
Zm00001eb424100	PD
Zm00001eb424200	PD
Zm00001eb424080	PD
Zm00001eb424140	PD
Zm00001eb424180	PD
Zm00001eb398320	PD
Zm00001eb057780	PD
Zm00001eb194050	PD
Zm00001eb204250	PD
Zm00001eb254320	PD
Zm00001eb059480	PD
Zm00001eb059540	PD
Zm00001eb059600	PD
Zm00001eb059700	PD
Zm00001eb089840	PD
Zm00001eb153710	PD
Zm00001eb060490	PD
Zm00001eb090130	PD
Zm00001eb060850	PD
Zm00001eb060920	PD
Zm00001eb061830	PD
Zm00001eb200770	PD
Zm00001eb091400	PD
Zm00001eb062580	PD
Zm00001eb062670	PD
Zm00001eb062700	PD
Zm00001eb165100	PD
Zm00001eb165140	PD
Zm00001eb364460	PD
Zm00001eb339150	PD
Zm00001eb064990	PD
Zm00001eb114600	PD
Zm00001eb114690	PD
Zm00001eb114520	PD
Zm00001eb407160	PD
Zm00001eb066250	PD
Zm00001eb066470	PD
Zm00001eb067230	PD
Zm00001eb067420	PD
Zm00001eb067430	PD
Zm00001eb408380	PD
Zm00001eb226340	PD
Zm00001eb069420	PD
Zm00001eb069480	PD
Zm00001eb069440	PD
Zm00001eb069550	PD
Zm00001eb069850	PD
Zm00001eb069780	PD
Zm00001eb069790	PD
Zm00001eb069870	PD
Zm00001eb069810	PD
Zm00001eb069940	PD
Zm00001eb069910	PD
Zm00001eb069900	PD
Zm00001eb069950	PD
Zm00001eb170460	PD
Zm00001eb171650	PD
Zm00001eb070730	PD
Zm00001eb374550	PD
Zm00001eb082930	PD
Zm00001eb091870	PD
Zm00001eb096470	PD
Zm00001eb096350	PD
Zm00001eb074330	PD
Zm00001eb074360	PD
Zm00001eb249670	PD
Zm00001eb075360	PD
Zm00001eb427320	PD
Zm00001eb268570	PD
Zm00001eb268540	PD
Zm00001eb166080	PD
Zm00001eb379260	PD
Zm00001eb076150	PD
Zm00001eb140290	PD
Zm00001eb076240	PD
Zm00001eb076250	PD
Zm00001eb076270	PD
Zm00001eb247640	PD
Zm00001eb077340	PD
Zm00001eb077300	PD
Zm00001eb077330	PD
Zm00001eb240520	PD
Zm00001eb240540	PD
Zm00001eb078290	PD
Zm00001eb078340	PD
Zm00001eb363380	PD
Zm00001eb185760	PD
Zm00001eb079100	PD
Zm00001eb079460	PD
Zm00001eb080150	PD
Zm00001eb389110	PD
Zm00001eb081210	PD
Zm00001eb081360	PD
Zm00001eb164480	PD
Zm00001eb130500	PD
Zm00001eb083080	PD
Zm00001eb240270	PD
Zm00001eb422330	PD
Zm00001eb422210	PD
Zm00001eb422250	PD
Zm00001eb083310	PD
Zm00001eb084340	PD
Zm00001eb085940	PD
Zm00001eb323800	PD
Zm00001eb346360	PD
Zm00001eb346230	PD
Zm00001eb087220	PD
Zm00001eb087340	PD
Zm00001eb405770	PD
Zm00001eb088000	PD
Zm00001eb087980	PD
Zm00001eb087960	PD
Zm00001eb088060	PD
Zm00001eb165580	PD
Zm00001eb280320	PD
Zm00001eb280360	PD
Zm00001eb088510	PD
Zm00001eb088520	PD
Zm00001eb088530	PD
Zm00001eb418280	PD
Zm00001eb418680	PD
Zm00001eb234470	PD
Zm00001eb408430	PD
Zm00001eb091140	PD
Zm00001eb091170	PD
Zm00001eb093010	PD
Zm00001eb207140	PD
Zm00001eb207150	PD
Zm00001eb434150	PD
Zm00001eb092440	PD
Zm00001eb092370	PD
Zm00001eb092430	PD
Zm00001eb204320	PD
Zm00001eb094140	PD
Zm00001eb274490	PD
Zm00001eb274580	PD
Zm00001eb329340	PD
Zm00001eb329330	PD
Zm00001eb329350	PD
Zm00001eb304120	PD
Zm00001eb096480	PD
Zm00001eb096490	PD
Zm00001eb124150	PD
Zm00001eb124190	PD
Zm00001eb386060	PD
Zm00001eb386070	PD
Zm00001eb245870	PD
Zm00001eb313140	PD
Zm00001eb124880	PD
Zm00001eb124910	PD
Zm00001eb315170	PD
Zm00001eb423700	PD
Zm00001eb102940	PD
Zm00001eb256840	PD
Zm00001eb104100	PD
Zm00001eb104090	PD
Zm00001eb104150	PD
Zm00001eb104190	PD
Zm00001eb104130	PD
Zm00001eb104140	PD
Zm00001eb104360	PD
Zm00001eb105960	PD
Zm00001eb106210	PD
Zm00001eb323400	PD
Zm00001eb348390	PD
Zm00001eb142130	PD
Zm00001eb169700	PD
Zm00001eb381680	PD
Zm00001eb381700	PD
Zm00001eb290090	PD
Zm00001eb111120	PD
Zm00001eb384380	PD
Zm00001eb164470	PD
Zm00001eb329140	PD
Zm00001eb112870	PD
Zm00001eb113620	PD
Zm00001eb113750	PD
Zm00001eb113770	PD
Zm00001eb114060	PD
Zm00001eb114650	PD
Zm00001eb114740	PD
Zm00001eb114610	PD
Zm00001eb167960	PD
Zm00001eb115060	PD
Zm00001eb115240	PD
Zm00001eb115490	PD
Zm00001eb115590	PD
Zm00001eb115520	PD
Zm00001eb115630	PD
Zm00001eb115570	PD
Zm00001eb115530	PD
Zm00001eb115600	PD
Zm00001eb115560	PD
Zm00001eb301880	PD
Zm00001eb348480	PD
Zm00001eb348380	PD
Zm00001eb411380	PD
Zm00001eb116060	PD
Zm00001eb116150	PD
Zm00001eb184720	PD
Zm00001eb116570	PD
Zm00001eb116670	PD
Zm00001eb312790	PD
Zm00001eb312730	PD
Zm00001eb300840	PD
Zm00001eb123880	PD
Zm00001eb123910	PD
Zm00001eb268130	PD
Zm00001eb298930	PD
Zm00001eb299630	PD
Zm00001eb118600	PD
Zm00001eb118750	PD
Zm00001eb119150	PD
Zm00001eb119750	PD
Zm00001eb271160	PD
Zm00001eb238440	PD
Zm00001eb120580	PD
Zm00001eb121460	PD
Zm00001eb282880	PD
Zm00001eb395330	PD
Zm00001eb406660	PD
Zm00001eb240570	PD
Zm00001eb240530	PD
Zm00001eb123520	PD
Zm00001eb123890	PD
Zm00001eb123970	PD
Zm00001eb124640	PD
Zm00001eb335550	PD
Zm00001eb125100	PD
Zm00001eb125170	PD
Zm00001eb125630	PD
Zm00001eb125980	PD
Zm00001eb334620	PD
Zm00001eb334420	PD
Zm00001eb135770	PD
Zm00001eb353380	PD
Zm00001eb342770	PD
Zm00001eb260620	PD
Zm00001eb127350	PD
Zm00001eb129160	PD
Zm00001eb129240	PD
Zm00001eb129120	PD
Zm00001eb129760	PD
Zm00001eb129770	PD
Zm00001eb251720	PD
Zm00001eb251800	PD
Zm00001eb131740	PD
Zm00001eb180960	PD
Zm00001eb276000	PD
Zm00001eb276040	PD
Zm00001eb276100	PD
Zm00001eb276080	PD
Zm00001eb133580	PD
Zm00001eb134290	PD
Zm00001eb135110	PD
Zm00001eb371350	PD
Zm00001eb137280	PD
Zm00001eb137410	PD
Zm00001eb137480	PD
Zm00001eb137570	PD
Zm00001eb410800	PD
Zm00001eb410760	PD
Zm00001eb139320	PD
Zm00001eb189820	PD
Zm00001eb189570	PD
Zm00001eb189590	PD
Zm00001eb189610	PD
Zm00001eb189620	PD
Zm00001eb280350	PD
Zm00001eb308790	PD
Zm00001eb141330	PD
Zm00001eb141430	PD
Zm00001eb141450	PD
Zm00001eb141770	PD
Zm00001eb141820	PD
Zm00001eb141740	PD
Zm00001eb141790	PD
Zm00001eb141800	PD
Zm00001eb141870	PD
Zm00001eb142270	PD
Zm00001eb142910	PD
Zm00001eb143720	PD
Zm00001eb145220	PD
Zm00001eb147120	PD
Zm00001eb268080	PD
Zm00001eb406180	PD
Zm00001eb406130	PD
Zm00001eb150130	PD
Zm00001eb150950	PD
Zm00001eb298220	PD
Zm00001eb154410	PD
Zm00001eb298800	PD
Zm00001eb298790	PD
Zm00001eb154690	PD
Zm00001eb252970	PD
Zm00001eb156600	PD
Zm00001eb157740	PD
Zm00001eb159310	PD
Zm00001eb159710	PD
Zm00001eb168030	PD
Zm00001eb163020	PD
Zm00001eb163030	PD
Zm00001eb292210	PD
Zm00001eb175320	PD
Zm00001eb175310	PD
Zm00001eb165090	PD
Zm00001eb165120	PD
Zm00001eb405960	PD
Zm00001eb410460	PD
Zm00001eb411020	PD
Zm00001eb282870	PD
Zm00001eb222680	PD
Zm00001eb167880	PD
Zm00001eb167900	PD
Zm00001eb169880	PD
Zm00001eb169100	PD
Zm00001eb175190	PD
Zm00001eb277770	PD
Zm00001eb277780	PD
Zm00001eb296880	PD
Zm00001eb376280	PD
Zm00001eb376360	PD
Zm00001eb376240	PD
Zm00001eb376340	PD
Zm00001eb171630	PD
Zm00001eb171490	PD
Zm00001eb171660	PD
Zm00001eb171550	PD
Zm00001eb171640	PD
Zm00001eb172340	PD
Zm00001eb328180	PD
Zm00001eb328140	PD
Zm00001eb172830	PD
Zm00001eb175290	PD
Zm00001eb392650	PD
Zm00001eb181350	PD
Zm00001eb413420	PD
Zm00001eb181310	PD
Zm00001eb181360	PD
Zm00001eb181320	PD
Zm00001eb181330	PD
Zm00001eb182400	PD
Zm00001eb184160	PD
Zm00001eb184710	PD
Zm00001eb196830	PD
Zm00001eb346960	PD
Zm00001eb197690	PD
Zm00001eb189630	PD
Zm00001eb189600	PD
Zm00001eb189580	PD
Zm00001eb189750	PD
Zm00001eb189720	PD
Zm00001eb189800	PD
Zm00001eb312160	PD
Zm00001eb191790	PD
Zm00001eb409080	PD
Zm00001eb200380	PD
Zm00001eb211280	PD
Zm00001eb406250	PD
Zm00001eb197130	PD
Zm00001eb197250	PD
Zm00001eb197280	PD
Zm00001eb197230	PD
Zm00001eb197210	PD
Zm00001eb196750	PD
Zm00001eb197260	PD
Zm00001eb197810	PD
Zm00001eb226490	PD
Zm00001eb200230	PD
Zm00001eb340040	PD
Zm00001eb405470	PD
Zm00001eb405510	PD
Zm00001eb201990	PD
Zm00001eb310060	PD
Zm00001eb413210	PD
Zm00001eb241240	PD
Zm00001eb276400	PD
Zm00001eb203880	PD
Zm00001eb204060	PD
Zm00001eb204710	PD
Zm00001eb204770	PD
Zm00001eb204730	PD
Zm00001eb204810	PD
Zm00001eb236200	PD
Zm00001eb236220	PD
Zm00001eb236740	PD
Zm00001eb230660	PD
Zm00001eb230630	PD
Zm00001eb209920	PD
Zm00001eb362950	PD
Zm00001eb212050	PD
Zm00001eb213510	PD
Zm00001eb299620	PD
Zm00001eb247270	PD
Zm00001eb247290	PD
Zm00001eb247280	PD
Zm00001eb247300	PD
Zm00001eb388860	PD
Zm00001eb388850	PD
Zm00001eb217070	PD
Zm00001eb323360	PD
Zm00001eb219610	PD
Zm00001eb219970	PD
Zm00001eb221080	PD
Zm00001eb338270	PD
Zm00001eb221980	PD
Zm00001eb401980	PD
Zm00001eb255410	PD
Zm00001eb225880	PD
Zm00001eb225890	PD
Zm00001eb226530	PD
Zm00001eb227560	PD
Zm00001eb319580	PD
Zm00001eb228810	PD
Zm00001eb228840	PD
Zm00001eb228870	PD
Zm00001eb229730	PD
Zm00001eb229740	PD
Zm00001eb299080	PD
Zm00001eb230400	PD
Zm00001eb230460	PD
Zm00001eb230320	PD
Zm00001eb230390	PD
Zm00001eb231950	PD
Zm00001eb231980	PD
Zm00001eb233050	PD
Zm00001eb233960	PD
Zm00001eb236190	PD
Zm00001eb237690	PD
Zm00001eb238780	PD
Zm00001eb240580	PD
Zm00001eb242990	PD
Zm00001eb345150	PD
Zm00001eb242320	PD
Zm00001eb334720	PD
Zm00001eb244300	PD
Zm00001eb244320	PD
Zm00001eb247250	PD
Zm00001eb254800	PD
Zm00001eb254650	PD
Zm00001eb254720	PD
Zm00001eb254660	PD
Zm00001eb248140	PD
Zm00001eb249730	PD
Zm00001eb254240	PD
Zm00001eb254740	PD
Zm00001eb258210	PD
Zm00001eb261090	PD
Zm00001eb261020	PD
Zm00001eb261570	PD
Zm00001eb262080	PD
Zm00001eb262020	PD
Zm00001eb262100	PD
Zm00001eb262090	PD
Zm00001eb262060	PD
Zm00001eb261980	PD
Zm00001eb262070	PD
Zm00001eb262050	PD
Zm00001eb262030	PD
Zm00001eb261970	PD
Zm00001eb262040	PD
Zm00001eb262290	PD
Zm00001eb262140	PD
Zm00001eb262210	PD
Zm00001eb262280	PD
Zm00001eb262200	PD
Zm00001eb262320	PD
Zm00001eb262300	PD
Zm00001eb262250	PD
Zm00001eb262270	PD
Zm00001eb262260	PD
Zm00001eb263610	PD
Zm00001eb263520	PD
Zm00001eb263540	PD
Zm00001eb263550	PD
Zm00001eb263620	PD
Zm00001eb263580	PD
Zm00001eb263590	PD
Zm00001eb263250	PD
Zm00001eb263340	PD
Zm00001eb263310	PD
Zm00001eb263290	PD
Zm00001eb263320	PD
Zm00001eb263300	PD
Zm00001eb263470	PD
Zm00001eb263450	PD
Zm00001eb263410	PD
Zm00001eb263430	PD
Zm00001eb263440	PD
Zm00001eb263480	PD
Zm00001eb263360	PD
Zm00001eb263160	PD
Zm00001eb378080	PD
Zm00001eb263460	PD
Zm00001eb263910	PD
Zm00001eb263860	PD
Zm00001eb263700	PD
Zm00001eb264130	PD
Zm00001eb264150	PD
Zm00001eb266140	PD
Zm00001eb267230	PD
Zm00001eb268550	PD
Zm00001eb270030	PD
Zm00001eb377560	PD
Zm00001eb377600	PD
Zm00001eb376570	PD
Zm00001eb271370	PD
Zm00001eb274410	PD
Zm00001eb274500	PD
Zm00001eb274550	PD
Zm00001eb275320	PD
Zm00001eb275930	PD
Zm00001eb275920	PD
Zm00001eb275880	PD
Zm00001eb275890	PD
Zm00001eb276050	PD
Zm00001eb276380	PD
Zm00001eb276630	PD
Zm00001eb277180	PD
Zm00001eb280950	PD
Zm00001eb377690	PD
Zm00001eb377570	PD
Zm00001eb283280	PD
Zm00001eb297960	PD
Zm00001eb285260	PD
Zm00001eb286150	PD
Zm00001eb286230	PD
Zm00001eb402050	PD
Zm00001eb286780	PD
Zm00001eb287940	PD
Zm00001eb287950	PD
Zm00001eb288620	PD
Zm00001eb367570	PD
Zm00001eb406600	PD
Zm00001eb291130	PD
Zm00001eb424210	PD
Zm00001eb424120	PD
Zm00001eb297590	PD
Zm00001eb297950	PD
Zm00001eb298520	PD
Zm00001eb299590	PD
Zm00001eb298750	PD
Zm00001eb299600	PD
Zm00001eb300370	PD
Zm00001eb302410	PD
Zm00001eb317270	PD
Zm00001eb318110	PD
Zm00001eb302830	PD
Zm00001eb303130	PD
Zm00001eb375440	PD
Zm00001eb307190	PD
Zm00001eb367560	PD
Zm00001eb312800	PD
Zm00001eb314470	PD
Zm00001eb314460	PD
Zm00001eb376230	PD
Zm00001eb376300	PD
Zm00001eb322070	PD
Zm00001eb322080	PD
Zm00001eb322980	PD
Zm00001eb323370	PD
Zm00001eb323870	PD
Zm00001eb375790	PD
Zm00001eb328150	PD
Zm00001eb328190	PD
Zm00001eb328220	PD
Zm00001eb334730	PD
Zm00001eb335530	PD
Zm00001eb335540	PD
Zm00001eb345130	PD
Zm00001eb345170	PD
Zm00001eb347960	PD
Zm00001eb348000	PD
Zm00001eb347980	PD
Zm00001eb348040	PD
Zm00001eb348010	PD
Zm00001eb353350	PD
Zm00001eb353370	PD
Zm00001eb353390	PD
Zm00001eb355430	PD
Zm00001eb355510	PD
Zm00001eb355500	PD
Zm00001eb355520	PD
Zm00001eb407430	PD
Zm00001eb361580	PD
Zm00001eb363020	PD
Zm00001eb362990	PD
Zm00001eb362980	PD
Zm00001eb364430	PD
Zm00001eb364440	PD
Zm00001eb364450	PD
Zm00001eb424130	PD
Zm00001eb366490	PD
Zm00001eb366510	PD
Zm00001eb366990	PD
Zm00001eb371550	PD
Zm00001eb373080	PD
Zm00001eb374500	PD
Zm00001eb375100	PD
Zm00001eb375760	PD
Zm00001eb375800	PD
Zm00001eb376260	PD
Zm00001eb376350	PD
Zm00001eb376250	PD
Zm00001eb376220	PD
Zm00001eb376330	PD
Zm00001eb376200	PD
Zm00001eb376910	PD
Zm00001eb376970	PD
Zm00001eb376790	PD
Zm00001eb376930	PD
Zm00001eb377070	PD
Zm00001eb377580	PD
Zm00001eb377610	PD
Zm00001eb377710	PD
Zm00001eb377640	PD
Zm00001eb377680	PD
Zm00001eb379250	PD
Zm00001eb380790	PD
Zm00001eb381660	PD
Zm00001eb381710	PD
Zm00001eb384430	PD
Zm00001eb384490	PD
Zm00001eb384510	PD
Zm00001eb384620	PD
Zm00001eb387970	PD
Zm00001eb387960	PD
Zm00001eb387260	PD
Zm00001eb388000	PD
Zm00001eb388900	PD
Zm00001eb389010	PD
Zm00001eb389130	PD
Zm00001eb396240	PD
Zm00001eb400290	PD
Zm00001eb400920	PD
Zm00001eb401710	PD
Zm00001eb401920	PD
Zm00001eb402110	PD
Zm00001eb405160	PD
Zm00001eb405980	PD
Zm00001eb407260	PD
Zm00001eb407330	PD
Zm00001eb409390	PD
Zm00001eb409350	PD
Zm00001eb409310	PD
Zm00001eb410750	PD
Zm00001eb414360	PD
Zm00001eb414340	PD
Zm00001eb415160	PD
Zm00001eb415130	PD
Zm00001eb413170	PD
Zm00001eb415830	PD
Zm00001eb417410	PD
Zm00001eb418510	PD
Zm00001eb418560	PD
Zm00001eb420740	PD
Zm00001eb422340	PD
Zm00001eb422260	PD
Zm00001eb422320	PD
Zm00001eb423200	PD
Zm00001eb423670	PD
Zm00001eb423740	PD
Zm00001eb423800	PD
Zm00001eb423690	PD
Zm00001eb423680	PD
Zm00001eb426790	PD
Zm00001eb429600	PD
Zm00001eb429990	PD
Zm00001eb430190	PD
Zm00001eb430220	PD
Zm00001eb000250	PD
Zm00001eb089960	PD
Zm00001eb023590	PD
Zm00001eb000750	PD
Zm00001eb282430	PD
Zm00001eb162890	PD
Zm00001eb002700	PD
Zm00001eb156150	PD
Zm00001eb046210	PD
Zm00001eb416630	PD
Zm00001eb408140	PD
Zm00001eb083250	PD
Zm00001eb224640	PD
Zm00001eb165330	PD
Zm00001eb114640	PD
Zm00001eb006200	PD
Zm00001eb006440	PD
Zm00001eb006410	PD
Zm00001eb022470	PD
Zm00001eb008290	PD
Zm00001eb008280	PD
Zm00001eb008980	PD
Zm00001eb055090	PD
Zm00001eb009630	PD
Zm00001eb009920	PD
Zm00001eb026500	PD
Zm00001eb333420	PD
Zm00001eb076300	PD
Zm00001eb044840	PD
Zm00001eb016290	PD
Zm00001eb226000	PD
Zm00001eb011880	PD
Zm00001eb062660	PD
Zm00001eb229100	PD
Zm00001eb290810	PD
Zm00001eb014430	PD
Zm00001eb396230	PD
Zm00001eb304860	PD
Zm00001eb349330	PD
Zm00001eb016260	PD
Zm00001eb016410	PD
Zm00001eb408900	PD
Zm00001eb017110	PD
Zm00001eb017350	PD
Zm00001eb017620	PD
Zm00001eb059660	PD
Zm00001eb017730	PD
Zm00001eb018240	PD
Zm00001eb018270	PD
Zm00001eb019530	PD
Zm00001eb034620	PD
Zm00001eb034300	PD
Zm00001eb341730	PD
Zm00001eb167130	PD
Zm00001eb108560	PD
Zm00001eb020590	PD
Zm00001eb234560	PD
Zm00001eb021060	PD
Zm00001eb391800	PD
Zm00001eb186860	PD
Zm00001eb022810	PD
Zm00001eb197450	PD
Zm00001eb390710	PD
Zm00001eb025140	PD
Zm00001eb225050	PD
Zm00001eb387170	PD
Zm00001eb026070	PD
Zm00001eb385440	PD
Zm00001eb026240	PD
Zm00001eb027650	PD
Zm00001eb356070	PD
Zm00001eb294470	PD
Zm00001eb029180	PD
Zm00001eb360810	PD
Zm00001eb029700	PD
Zm00001eb030170	PD
Zm00001eb030600	PD
Zm00001eb381740	PD
Zm00001eb030840	PD
Zm00001eb030790	PD
Zm00001eb030810	PD
Zm00001eb031470	PD
Zm00001eb031570	PD
Zm00001eb032570	PD
Zm00001eb401950	PD
Zm00001eb129300	PD
Zm00001eb116100	PD
Zm00001eb033290	PD
Zm00001eb033740	PD
Zm00001eb090060	PD
Zm00001eb059740	PD
Zm00001eb034320	PD
Zm00001eb034490	PD
Zm00001eb034460	PD
Zm00001eb034310	PD
Zm00001eb034420	PD
Zm00001eb174850	PD
Zm00001eb317470	PD
Zm00001eb164570	PD
Zm00001eb081600	PD
Zm00001eb315160	PD
Zm00001eb260700	PD
Zm00001eb039100	PD
Zm00001eb039090	PD
Zm00001eb161410	PD
Zm00001eb039490	PD
Zm00001eb039440	PD
Zm00001eb039910	PD
Zm00001eb300670	PD
Zm00001eb042170	PD
Zm00001eb240590	PD
Zm00001eb151310	PD
Zm00001eb323640	PD
Zm00001eb204100	PD
Zm00001eb044470	PD
Zm00001eb044390	PD
Zm00001eb045990	PD
Zm00001eb046250	PD
Zm00001eb046850	PD
Zm00001eb194080	PD
Zm00001eb047370	PD
Zm00001eb222900	PD
Zm00001eb222910	PD
Zm00001eb406620	PD
Zm00001eb049480	PD
Zm00001eb069820	PD
Zm00001eb254990	PD
Zm00001eb342810	PD
Zm00001eb051560	PD
Zm00001eb421690	PD
Zm00001eb218080	PD
Zm00001eb063840	PD
Zm00001eb053240	PD
Zm00001eb053600	PD
Zm00001eb053920	PD
Zm00001eb144930	PD
Zm00001eb371400	PD
Zm00001eb310050	PD
Zm00001eb116270	PD
Zm00001eb274530	PD
Zm00001eb225150	PD
Zm00001eb375960	PD
Zm00001eb055920	PD
Zm00001eb424230	PD
Zm00001eb057760	PD
Zm00001eb194090	PD
Zm00001eb254290	PD
Zm00001eb059500	PD
Zm00001eb059510	PD
Zm00001eb059670	PD
Zm00001eb060140	PD
Zm00001eb089860	PD
Zm00001eb153730	PD
Zm00001eb060530	PD
Zm00001eb060900	PD
Zm00001eb060870	PD
Zm00001eb062820	PD
Zm00001eb267280	PD
Zm00001eb065010	PD
Zm00001eb065020	PD
Zm00001eb065050	PD
Zm00001eb065070	PD
Zm00001eb114660	PD
Zm00001eb407180	PD
Zm00001eb253000	PD
Zm00001eb066220	PD
Zm00001eb066420	PD
Zm00001eb067400	PD
Zm00001eb068510	PD
Zm00001eb069390	PD
Zm00001eb069490	PD
Zm00001eb069860	PD
Zm00001eb069890	PD
Zm00001eb069980	PD
Zm00001eb069970	PD
Zm00001eb170520	PD
Zm00001eb070620	PD
Zm00001eb082960	PD
Zm00001eb091900	PD
Zm00001eb430020	PD
Zm00001eb429980	PD
Zm00001eb187570	PD
Zm00001eb096380	PD
Zm00001eb104350	PD
Zm00001eb074370	PD
Zm00001eb074380	PD
Zm00001eb249020	PD
Zm00001eb075330	PD
Zm00001eb268560	PD
Zm00001eb076110	PD
Zm00001eb140320	PD
Zm00001eb076260	PD
Zm00001eb076290	PD
Zm00001eb247670	PD
Zm00001eb077320	PD
Zm00001eb077290	PD
Zm00001eb078320	PD
Zm00001eb363440	PD
Zm00001eb079030	PD
Zm00001eb389140	PD
Zm00001eb081380	PD
Zm00001eb288190	PD
Zm00001eb130480	PD
Zm00001eb358490	PD
Zm00001eb084020	PD
Zm00001eb085870	PD
Zm00001eb323830	PD
Zm00001eb346210	PD
Zm00001eb087250	PD
Zm00001eb087230	PD
Zm00001eb088020	PD
Zm00001eb088140	PD
Zm00001eb088560	PD
Zm00001eb088570	PD
Zm00001eb088580	PD
Zm00001eb418250	PD
Zm00001eb418650	PD
Zm00001eb419040	PD
Zm00001eb290800	PD
Zm00001eb091110	PD
Zm00001eb092990	PD
Zm00001eb207260	PD
Zm00001eb434130	PD
Zm00001eb204400	PD
Zm00001eb149600	PD
Zm00001eb094150	PD
Zm00001eb094110	PD
Zm00001eb274510	PD
Zm00001eb096430	PD
Zm00001eb124170	PD
Zm00001eb386120	PD
Zm00001eb102900	PD
Zm00001eb102910	PD
Zm00001eb256810	PD
Zm00001eb104120	PD
Zm00001eb104180	PD
Zm00001eb321600	PD
Zm00001eb322220	PD
Zm00001eb105910	PD
Zm00001eb106190	PD
Zm00001eb323300	PD
Zm00001eb323760	PD
Zm00001eb348460	PD
Zm00001eb417880	PD
Zm00001eb169780	PD
Zm00001eb381730	PD
Zm00001eb381750	PD
Zm00001eb111150	PD
Zm00001eb384520	PD
Zm00001eb329160	PD
Zm00001eb112890	PD
Zm00001eb170510	PD
Zm00001eb113660	PD
Zm00001eb113650	PD
Zm00001eb113830	PD
Zm00001eb114000	PD
Zm00001eb114680	PD
Zm00001eb114490	PD
Zm00001eb114700	PD
Zm00001eb167980	PD
Zm00001eb115470	PD
Zm00001eb115610	PD
Zm00001eb115500	PD
Zm00001eb115580	PD
Zm00001eb348360	PD
Zm00001eb411430	PD
Zm00001eb116090	PD
Zm00001eb129140	PD
Zm00001eb116050	PD
Zm00001eb116520	PD
Zm00001eb312670	PD
Zm00001eb116850	PD
Zm00001eb268170	PD
Zm00001eb118490	PD
Zm00001eb118500	PD
Zm00001eb118780	PD
Zm00001eb119100	PD
Zm00001eb239450	PD
Zm00001eb121420	PD
Zm00001eb406610	PD
Zm00001eb358770	PD
Zm00001eb122810	PD
Zm00001eb123490	PD
Zm00001eb123500	PD
Zm00001eb124020	PD
Zm00001eb124660	PD
Zm00001eb124860	PD
Zm00001eb124920	PD
Zm00001eb125060	PD
Zm00001eb125190	PD
Zm00001eb125660	PD
Zm00001eb125950	PD
Zm00001eb334400	PD
Zm00001eb126470	PD
Zm00001eb342790	PD
Zm00001eb260690	PD
Zm00001eb127370	PD
Zm00001eb129220	PD
Zm00001eb129730	PD
Zm00001eb129740	PD
Zm00001eb131720	PD
Zm00001eb180980	PD
Zm00001eb133500	PD
Zm00001eb135090	PD
Zm00001eb137240	PD
Zm00001eb137430	PD
Zm00001eb137390	PD
Zm00001eb137530	PD
Zm00001eb410780	PD
Zm00001eb139340	PD
Zm00001eb406480	PD
Zm00001eb280330	PD
Zm00001eb308910	PD
Zm00001eb141350	PD
Zm00001eb141470	PD
Zm00001eb141540	PD
Zm00001eb141810	PD
Zm00001eb141780	PD
Zm00001eb141750	PD
Zm00001eb141760	PD
Zm00001eb142290	PD
Zm00001eb142890	PD
Zm00001eb143790	PD
Zm00001eb365100	PD
Zm00001eb168380	PD
Zm00001eb268050	PD
Zm00001eb406160	PD
Zm00001eb163910	PD
Zm00001eb150910	PD
Zm00001eb154710	PD
Zm00001eb253020	PD
Zm00001eb156640	PD
Zm00001eb159250	PD
Zm00001eb358480	PD
Zm00001eb159670	PD
Zm00001eb161160	PD
Zm00001eb305170	PD
Zm00001eb163040	PD
Zm00001eb164890	PD
Zm00001eb165130	PD
Zm00001eb165160	PD
Zm00001eb410470	PD
Zm00001eb410490	PD
Zm00001eb165840	PD
Zm00001eb411000	PD
Zm00001eb166210	PD
Zm00001eb282850	PD
Zm00001eb171970	PD
Zm00001eb222660	PD
Zm00001eb167860	PD
Zm00001eb169850	PD
Zm00001eb169120	PD
Zm00001eb296920	PD
Zm00001eb376920	PD
Zm00001eb171520	PD
Zm00001eb172310	PD
Zm00001eb328200	PD
Zm00001eb173730	PD
Zm00001eb413520	PD
Zm00001eb181340	PD
Zm00001eb181290	PD
Zm00001eb181300	PD
Zm00001eb182430	PD
Zm00001eb377500	PD
Zm00001eb184240	PD
Zm00001eb185530	PD
Zm00001eb188750	PD
Zm00001eb346940	PD
Zm00001eb197650	PD
Zm00001eb189450	PD
Zm00001eb189810	PD
Zm00001eb189760	PD
Zm00001eb191820	PD
Zm00001eb409060	PD
Zm00001eb257490	PD
Zm00001eb418090	PD
Zm00001eb197240	PD
Zm00001eb196720	PD
Zm00001eb196730	PD
Zm00001eb197780	PD
Zm00001eb226450	PD
Zm00001eb257980	PD
Zm00001eb340020	PD
Zm00001eb201960	PD
Zm00001eb310010	PD
Zm00001eb241310	PD
Zm00001eb276360	PD
Zm00001eb203910	PD
Zm00001eb204090	PD
Zm00001eb205630	PD
Zm00001eb236250	PD
Zm00001eb236720	PD
Zm00001eb208400	PD
Zm00001eb208660	PD
Zm00001eb209890	PD
Zm00001eb212110	PD
Zm00001eb213600	PD
Zm00001eb388880	PD
Zm00001eb388890	PD
Zm00001eb219400	PD
Zm00001eb219990	PD
Zm00001eb338290	PD
Zm00001eb222040	PD
Zm00001eb222150	PD
Zm00001eb225870	PD
Zm00001eb226550	PD
Zm00001eb227480	PD
Zm00001eb228850	PD
Zm00001eb228820	PD
Zm00001eb229670	PD
Zm00001eb229720	PD
Zm00001eb299040	PD
Zm00001eb230370	PD
Zm00001eb230440	PD
Zm00001eb233030	PD
Zm00001eb234030	PD
Zm00001eb236230	PD
Zm00001eb238800	PD
Zm00001eb244250	PD
Zm00001eb254630	PD
Zm00001eb254680	PD
Zm00001eb249750	PD
Zm00001eb253030	PD
Zm00001eb254220	PD
Zm00001eb254810	PD
Zm00001eb254670	PD
Zm00001eb258190	PD
Zm00001eb261120	PD
Zm00001eb263240	PD
Zm00001eb263200	PD
Zm00001eb263350	PD
Zm00001eb263890	PD
Zm00001eb263760	PD
Zm00001eb264080	PD
Zm00001eb266160	PD
Zm00001eb266840	PD
Zm00001eb267210	PD
Zm00001eb268530	PD
Zm00001eb271350	PD
Zm00001eb271390	PD
Zm00001eb274520	PD
Zm00001eb275990	PD
Zm00001eb276090	PD
Zm00001eb276470	PD
Zm00001eb276650	PD
Zm00001eb277140	PD
Zm00001eb283260	PD
Zm00001eb297900	PD
Zm00001eb286170	PD
Zm00001eb286760	PD
Zm00001eb288020	PD
Zm00001eb288600	PD
Zm00001eb367500	PD
Zm00001eb424160	PD
Zm00001eb345140	PD
Zm00001eb297490	PD
Zm00001eb297910	PD
Zm00001eb298720	PD
Zm00001eb299610	PD
Zm00001eb299580	PD
Zm00001eb300470	PD
Zm00001eb302020	PD
Zm00001eb317250	PD
Zm00001eb318130	PD
Zm00001eb302870	PD
Zm00001eb304230	PD
Zm00001eb375460	PD
Zm00001eb375240	PD
Zm00001eb307220	PD
Zm00001eb312760	PD
Zm00001eb312890	PD
Zm00001eb314480	PD
Zm00001eb321070	PD
Zm00001eb322100	PD
Zm00001eb322110	PD
Zm00001eb323000	PD
Zm00001eb328210	PD
Zm00001eb328160	PD
Zm00001eb329470	PD
Zm00001eb347990	PD
Zm00001eb347970	PD
Zm00001eb355490	PD
Zm00001eb355440	PD
Zm00001eb361550	PD
Zm00001eb424170	PD
Zm00001eb366520	PD
Zm00001eb366930	PD
Zm00001eb371580	PD
Zm00001eb373040	PD
Zm00001eb375120	PD
Zm00001eb375780	PD
Zm00001eb376270	PD
Zm00001eb376940	PD
Zm00001eb376190	PD
Zm00001eb376210	PD
Zm00001eb377590	PD
Zm00001eb379230	PD
Zm00001eb381720	PD
Zm00001eb381670	PD
Zm00001eb384540	PD
Zm00001eb384560	PD
Zm00001eb387240	PD
Zm00001eb388870	PD
Zm00001eb388910	PD
Zm00001eb396270	PD
Zm00001eb400320	PD
Zm00001eb401960	PD
Zm00001eb402140	PD
Zm00001eb405180	PD
Zm00001eb406170	PD
Zm00001eb407400	PD
Zm00001eb409320	PD
Zm00001eb409330	PD
Zm00001eb410770	PD
Zm00001eb414390	PD
Zm00001eb413200	PD
Zm00001eb416940	PD
Zm00001eb417430	PD
Zm00001eb418590	PD
Zm00001eb420800	PD
Zm00001eb422280	PD
Zm00001eb423260	PD
Zm00001eb423750	PD
Zm00001eb423790	PD
Zm00001eb424090	PD
Zm00001eb426840	PD
Zm00001eb429670	PD
Zm00001eb430210	PD
Zm00001eb430200	PD
Zm00001eb230290	rTRD
Zm00001eb259610	rTRD
Zm00001eb014500	rTRD
Zm00001eb251860	rTRD
Zm00001eb143540	rTRD
Zm00001eb320050	rTRD
Zm00001eb336270	rTRD
Zm00001eb178640	rTRD
Zm00001eb362790	rTRD
Zm00001eb269550	rTRD
Zm00001eb010820	rTRD
Zm00001eb094790	rTRD
Zm00001eb355870	rTRD
Zm00001eb038680	rTRD
Zm00001eb388740	rTRD
Zm00001eb388730	rTRD
Zm00001eb323040	rTRD
Zm00001eb063640	rTRD
Zm00001eb152290	rTRD
Zm00001eb039170	rTRD
Zm00001eb255900	rTRD
Zm00001eb145780	rTRD
Zm00001eb257670	rTRD
Zm00001eb395570	rTRD
Zm00001eb420420	rTRD
Zm00001eb070450	rTRD
Zm00001eb069500	rTRD
Zm00001eb299910	rTRD
Zm00001eb032180	rTRD
Zm00001eb118990	rTRD
Zm00001eb374950	rTRD
Zm00001eb285310	rTRD
Zm00001eb361190	rTRD
Zm00001eb010910	rTRD
Zm00001eb242580	rTRD
Zm00001eb310160	rTRD
Zm00001eb069060	rTRD
Zm00001eb200510	rTRD
Zm00001eb160750	rTRD
Zm00001eb030820	rTRD
Zm00001eb373880	rTRD
Zm00001eb312530	rTRD
Zm00001eb410670	rTRD
Zm00001eb168120	rTRD
Zm00001eb138370	rTRD
Zm00001eb126650	rTRD
Zm00001eb333370	rTRD
Zm00001eb406420	rTRD
Zm00001eb140750	rTRD
Zm00001eb368510	rTRD
Zm00001eb014120	rTRD
Zm00001eb209760	rTRD
Zm00001eb419220	rTRD
Zm00001eb218420	rTRD
Zm00001eb244160	rTRD
Zm00001eb355000	rTRD
Zm00001eb053030	rTRD
Zm00001eb229960	rTRD
Zm00001eb077260	rTRD
Zm00001eb194740	rTRD
Zm00001eb222960	rTRD
Zm00001eb178160	rTRD
Zm00001eb055130	rTRD
Zm00001eb417050	rTRD
Zm00001eb384570	rTRD
Zm00001eb211050	rTRD
Zm00001eb009600	rTRD
Zm00001eb216880	rTRD
Zm00001eb000200	rTRD
Zm00001eb107850	rTRD
Zm00001eb074600	rTRD
Zm00001eb356900	rTRD
Zm00001eb333770	rTRD
Zm00001eb029630	rTRD
Zm00001eb223910	rTRD
Zm00001eb364000	rTRD
Zm00001eb185260	rTRD
Zm00001eb270450	rTRD
Zm00001eb038410	rTRD
Zm00001eb096640	rTRD
Zm00001eb114980	rTRD
Zm00001eb372590	rTRD
Zm00001eb039800	rTRD
Zm00001eb259950	rTRD
Zm00001eb272900	rTRD
Zm00001eb052650	rTRD
Zm00001eb262760	rTRD
Zm00001eb039600	rTRD
Zm00001eb267820	rTRD
Zm00001eb351110	rTRD
Zm00001eb429510	rTRD
Zm00001eb307510	rTRD
Zm00001eb011680	rTRD
Zm00001eb035020	rTRD
Zm00001eb011560	rTRD
Zm00001eb324750	rTRD
Zm00001eb115110	rTRD
Zm00001eb065100	rTRD
Zm00001eb307370	rTRD
Zm00001eb187460	rTRD
Zm00001eb055430	rTRD
Zm00001eb311940	rTRD
Zm00001eb422610	rTRD
Zm00001eb216000	rTRD
Zm00001eb026120	rTRD
Zm00001eb052840	rTRD
Zm00001eb392770	rTRD
Zm00001eb040190	rTRD
Zm00001eb010840	rTRD
Zm00001eb056110	rTRD
Zm00001eb388290	rTRD
Zm00001eb046470	rTRD
Zm00001eb046480	rTRD
Zm00001eb014920	rTRD
Zm00001eb353490	rTRD
Zm00001eb353260	rTRD
Zm00001eb350090	rTRD
Zm00001eb375360	rTRD
Zm00001eb019930	rTRD
Zm00001eb015400	rTRD
Zm00001eb144730	rTRD
Zm00001eb254510	rTRD
Zm00001eb095950	rTRD
Zm00001eb251340	rTRD
Zm00001eb107090	rTRD
Zm00001eb250010	rTRD
Zm00001eb387900	rTRD
Zm00001eb148190	rTRD
Zm00001eb288080	rTRD
Zm00001eb047640	rTRD
Zm00001eb154920	rTRD
Zm00001eb146140	rTRD
Zm00001eb131850	rTRD
Zm00001eb089100	rTRD
Zm00001eb236100	rTRD
Zm00001eb420160	rTRD
Zm00001eb234720	rTRD
Zm00001eb142260	rTRD
Zm00001eb348120	rTRD
Zm00001eb025150	rTRD
Zm00001eb310650	rTRD
Zm00001eb035450	rTRD
Zm00001eb063930	rTRD
Zm00001eb229800	rTRD
Zm00001eb056370	rTRD
Zm00001eb173160	rTRD
Zm00001eb031150	rTRD
Zm00001eb038890	rTRD
Zm00001eb347850	rTRD
Zm00001eb086140	rTRD
Zm00001eb178760	rTRD
Zm00001eb264240	rTRD
Zm00001eb227630	rTRD
Zm00001eb280650	rTRD
Zm00001eb160170	rTRD
Zm00001eb093800	rTRD
Zm00001eb229880	rTRD
Zm00001eb072790	rTRD
Zm00001eb345370	rTRD
Zm00001eb131570	rTRD
Zm00001eb372940	rTRD
Zm00001eb248020	rTRD
Zm00001eb227640	rTRD
Zm00001eb418600	rTRD
Zm00001eb180930	rTRD
Zm00001eb090620	rTRD
Zm00001eb053370	rTRD
Zm00001eb153650	rTRD
Zm00001eb242680	rTRD
Zm00001eb071610	rTRD
Zm00001eb320730	rTRD
Zm00001eb047570	rTRD
Zm00001eb316590	rTRD
Zm00001eb380720	rTRD
Zm00001eb386970	rTRD
Zm00001eb139220	rTRD
Zm00001eb300950	rTRD
Zm00001eb405010	rTRD
Zm00001eb177000	rTRD
Zm00001eb162050	rTRD
Zm00001eb433870	rTRD
Zm00001eb014930	rTRD
Zm00001eb198200	rTRD
Zm00001eb426130	rTRD
Zm00001eb270570	rTRD
Zm00001eb020400	rTRD
Zm00001eb097980	rTRD
Zm00001eb199520	rTRD
Zm00001eb225340	rTRD
Zm00001eb197900	rTRD
Zm00001eb153130	rTRD
Zm00001eb142000	rTRD
Zm00001eb326880	rTRD
Zm00001eb236120	rTRD
Zm00001eb242280	rTRD
Zm00001eb084190	rTRD
Zm00001eb237240	rTRD
Zm00001eb130310	rTRD
Zm00001eb195690	rTRD
Zm00001eb108660	rTRD
Zm00001eb176400	rTRD
Zm00001eb025740	rTRD
Zm00001eb367860	rTRD
Zm00001eb327600	rTRD
Zm00001eb277760	rTRD
Zm00001eb185460	rTRD
Zm00001eb065690	rTRD
Zm00001eb341140	rTRD
Zm00001eb353890	rTRD
Zm00001eb153490	rTRD
Zm00001eb066630	rTRD
Zm00001eb195530	rTRD
Zm00001eb309770	rTRD
Zm00001eb057850	rTRD
Zm00001eb402840	rTRD
Zm00001eb300860	rTRD
Zm00001eb432280	rTRD
Zm00001eb035150	rTRD
Zm00001eb065470	rTRD
Zm00001eb244880	rTRD
Zm00001eb128520	rTRD
Zm00001eb257930	rTRD
Zm00001eb182140	rTRD
Zm00001eb206160	rTRD
Zm00001eb005450	rTRD
Zm00001eb083820	rTRD
Zm00001eb415020	rTRD
Zm00001eb178450	rTRD
Zm00001eb349860	rTRD
Zm00001eb096090	rTRD
Zm00001eb305370	rTRD
Zm00001eb220100	rTRD
Zm00001eb329400	rTRD
Zm00001eb139970	rTRD
Zm00001eb317090	rTRD
Zm00001eb375210	rTRD
Zm00001eb073440	rTRD
Zm00001eb290290	rTRD
Zm00001eb164300	rTRD
Zm00001eb169730	rTRD
Zm00001eb415500	rTRD
Zm00001eb195070	rTRD
Zm00001eb324470	rTRD
Zm00001eb107020	rTRD
Zm00001eb025810	rTRD
Zm00001eb030760	rTRD
Zm00001eb379650	rTRD
Zm00001eb226440	rTRD
Zm00001eb380860	rTRD
Zm00001eb277280	rTRD
Zm00001eb335900	rTRD
Zm00001eb309480	rTRD
Zm00001eb387330	rTRD
Zm00001eb324900	rTRD
Zm00001eb287540	rTRD
Zm00001eb338850	rTRD
Zm00001eb001190	rTRD
Zm00001eb065320	rTRD
Zm00001eb152880	rTRD
Zm00001eb404540	rTRD
Zm00001eb083630	rTRD
Zm00001eb151980	rTRD
Zm00001eb317260	rTRD
Zm00001eb076400	rTRD
Zm00001eb042620	rTRD
Zm00001eb269420	rTRD
Zm00001eb070640	rTRD
Zm00001eb319810	rTRD
Zm00001eb190550	rTRD
Zm00001eb201050	rTRD
Zm00001eb093050	rTRD
Zm00001eb124400	rTRD
Zm00001eb267170	rTRD
Zm00001eb118170	rTRD
Zm00001eb365850	rTRD
Zm00001eb063900	rTRD
Zm00001eb375280	rTRD
Zm00001eb026480	rTRD
Zm00001eb306300	rTRD
Zm00001eb408930	rTRD
Zm00001eb061550	rTRD
Zm00001eb267080	rTRD
Zm00001eb143910	rTRD
Zm00001eb302540	rTRD
Zm00001eb094450	rTRD
Zm00001eb160540	rTRD
Zm00001eb017720	rTRD
Zm00001eb237320	rTRD
Zm00001eb414130	rTRD
Zm00001eb418740	rTRD
Zm00001eb195480	rTRD
Zm00001eb346860	rTRD
Zm00001eb249230	rTRD
Zm00001eb125420	rTRD
Zm00001eb344180	rTRD
Zm00001eb298670	rTRD
Zm00001eb345560	rTRD
Zm00001eb412180	rTRD
Zm00001eb022320	rTRD
Zm00001eb141250	rTRD
Zm00001eb332500	rTRD
Zm00001eb260550	rTRD
Zm00001eb056880	rTRD
Zm00001eb056020	rTRD
Zm00001eb072530	rTRD
Zm00001eb083330	rTRD
Zm00001eb324050	rTRD
Zm00001eb248970	rTRD
Zm00001eb079900	rTRD
Zm00001eb201170	rTRD
Zm00001eb060270	rTRD
Zm00001eb300170	rTRD
Zm00001eb434020	rTRD
Zm00001eb093570	rTRD
Zm00001eb123180	rTRD
Zm00001eb323770	rTRD
Zm00001eb259370	rTRD
Zm00001eb364060	rTRD
Zm00001eb327540	rTRD
Zm00001eb149700	rTRD
Zm00001eb237300	rTRD
Zm00001eb135930	rTRD
Zm00001eb154300	rTRD
Zm00001eb180570	rTRD
Zm00001eb174370	rTRD
Zm00001eb031640	rTRD
Zm00001eb260120	rTRD
Zm00001eb169490	rTRD
Zm00001eb283630	rTRD
Zm00001eb020670	rTRD
Zm00001eb186800	rTRD
Zm00001eb258830	rTRD
Zm00001eb076540	rTRD
Zm00001eb002100	rTRD
Zm00001eb002380	rTRD
Zm00001eb002850	rTRD
Zm00001eb004750	rTRD
Zm00001eb004770	rTRD
Zm00001eb005820	rTRD
Zm00001eb009080	rTRD
Zm00001eb013800	rTRD
Zm00001eb015270	rTRD
Zm00001eb021080	rTRD
Zm00001eb021530	rTRD
Zm00001eb022300	rTRD
Zm00001eb023300	rTRD
Zm00001eb024440	rTRD
Zm00001eb024640	rTRD
Zm00001eb028530	rTRD
Zm00001eb033640	rTRD
Zm00001eb035240	rTRD
Zm00001eb035360	rTRD
Zm00001eb035760	rTRD
Zm00001eb038910	rTRD
Zm00001eb045340	rTRD
Zm00001eb050140	rTRD
Zm00001eb056670	rTRD
Zm00001eb058150	rTRD
Zm00001eb060080	rTRD
Zm00001eb065570	rTRD
Zm00001eb067730	rTRD
Zm00001eb071590	rTRD
Zm00001eb072720	rTRD
Zm00001eb072800	rTRD
Zm00001eb074940	rTRD
Zm00001eb075120	rTRD
Zm00001eb075140	rTRD
Zm00001eb077140	rTRD
Zm00001eb082100	rTRD
Zm00001eb082810	rTRD
Zm00001eb082840	rTRD
Zm00001eb083880	rTRD
Zm00001eb084880	rTRD
Zm00001eb085170	rTRD
Zm00001eb085190	rTRD
Zm00001eb086450	rTRD
Zm00001eb089250	rTRD
Zm00001eb092000	rTRD
Zm00001eb094780	rTRD
Zm00001eb099020	rTRD
Zm00001eb102110	rTRD
Zm00001eb103430	rTRD
Zm00001eb111850	rTRD
Zm00001eb113580	rTRD
Zm00001eb117130	rTRD
Zm00001eb117860	rTRD
Zm00001eb118430	rTRD
Zm00001eb125150	rTRD
Zm00001eb128090	rTRD
Zm00001eb128250	rTRD
Zm00001eb130610	rTRD
Zm00001eb134140	rTRD
Zm00001eb135880	rTRD
Zm00001eb139280	rTRD
Zm00001eb140620	rTRD
Zm00001eb141960	rTRD
Zm00001eb142230	rTRD
Zm00001eb145350	rTRD
Zm00001eb145830	rTRD
Zm00001eb146040	rTRD
Zm00001eb147550	rTRD
Zm00001eb149490	rTRD
Zm00001eb150110	rTRD
Zm00001eb152690	rTRD
Zm00001eb153010	rTRD
Zm00001eb153250	rTRD
Zm00001eb153700	rTRD
Zm00001eb154250	rTRD
Zm00001eb154350	rTRD
Zm00001eb154760	rTRD
Zm00001eb155410	rTRD
Zm00001eb158690	rTRD
Zm00001eb161110	rTRD
Zm00001eb161180	rTRD
Zm00001eb162160	rTRD
Zm00001eb162760	rTRD
Zm00001eb164310	rTRD
Zm00001eb167070	rTRD
Zm00001eb169710	rTRD
Zm00001eb170110	rTRD
Zm00001eb170920	rTRD
Zm00001eb172080	rTRD
Zm00001eb173330	rTRD
Zm00001eb174600	rTRD
Zm00001eb176280	rTRD
Zm00001eb181260	rTRD
Zm00001eb181400	rTRD
Zm00001eb182460	rTRD
Zm00001eb183560	rTRD
Zm00001eb187080	rTRD
Zm00001eb187620	rTRD
Zm00001eb189280	rTRD
Zm00001eb189500	rTRD
Zm00001eb189540	rTRD
Zm00001eb189830	rTRD
Zm00001eb190560	rTRD
Zm00001eb192490	rTRD
Zm00001eb196250	rTRD
Zm00001eb196640	rTRD
Zm00001eb198950	rTRD
Zm00001eb200420	rTRD
Zm00001eb202970	rTRD
Zm00001eb204700	rTRD
Zm00001eb210490	rTRD
Zm00001eb214630	rTRD
Zm00001eb215720	rTRD
Zm00001eb217840	rTRD
Zm00001eb221700	rTRD
Zm00001eb221960	rTRD
Zm00001eb225160	rTRD
Zm00001eb225480	rTRD
Zm00001eb227000	rTRD
Zm00001eb232030	rTRD
Zm00001eb232690	rTRD
Zm00001eb232890	rTRD
Zm00001eb232990	rTRD
Zm00001eb234330	rTRD
Zm00001eb235240	rTRD
Zm00001eb235530	rTRD
Zm00001eb241960	rTRD
Zm00001eb242570	rTRD
Zm00001eb244120	rTRD
Zm00001eb247800	rTRD
Zm00001eb248530	rTRD
Zm00001eb250860	rTRD
Zm00001eb251130	rTRD
Zm00001eb266450	rTRD
Zm00001eb266540	rTRD
Zm00001eb266630	rTRD
Zm00001eb269370	rTRD
Zm00001eb269460	rTRD
Zm00001eb271880	rTRD
Zm00001eb272390	rTRD
Zm00001eb278750	rTRD
Zm00001eb280240	rTRD
Zm00001eb282320	rTRD
Zm00001eb284940	rTRD
Zm00001eb285340	rTRD
Zm00001eb286280	rTRD
Zm00001eb287040	rTRD
Zm00001eb288730	rTRD
Zm00001eb290140	rTRD
Zm00001eb290400	rTRD
Zm00001eb290840	rTRD
Zm00001eb291030	rTRD
Zm00001eb293980	rTRD
Zm00001eb295470	rTRD
Zm00001eb295550	rTRD
Zm00001eb297810	rTRD
Zm00001eb300100	rTRD
Zm00001eb300290	rTRD
Zm00001eb304390	rTRD
Zm00001eb306330	rTRD
Zm00001eb309030	rTRD
Zm00001eb309110	rTRD
Zm00001eb309790	rTRD
Zm00001eb310470	rTRD
Zm00001eb312000	rTRD
Zm00001eb313460	rTRD
Zm00001eb324340	rTRD
Zm00001eb324600	rTRD
Zm00001eb325020	rTRD
Zm00001eb327100	rTRD
Zm00001eb330300	rTRD
Zm00001eb337080	rTRD
Zm00001eb341630	rTRD
Zm00001eb342870	rTRD
Zm00001eb346570	rTRD
Zm00001eb349450	rTRD
Zm00001eb349790	rTRD
Zm00001eb350800	rTRD
Zm00001eb355270	rTRD
Zm00001eb357000	rTRD
Zm00001eb359150	rTRD
Zm00001eb362730	rTRD
Zm00001eb365770	rTRD
Zm00001eb368770	rTRD
Zm00001eb373430	rTRD
Zm00001eb373920	rTRD
Zm00001eb374520	rTRD
Zm00001eb375290	rTRD
Zm00001eb377810	rTRD
Zm00001eb379590	rTRD
Zm00001eb380170	rTRD
Zm00001eb385990	rTRD
Zm00001eb389260	rTRD
Zm00001eb394430	rTRD
Zm00001eb394660	rTRD
Zm00001eb395180	rTRD
Zm00001eb397420	rTRD
Zm00001eb397690	rTRD
Zm00001eb399120	rTRD
Zm00001eb405990	rTRD
Zm00001eb407150	rTRD
Zm00001eb407700	rTRD
Zm00001eb410920	rTRD
Zm00001eb410980	rTRD
Zm00001eb411350	rTRD
Zm00001eb417450	rTRD
Zm00001eb418220	rTRD
Zm00001eb419280	rTRD
Zm00001eb420230	rTRD
Zm00001eb422810	rTRD
Zm00001eb424980	rTRD
Zm00001eb426490	rTRD
Zm00001eb428570	rTRD
Zm00001eb432540	rTRD
Zm00001eb433190	rTRD
Zm00001eb434000	rTRD
Zm00001eb434360	rTRD
Zm00001eb024960	dTRD
Zm00001eb123990	dTRD
Zm00001eb413460	dTRD
Zm00001eb273320	dTRD
Zm00001eb354300	dTRD
Zm00001eb062980	dTRD
Zm00001eb285800	dTRD
Zm00001eb236140	dTRD
Zm00001eb097160	dTRD
Zm00001eb152900	dTRD
Zm00001eb259590	dTRD
Zm00001eb238590	dTRD
Zm00001eb268200	dTRD
Zm00001eb268220	dTRD
Zm00001eb259580	dTRD
Zm00001eb259620	dTRD
Zm00001eb157150	dTRD
Zm00001eb001430	dTRD
Zm00001eb026200	dTRD
Zm00001eb268230	dTRD
Zm00001eb268240	dTRD
Zm00001eb259600	dTRD
Zm00001eb012320	dTRD
Zm00001eb190570	dTRD
Zm00001eb187630	dTRD
Zm00001eb194140	dTRD
Zm00001eb117460	dTRD
Zm00001eb278770	dTRD
Zm00001eb173680	dTRD
Zm00001eb414870	dTRD
Zm00001eb093060	dTRD
Zm00001eb231720	dTRD
Zm00001eb267160	dTRD
Zm00001eb408070	dTRD
Zm00001eb152410	dTRD
Zm00001eb025180	dTRD
Zm00001eb321000	dTRD
Zm00001eb142220	dTRD
Zm00001eb325330	dTRD
Zm00001eb257630	dTRD
Zm00001eb300050	dTRD
Zm00001eb056920	dTRD
Zm00001eb242490	dTRD
Zm00001eb095410	dTRD
Zm00001eb178810	dTRD
Zm00001eb384070	dTRD
Zm00001eb139770	dTRD
Zm00001eb047990	dTRD
Zm00001eb145840	dTRD
Zm00001eb210900	dTRD
Zm00001eb054000	dTRD
Zm00001eb256650	dTRD
Zm00001eb415010	dTRD
Zm00001eb282010	dTRD
Zm00001eb399440	dTRD
Zm00001eb015020	dTRD
Zm00001eb409120	dTRD
Zm00001eb301600	dTRD
Zm00001eb153920	dTRD
Zm00001eb050720	dTRD
Zm00001eb199150	dTRD
Zm00001eb030570	dTRD
Zm00001eb252190	dTRD
Zm00001eb394290	dTRD
Zm00001eb017800	dTRD
Zm00001eb290900	dTRD
Zm00001eb329730	dTRD
Zm00001eb408850	dTRD
Zm00001eb072740	dTRD
Zm00001eb058720	dTRD
Zm00001eb080640	dTRD
Zm00001eb326130	dTRD
Zm00001eb254040	dTRD
Zm00001eb041740	dTRD
Zm00001eb297410	dTRD
Zm00001eb161200	dTRD
Zm00001eb283680	dTRD
Zm00001eb027580	dTRD
Zm00001eb420100	dTRD
Zm00001eb176200	dTRD
Zm00001eb274050	dTRD
Zm00001eb160460	dTRD
Zm00001eb145850	dTRD
Zm00001eb119420	dTRD
Zm00001eb047750	dTRD
Zm00001eb142060	dTRD
Zm00001eb075840	dTRD
Zm00001eb004550	dTRD
Zm00001eb192170	dTRD
Zm00001eb155220	dTRD
Zm00001eb047000	dTRD
Zm00001eb306020	dTRD
Zm00001eb242620	dTRD
Zm00001eb125360	dTRD
Zm00001eb124420	dTRD
Zm00001eb317030	dTRD
Zm00001eb023250	dTRD
Zm00001eb113870	dTRD
Zm00001eb217630	dTRD
Zm00001eb303980	dTRD
Zm00001eb278210	dTRD
Zm00001eb310370	dTRD
Zm00001eb284700	dTRD
Zm00001eb256540	dTRD
Zm00001eb419890	dTRD
Zm00001eb201680	dTRD
Zm00001eb085600	dTRD
Zm00001eb244670	dTRD
Zm00001eb294060	dTRD
Zm00001eb294070	dTRD
Zm00001eb053560	dTRD
Zm00001eb248700	dTRD
Zm00001eb400030	dTRD
Zm00001eb252160	dTRD
Zm00001eb119900	dTRD
Zm00001eb297970	dTRD
Zm00001eb335670	dTRD
Zm00001eb385320	dTRD
Zm00001eb354520	dTRD
Zm00001eb144440	dTRD
Zm00001eb279900	dTRD
Zm00001eb378340	dTRD
Zm00001eb219240	dTRD
Zm00001eb284460	dTRD
Zm00001eb318160	dTRD
Zm00001eb362210	dTRD
Zm00001eb328560	dTRD
Zm00001eb063350	dTRD
Zm00001eb054100	dTRD
Zm00001eb049880	dTRD
Zm00001eb249010	dTRD
Zm00001eb426480	dTRD
Zm00001eb139740	dTRD
Zm00001eb136460	dTRD
Zm00001eb289340	dTRD
Zm00001eb388990	dTRD
Zm00001eb167750	dTRD
Zm00001eb038440	dTRD
Zm00001eb431770	dTRD
Zm00001eb056090	dTRD
Zm00001eb362330	dTRD
Zm00001eb137540	dTRD
Zm00001eb047980	dTRD
Zm00001eb250610	dTRD
Zm00001eb288300	dTRD
Zm00001eb151100	dTRD
Zm00001eb354500	dTRD
Zm00001eb061500	dTRD
Zm00001eb095040	dTRD
Zm00001eb376640	dTRD
Zm00001eb270940	dTRD
Zm00001eb075560	dTRD
Zm00001eb111940	dTRD
Zm00001eb290130	dTRD
Zm00001eb286460	dTRD
Zm00001eb120360	dTRD
Zm00001eb132630	dTRD
Zm00001eb169400	dTRD
Zm00001eb239670	dTRD
Zm00001eb262780	dTRD
Zm00001eb123380	dTRD
Zm00001eb062310	dTRD
Zm00001eb338300	dTRD
Zm00001eb282780	dTRD
Zm00001eb084370	dTRD
Zm00001eb170400	dTRD
Zm00001eb326350	dTRD
Zm00001eb372980	dTRD
Zm00001eb080260	dTRD
Zm00001eb122340	dTRD
Zm00001eb165280	dTRD
Zm00001eb020440	dTRD
Zm00001eb028330	dTRD
Zm00001eb165260	dTRD
Zm00001eb127660	dTRD
Zm00001eb285980	dTRD
Zm00001eb095400	dTRD
Zm00001eb118820	dTRD
Zm00001eb340190	dTRD
Zm00001eb331360	dTRD
Zm00001eb396310	dTRD
Zm00001eb373150	dTRD
Zm00001eb004690	dTRD
Zm00001eb271490	dTRD
Zm00001eb377860	dTRD
Zm00001eb341860	dTRD
Zm00001eb025310	dTRD
Zm00001eb215620	dTRD
Zm00001eb248240	dTRD
Zm00001eb394960	dTRD
Zm00001eb415650	dTRD
Zm00001eb215820	dTRD
Zm00001eb055800	dTRD
Zm00001eb421080	dTRD
Zm00001eb299260	dTRD
Zm00001eb413310	dTRD
Zm00001eb157640	dTRD
Zm00001eb168500	dTRD
Zm00001eb183080	dTRD
Zm00001eb120110	dTRD
Zm00001eb273230	dTRD
Zm00001eb056900	dTRD
Zm00001eb149950	dTRD
Zm00001eb369130	dTRD
Zm00001eb324570	dTRD
Zm00001eb150150	dTRD
Zm00001eb202630	dTRD
Zm00001eb405590	dTRD
Zm00001eb334160	dTRD
Zm00001eb145990	dTRD
Zm00001eb412430	dTRD
Zm00001eb037030	dTRD
Zm00001eb279330	dTRD
Zm00001eb169790	dTRD
Zm00001eb073980	dTRD
Zm00001eb180220	dTRD
Zm00001eb138670	dTRD
Zm00001eb000070	dTRD
Zm00001eb078250	dTRD
Zm00001eb055630	dTRD
Zm00001eb404690	dTRD
Zm00001eb087260	dTRD
Zm00001eb345840	dTRD
Zm00001eb405650	dTRD
Zm00001eb338910	dTRD
Zm00001eb146330	dTRD
Zm00001eb141360	dTRD
Zm00001eb113730	dTRD
Zm00001eb224050	dTRD
Zm00001eb286720	dTRD
Zm00001eb297340	dTRD
Zm00001eb211090	dTRD
Zm00001eb090410	dTRD
Zm00001eb285290	dTRD
Zm00001eb141920	dTRD
Zm00001eb036970	dTRD
Zm00001eb319250	dTRD
Zm00001eb117420	dTRD
Zm00001eb119970	dTRD
Zm00001eb251690	dTRD
Zm00001eb041370	dTRD
Zm00001eb251980	dTRD
Zm00001eb386300	dTRD
Zm00001eb323840	dTRD
Zm00001eb194260	dTRD
Zm00001eb252680	dTRD
Zm00001eb367410	dTRD
Zm00001eb257310	dTRD
Zm00001eb034870	dTRD
Zm00001eb329060	dTRD
Zm00001eb266640	dTRD
Zm00001eb095530	dTRD
Zm00001eb274870	dTRD
Zm00001eb230280	dTRD
Zm00001eb085530	dTRD
Zm00001eb331110	dTRD
Zm00001eb309340	dTRD
Zm00001eb296970	dTRD
Zm00001eb005300	dTRD
Zm00001eb331070	dTRD
Zm00001eb147420	dTRD
Zm00001eb320750	dTRD
Zm00001eb023780	dTRD
Zm00001eb045540	dTRD
Zm00001eb060230	dTRD
Zm00001eb402950	dTRD
Zm00001eb032370	dTRD
Zm00001eb158680	dTRD
Zm00001eb350970	dTRD
Zm00001eb132150	dTRD
Zm00001eb303290	dTRD
Zm00001eb031760	dTRD
Zm00001eb347440	dTRD
Zm00001eb030980	dTRD
Zm00001eb218890	dTRD
Zm00001eb126510	dTRD
Zm00001eb052130	dTRD
Zm00001eb157810	dTRD
Zm00001eb188350	dTRD
Zm00001eb208770	dTRD
Zm00001eb414050	dTRD
Zm00001eb298620	dTRD
Zm00001eb191000	dTRD
Zm00001eb117590	dTRD
Zm00001eb010940	dTRD
Zm00001eb270860	dTRD
Zm00001eb059240	dTRD
Zm00001eb317140	dTRD
Zm00001eb066030	dTRD
Zm00001eb067560	dTRD
Zm00001eb145110	dTRD
Zm00001eb145050	dTRD
Zm00001eb246710	dTRD
Zm00001eb007830	dTRD
Zm00001eb301210	dTRD
Zm00001eb154360	dTRD
Zm00001eb008440	dTRD
Zm00001eb417670	dTRD
Zm00001eb389990	dTRD
Zm00001eb274240	dTRD
Zm00001eb254150	dTRD
Zm00001eb149000	dTRD
Zm00001eb378460	dTRD
Zm00001eb144490	dTRD
Zm00001eb428440	dTRD
Zm00001eb268250	dTRD
Zm00001eb198070	dTRD
Zm00001eb389820	dTRD
Zm00001eb223080	dTRD
Zm00001eb230840	dTRD
Zm00001eb308940	dTRD
Zm00001eb210160	dTRD
Zm00001eb034120	dTRD
Zm00001eb356200	dTRD
Zm00001eb301570	dTRD
Zm00001eb346050	dTRD
Zm00001eb284510	dTRD
Zm00001eb173210	dTRD
Zm00001eb383640	dTRD
Zm00001eb245690	dTRD
Zm00001eb110930	dTRD
Zm00001eb301170	dTRD
Zm00001eb151780	dTRD
Zm00001eb067640	dTRD
Zm00001eb121060	dTRD
Zm00001eb242690	dTRD
Zm00001eb326870	dTRD
Zm00001eb031280	dTRD
Zm00001eb031110	dTRD
Zm00001eb417510	dTRD
Zm00001eb101270	dTRD
Zm00001eb313310	dTRD
Zm00001eb182720	dTRD
Zm00001eb005270	dTRD
Zm00001eb433730	dTRD
Zm00001eb090350	dTRD
Zm00001eb132610	dTRD
Zm00001eb411730	dTRD
Zm00001eb144450	dTRD
Zm00001eb106730	dTRD
Zm00001eb080970	dTRD
Zm00001eb135910	dTRD
Zm00001eb428370	dTRD
Zm00001eb281290	dTRD
Zm00001eb173650	dTRD
Zm00001eb230800	dTRD
Zm00001eb404380	dTRD
Zm00001eb071800	dTRD
Zm00001eb166690	dTRD
Zm00001eb329860	dTRD
Zm00001eb215730	dTRD
Zm00001eb015310	dTRD
Zm00001eb232310	dTRD
Zm00001eb300510	dTRD
Zm00001eb255600	dTRD
Zm00001eb210120	dTRD
Zm00001eb289550	dTRD
Zm00001eb252250	dTRD
Zm00001eb229170	dTRD
Zm00001eb215520	dTRD
Zm00001eb305380	dTRD
Zm00001eb083890	dTRD
Zm00001eb052500	dTRD
Zm00001eb085240	dTRD
Zm00001eb198830	dTRD
Zm00001eb198250	dTRD
Zm00001eb163550	dTRD
Zm00001eb084130	dTRD
Zm00001eb185370	dTRD
Zm00001eb035160	dTRD
Zm00001eb129670	dTRD
Zm00001eb124490	dTRD
Zm00001eb268040	dTRD
Zm00001eb070410	dTRD
Zm00001eb256820	dTRD
Zm00001eb378640	dTRD
Zm00001eb319350	dTRD
Zm00001eb036560	dTRD
Zm00001eb180290	dTRD
Zm00001eb274940	dTRD
Zm00001eb352840	dTRD
Zm00001eb292450	dTRD
Zm00001eb164400	dTRD
Zm00001eb040330	dTRD
Zm00001eb266040	dTRD
Zm00001eb381090	dTRD
Zm00001eb266030	dTRD
Zm00001eb226430	dTRD
Zm00001eb317060	dTRD
Zm00001eb190960	dTRD
Zm00001eb047780	dTRD
Zm00001eb007780	dTRD
Zm00001eb252110	dTRD
Zm00001eb082070	dTRD
Zm00001eb170330	dTRD
Zm00001eb188060	dTRD
Zm00001eb100250	dTRD
Zm00001eb282440	dTRD
Zm00001eb434030	dTRD
Zm00001eb317040	dTRD
Zm00001eb289880	dTRD
Zm00001eb375130	dTRD
Zm00001eb073730	dTRD
Zm00001eb126670	dTRD
Zm00001eb107080	dTRD
Zm00001eb126660	dTRD
Zm00001eb168620	dTRD
Zm00001eb313020	dTRD
Zm00001eb144560	dTRD
Zm00001eb319060	dTRD
Zm00001eb356560	dTRD
Zm00001eb134560	dTRD
Zm00001eb340320	dTRD
Zm00001eb081350	dTRD
Zm00001eb021220	dTRD
Zm00001eb162170	dTRD
Zm00001eb095050	dTRD
Zm00001eb144260	dTRD
Zm00001eb038420	dTRD
Zm00001eb178030	dTRD
Zm00001eb281580	dTRD
Zm00001eb411880	dTRD
Zm00001eb356040	dTRD
Zm00001eb330650	dTRD
Zm00001eb377000	dTRD
Zm00001eb195510	dTRD
Zm00001eb094000	dTRD
Zm00001eb042470	dTRD
Zm00001eb332140	dTRD
Zm00001eb337970	dTRD
Zm00001eb117360	dTRD
Zm00001eb197740	dTRD
Zm00001eb259100	dTRD
Zm00001eb037000	dTRD
Zm00001eb117640	dTRD
Zm00001eb104930	dTRD
Zm00001eb269560	dTRD
Zm00001eb220220	dTRD
Zm00001eb357690	dTRD
Zm00001eb077890	dTRD
Zm00001eb218580	dTRD
Zm00001eb390550	dTRD
Zm00001eb153020	dTRD
Zm00001eb149520	dTRD
Zm00001eb148300	dTRD
Zm00001eb386270	dTRD
Zm00001eb380550	dTRD
Zm00001eb180610	dTRD
Zm00001eb336320	dTRD
Zm00001eb107580	dTRD
Zm00001eb340880	dTRD
Zm00001eb293140	dTRD
Zm00001eb054330	dTRD
Zm00001eb103660	dTRD
Zm00001eb282660	dTRD
Zm00001eb289840	dTRD
Zm00001eb017140	dTRD
Zm00001eb314410	dTRD
Zm00001eb117100	dTRD
Zm00001eb213970	dTRD
Zm00001eb375660	dTRD
Zm00001eb051490	dTRD
Zm00001eb363090	dTRD
Zm00001eb008410	dTRD
Zm00001eb301580	dTRD
Zm00001eb191100	dTRD
Zm00001eb287420	dTRD
Zm00001eb301160	dTRD
Zm00001eb214900	dTRD
Zm00001eb047610	dTRD
Zm00001eb334330	dTRD
Zm00001eb361440	dTRD
Zm00001eb297350	dTRD
Zm00001eb042830	dTRD
Zm00001eb110610	dTRD
Zm00001eb212700	dTRD
Zm00001eb072830	dTRD
Zm00001eb009810	dTRD
Zm00001eb057410	dTRD
Zm00001eb214840	dTRD
Zm00001eb089420	dTRD
Zm00001eb076670	dTRD
Zm00001eb127010	dTRD
Zm00001eb220010	dTRD
Zm00001eb297280	dTRD
Zm00001eb128290	dTRD
Zm00001eb284490	dTRD
Zm00001eb299520	dTRD
Zm00001eb276120	dTRD
Zm00001eb208130	dTRD
Zm00001eb141580	dTRD
Zm00001eb411110	dTRD
Zm00001eb355420	dTRD
Zm00001eb260460	dTRD
Zm00001eb146060	dTRD
Zm00001eb061030	dTRD
Zm00001eb003090	dTRD
Zm00001eb082780	dTRD
Zm00001eb274990	dTRD
Zm00001eb388680	dTRD
Zm00001eb082770	dTRD
Zm00001eb078200	dTRD
Zm00001eb237440	dTRD
Zm00001eb169310	dTRD
Zm00001eb090370	dTRD
Zm00001eb135550	dTRD
Zm00001eb319470	dTRD
Zm00001eb258220	dTRD
Zm00001eb089000	dTRD
Zm00001eb123290	dTRD
Zm00001eb011870	dTRD
Zm00001eb423250	dTRD
Zm00001eb223740	dTRD
Zm00001eb402870	dTRD
Zm00001eb131030	dTRD
Zm00001eb082620	dTRD
Zm00001eb229120	dTRD
Zm00001eb005770	dTRD
Zm00001eb367460	dTRD
Zm00001eb013420	dTRD
Zm00001eb402910	dTRD
Zm00001eb066500	dTRD
Zm00001eb314690	dTRD
Zm00001eb225950	dTRD
Zm00001eb174520	dTRD
Zm00001eb329680	dTRD
Zm00001eb144510	dTRD
Zm00001eb173930	dTRD
Zm00001eb161800	dTRD
Zm00001eb091890	dTRD
Zm00001eb345630	dTRD
Zm00001eb018130	dTRD
Zm00001eb106600	dTRD
Zm00001eb404330	dTRD
Zm00001eb379790	dTRD
Zm00001eb258360	dTRD
Zm00001eb213280	dTRD
Zm00001eb132720	dTRD
Zm00001eb213260	dTRD
Zm00001eb056010	dTRD
Zm00001eb403330	dTRD
Zm00001eb015430	dTRD
Zm00001eb162300	dTRD
Zm00001eb009410	dTRD
Zm00001eb283470	dTRD
Zm00001eb241300	dTRD
Zm00001eb180760	dTRD
Zm00001eb031210	dTRD
Zm00001eb119340	dTRD
Zm00001eb378280	dTRD
Zm00001eb167670	dTRD
Zm00001eb131080	dTRD
Zm00001eb011760	dTRD
Zm00001eb195640	dTRD
Zm00001eb321740	dTRD
Zm00001eb325120	dTRD
Zm00001eb272970	dTRD
Zm00001eb011670	dTRD
Zm00001eb251960	dTRD
Zm00001eb425540	dTRD
Zm00001eb091470	dTRD
Zm00001eb173140	dTRD
Zm00001eb198690	dTRD
Zm00001eb318830	dTRD
Zm00001eb426210	dTRD
Zm00001eb306640	dTRD
Zm00001eb356380	dTRD
Zm00001eb297920	dTRD
Zm00001eb168480	dTRD
Zm00001eb161290	dTRD
Zm00001eb154620	dTRD
Zm00001eb326970	dTRD
Zm00001eb104630	dTRD
Zm00001eb143690	dTRD
Zm00001eb140270	dTRD
Zm00001eb152990	dTRD
Zm00001eb293760	dTRD
Zm00001eb146870	dTRD
Zm00001eb431430	dTRD
Zm00001eb069570	dTRD
Zm00001eb138840	dTRD
Zm00001eb051190	dTRD
Zm00001eb147830	dTRD
Zm00001eb183620	dTRD
Zm00001eb334350	dTRD
Zm00001eb165320	dTRD
Zm00001eb309980	dTRD
Zm00001eb240150	dTRD
Zm00001eb157370	dTRD
Zm00001eb345680	dTRD
Zm00001eb037340	dTRD
Zm00001eb214140	dTRD
Zm00001eb246690	dTRD
Zm00001eb307880	dTRD
Zm00001eb002300	dTRD
Zm00001eb231990	dTRD
Zm00001eb247080	dTRD
Zm00001eb044980	dTRD
Zm00001eb300350	dTRD
Zm00001eb134530	dTRD
Zm00001eb125450	dTRD
Zm00001eb256480	dTRD
Zm00001eb197940	dTRD
Zm00001eb015840	dTRD
Zm00001eb037520	dTRD
Zm00001eb066010	dTRD
Zm00001eb023350	dTRD
Zm00001eb057000	dTRD
Zm00001eb183610	dTRD
Zm00001eb063430	dTRD
Zm00001eb345880	dTRD
Zm00001eb083420	dTRD
Zm00001eb350710	dTRD
Zm00001eb430470	dTRD
Zm00001eb254180	dTRD
Zm00001eb370020	dTRD
Zm00001eb387450	dTRD
Zm00001eb389240	dTRD
Zm00001eb383260	dTRD
Zm00001eb025050	dTRD
Zm00001eb339220	dTRD
Zm00001eb233610	dTRD
Zm00001eb049270	dTRD
Zm00001eb221990	dTRD
Zm00001eb086280	dTRD
Zm00001eb079830	dTRD
Zm00001eb059210	dTRD
Zm00001eb411500	dTRD
Zm00001eb027750	dTRD
Zm00001eb039710	dTRD
Zm00001eb253040	dTRD
Zm00001eb022760	dTRD
Zm00001eb406080	dTRD
Zm00001eb285640	dTRD
Zm00001eb119290	dTRD
Zm00001eb232970	dTRD
Zm00001eb388080	dTRD
Zm00001eb055950	dTRD
Zm00001eb118730	dTRD
Zm00001eb025460	dTRD
Zm00001eb094330	dTRD
Zm00001eb321010	dTRD
Zm00001eb056940	dTRD
Zm00001eb000220	dTRD
Zm00001eb404670	dTRD
Zm00001eb021890	dTRD
Zm00001eb199650	dTRD
Zm00001eb427780	dTRD
Zm00001eb042640	dTRD
Zm00001eb104980	dTRD
Zm00001eb185000	dTRD
Zm00001eb287520	dTRD
Zm00001eb023840	dTRD
Zm00001eb303410	dTRD
Zm00001eb378440	dTRD
Zm00001eb192360	dTRD
Zm00001eb427850	dTRD
Zm00001eb169680	dTRD
Zm00001eb433960	dTRD
Zm00001eb286210	dTRD
Zm00001eb211520	dTRD
Zm00001eb225000	dTRD
Zm00001eb380640	dTRD
Zm00001eb300310	dTRD
Zm00001eb082830	dTRD
Zm00001eb059160	dTRD
Zm00001eb002220	dTRD
Zm00001eb405030	dTRD
Zm00001eb042960	dTRD
Zm00001eb178220	dTRD
Zm00001eb426890	dTRD
Zm00001eb079790	dTRD
Zm00001eb298190	dTRD
Zm00001eb041710	dTRD
Zm00001eb053840	dTRD
Zm00001eb321030	dTRD
Zm00001eb016630	dTRD
Zm00001eb297400	dTRD
Zm00001eb185250	dTRD
Zm00001eb257640	dTRD
Zm00001eb275050	dTRD
Zm00001eb320520	dTRD
Zm00001eb009730	dTRD
Zm00001eb024700	dTRD
Zm00001eb174560	dTRD
Zm00001eb035010	dTRD
Zm00001eb005920	dTRD
Zm00001eb056810	dTRD
Zm00001eb118970	dTRD
Zm00001eb170950	dTRD
Zm00001eb112180	dTRD
Zm00001eb277160	dTRD
Zm00001eb424840	dTRD
Zm00001eb076220	dTRD
Zm00001eb174410	dTRD
Zm00001eb024580	dTRD
Zm00001eb063870	dTRD
Zm00001eb170810	dTRD
Zm00001eb403460	dTRD
Zm00001eb091850	dTRD
Zm00001eb153030	dTRD
Zm00001eb073740	dTRD
Zm00001eb240790	dTRD
Zm00001eb164080	dTRD
Zm00001eb089380	dTRD
Zm00001eb407120	dTRD
Zm00001eb012660	dTRD
Zm00001eb177560	dTRD
Zm00001eb357830	dTRD
Zm00001eb181270	dTRD
Zm00001eb288530	dTRD
Zm00001eb334880	dTRD
Zm00001eb183800	dTRD
Zm00001eb168200	dTRD
Zm00001eb346140	dTRD
Zm00001eb363610	dTRD
Zm00001eb311650	dTRD
Zm00001eb016610	dTRD
Zm00001eb323120	dTRD
Zm00001eb242330	dTRD
Zm00001eb231170	dTRD
Zm00001eb210360	dTRD
Zm00001eb414830	dTRD
Zm00001eb402060	dTRD
Zm00001eb168520	dTRD
Zm00001eb354200	dTRD
Zm00001eb127860	dTRD
Zm00001eb098860	dTRD
Zm00001eb013010	dTRD
Zm00001eb351010	dTRD
Zm00001eb421800	dTRD
Zm00001eb243700	dTRD
Zm00001eb049890	dTRD
Zm00001eb020020	dTRD
Zm00001eb090170	dTRD
Zm00001eb326920	dTRD
Zm00001eb232020	dTRD
Zm00001eb031330	dTRD
Zm00001eb366330	dTRD
Zm00001eb015390	dTRD
Zm00001eb191130	dTRD
Zm00001eb250580	dTRD
Zm00001eb004710	dTRD
Zm00001eb035260	dTRD
Zm00001eb100920	dTRD
Zm00001eb415580	dTRD
Zm00001eb002260	dTRD
Zm00001eb287590	dTRD
Zm00001eb388460	dTRD
Zm00001eb378590	dTRD
Zm00001eb169930	dTRD
Zm00001eb043330	dTRD
Zm00001eb122160	dTRD
Zm00001eb388270	dTRD
Zm00001eb142510	dTRD
Zm00001eb084530	dTRD
Zm00001eb226870	dTRD
Zm00001eb082890	dTRD
Zm00001eb433800	dTRD
Zm00001eb075060	dTRD
Zm00001eb260510	dTRD
Zm00001eb316700	dTRD
Zm00001eb363890	dTRD
Zm00001eb160760	dTRD
Zm00001eb007820	dTRD
Zm00001eb340490	dTRD
Zm00001eb054160	dTRD
Zm00001eb257060	dTRD
Zm00001eb040320	dTRD
Zm00001eb311740	dTRD
Zm00001eb082590	dTRD
Zm00001eb104570	dTRD
Zm00001eb239580	dTRD
Zm00001eb410930	dTRD
Zm00001eb321200	dTRD
Zm00001eb236380	dTRD
Zm00001eb082910	dTRD
Zm00001eb241870	dTRD
Zm00001eb261860	dTRD
Zm00001eb151900	dTRD
Zm00001eb126560	dTRD
Zm00001eb246670	dTRD
Zm00001eb191080	dTRD
Zm00001eb007570	dTRD
Zm00001eb259890	dTRD
Zm00001eb211370	dTRD
Zm00001eb374660	dTRD
Zm00001eb118520	dTRD
Zm00001eb186470	dTRD
Zm00001eb045710	dTRD
Zm00001eb031860	dTRD
Zm00001eb224240	dTRD
Zm00001eb209810	dTRD
Zm00001eb204300	dTRD
Zm00001eb100450	dTRD
Zm00001eb164560	dTRD
Zm00001eb397240	dTRD
Zm00001eb082970	dTRD
Zm00001eb321140	dTRD
Zm00001eb002490	dTRD
Zm00001eb015850	dTRD
Zm00001eb259030	dTRD
Zm00001eb122180	dTRD
Zm00001eb065920	dTRD
Zm00001eb247580	dTRD
Zm00001eb414520	dTRD
Zm00001eb132240	dTRD
Zm00001eb269440	dTRD
Zm00001eb400760	dTRD
Zm00001eb318920	dTRD
Zm00001eb113360	dTRD
Zm00001eb055640	dTRD
Zm00001eb328680	dTRD
Zm00001eb006620	dTRD
Zm00001eb411230	dTRD
Zm00001eb139430	dTRD
Zm00001eb353700	dTRD
Zm00001eb094770	dTRD
Zm00001eb145760	dTRD
Zm00001eb170980	dTRD
Zm00001eb206710	dTRD
Zm00001eb320560	dTRD
Zm00001eb092830	dTRD
Zm00001eb230910	dTRD
Zm00001eb093950	dTRD
Zm00001eb129350	dTRD
Zm00001eb349390	dTRD
Zm00001eb056850	dTRD
Zm00001eb045660	dTRD
Zm00001eb363910	dTRD
Zm00001eb351980	dTRD
Zm00001eb292970	dTRD
Zm00001eb110390	dTRD
Zm00001eb145100	dTRD
Zm00001eb432320	dTRD
Zm00001eb330350	dTRD
Zm00001eb252400	dTRD
Zm00001eb215810	dTRD
Zm00001eb417320	dTRD
Zm00001eb056080	dTRD
Zm00001eb289210	dTRD
Zm00001eb301250	dTRD
Zm00001eb114330	dTRD
Zm00001eb308660	dTRD
Zm00001eb171000	dTRD
Zm00001eb218220	dTRD
Zm00001eb386130	dTRD
Zm00001eb269840	dTRD
Zm00001eb128530	dTRD
Zm00001eb293800	dTRD
Zm00001eb137880	dTRD
Zm00001eb408670	dTRD
Zm00001eb132880	dTRD
Zm00001eb151920	dTRD
Zm00001eb334790	dTRD
Zm00001eb104290	dTRD
Zm00001eb256880	dTRD
Zm00001eb302200	dTRD
Zm00001eb429270	dTRD
Zm00001eb200350	dTRD
Zm00001eb025710	dTRD
Zm00001eb324830	dTRD
Zm00001eb429030	dTRD
Zm00001eb073330	dTRD
Zm00001eb392810	dTRD
Zm00001eb120010	dTRD
Zm00001eb215850	dTRD
Zm00001eb025190	dTRD
Zm00001eb370830	dTRD
Zm00001eb382460	dTRD
Zm00001eb255580	dTRD
Zm00001eb237500	dTRD
Zm00001eb303250	dTRD
Zm00001eb286660	dTRD
Zm00001eb299750	dTRD
Zm00001eb284910	dTRD
Zm00001eb237460	dTRD
Zm00001eb050770	dTRD
Zm00001eb109820	dTRD
Zm00001eb159380	dTRD
Zm00001eb154090	dTRD
Zm00001eb422420	dTRD
Zm00001eb089220	dTRD
Zm00001eb285130	dTRD
Zm00001eb233390	dTRD
Zm00001eb291090	dTRD
Zm00001eb282210	dTRD
Zm00001eb123570	dTRD
Zm00001eb158210	dTRD
Zm00001eb397010	dTRD
Zm00001eb199640	dTRD
Zm00001eb246410	dTRD
Zm00001eb270110	dTRD
Zm00001eb087500	dTRD
Zm00001eb073040	dTRD
Zm00001eb311690	dTRD
Zm00001eb282260	dTRD
Zm00001eb238560	dTRD
Zm00001eb328610	dTRD
Zm00001eb349370	dTRD
Zm00001eb154370	dTRD
Zm00001eb174380	dTRD
Zm00001eb424620	dTRD
Zm00001eb040430	dTRD
Zm00001eb185500	dTRD
Zm00001eb095460	dTRD
Zm00001eb350030	dTRD
Zm00001eb154520	dTRD
Zm00001eb239550	dTRD
Zm00001eb090870	dTRD
Zm00001eb350000	dTRD
Zm00001eb154490	dTRD
Zm00001eb285890	dTRD
Zm00001eb137080	dTRD
Zm00001eb169830	dTRD
Zm00001eb143650	dTRD
Zm00001eb337600	dTRD
Zm00001eb312280	dTRD
Zm00001eb043310	dTRD
Zm00001eb203190	dTRD
Zm00001eb015680	dTRD
Zm00001eb257610	dTRD
Zm00001eb015770	dTRD
Zm00001eb146490	dTRD
Zm00001eb367890	dTRD
Zm00001eb346020	dTRD
Zm00001eb353980	dTRD
Zm00001eb206740	dTRD
Zm00001eb073360	dTRD
Zm00001eb357260	dTRD
Zm00001eb066260	dTRD
Zm00001eb419170	dTRD
Zm00001eb099770	dTRD
Zm00001eb092850	dTRD
Zm00001eb068440	dTRD
Zm00001eb361320	dTRD
Zm00001eb325180	dTRD
Zm00001eb311910	dTRD
Zm00001eb333050	dTRD
Zm00001eb148620	dTRD
Zm00001eb009890	dTRD
Zm00001eb051620	dTRD
Zm00001eb068120	dTRD
Zm00001eb043930	dTRD
Zm00001eb230120	dTRD
Zm00001eb014760	dTRD
Zm00001eb319090	dTRD
Zm00001eb334290	dTRD
Zm00001eb149720	dTRD
Zm00001eb320680	dTRD
Zm00001eb324970	dTRD
Zm00001eb056540	dTRD
Zm00001eb359210	dTRD
Zm00001eb149460	dTRD
Zm00001eb016570	dTRD
Zm00001eb194240	dTRD
Zm00001eb380650	dTRD
Zm00001eb163510	dTRD
Zm00001eb301380	dTRD
Zm00001eb287560	dTRD
Zm00001eb321920	dTRD
Zm00001eb155190	dTRD
Zm00001eb416400	dTRD
Zm00001eb258240	dTRD
Zm00001eb306900	dTRD
Zm00001eb172740	dTRD
Zm00001eb352690	dTRD
Zm00001eb349730	dTRD
Zm00001eb119940	dTRD
Zm00001eb004790	dTRD
Zm00001eb183150	dTRD
Zm00001eb353840	dTRD
Zm00001eb412670	dTRD
Zm00001eb004660	dTRD
Zm00001eb200320	dTRD
Zm00001eb060090	dTRD
Zm00001eb241930	dTRD
Zm00001eb380500	dTRD
Zm00001eb047770	dTRD
Zm00001eb082170	dTRD
Zm00001eb300280	dTRD
Zm00001eb026810	dTRD
Zm00001eb090590	dTRD
Zm00001eb325610	dTRD
Zm00001eb213300	dTRD
Zm00001eb218810	dTRD
Zm00001eb154780	dTRD
Zm00001eb126930	dTRD
Zm00001eb299860	dTRD
Zm00001eb164280	dTRD
Zm00001eb338090	dTRD
Zm00001eb224740	dTRD
Zm00001eb011000	dTRD
Zm00001eb433900	dTRD
Zm00001eb073420	dTRD
Zm00001eb220610	dTRD
Zm00001eb011840	dTRD
Zm00001eb252040	dTRD
Zm00001eb082790	dTRD
Zm00001eb293540	dTRD
Zm00001eb121370	dTRD
Zm00001eb346830	dTRD
Zm00001eb078780	dTRD
Zm00001eb127030	dTRD
Zm00001eb064750	dTRD
Zm00001eb082500	dTRD
Zm00001eb267290	dTRD
Zm00001eb151590	dTRD
Zm00001eb432950	dTRD
Zm00001eb244170	dTRD
Zm00001eb040280	dTRD
Zm00001eb353970	dTRD
Zm00001eb341570	dTRD
Zm00001eb360080	dTRD
Zm00001eb274060	dTRD
Zm00001eb330230	dTRD
Zm00001eb306800	dTRD
Zm00001eb027940	dTRD
Zm00001eb067380	dTRD
Zm00001eb226150	dTRD
Zm00001eb418230	dTRD
Zm00001eb302780	dTRD
Zm00001eb326940	dTRD
Zm00001eb024460	dTRD
Zm00001eb207250	dTRD
Zm00001eb082540	dTRD
Zm00001eb152160	dTRD
Zm00001eb418030	dTRD
Zm00001eb064530	dTRD
Zm00001eb299320	dTRD
Zm00001eb084750	dTRD
Zm00001eb144280	dTRD
Zm00001eb037150	dTRD
Zm00001eb131290	dTRD
Zm00001eb020870	dTRD
Zm00001eb229000	dTRD
Zm00001eb408640	dTRD
Zm00001eb169920	dTRD
Zm00001eb090510	dTRD
Zm00001eb045680	dTRD
Zm00001eb272880	dTRD
Zm00001eb197710	dTRD
Zm00001eb006100	dTRD
Zm00001eb048360	dTRD
Zm00001eb234810	dTRD
Zm00001eb203030	dTRD
Zm00001eb087100	dTRD
Zm00001eb168830	dTRD
Zm00001eb292280	dTRD
Zm00001eb147840	dTRD
Zm00001eb275910	dTRD
Zm00001eb159460	dTRD
Zm00001eb123060	dTRD
Zm00001eb065900	dTRD
Zm00001eb281620	dTRD
Zm00001eb260260	dTRD
Zm00001eb064170	dTRD
Zm00001eb327850	dTRD
Zm00001eb346490	dTRD
Zm00001eb400240	dTRD
Zm00001eb168090	dTRD
Zm00001eb253110	dTRD
Zm00001eb064620	dTRD
Zm00001eb318170	dTRD
Zm00001eb140470	dTRD
Zm00001eb434580	dTRD
Zm00001eb313890	dTRD
Zm00001eb434400	dTRD
Zm00001eb330170	dTRD
Zm00001eb197170	dTRD
Zm00001eb347800	dTRD
Zm00001eb213100	dTRD
Zm00001eb271830	dTRD
Zm00001eb332610	dTRD
Zm00001eb320540	dTRD
Zm00001eb057840	dTRD
Zm00001eb297770	dTRD
Zm00001eb260710	dTRD
Zm00001eb050040	dTRD
Zm00001eb384000	dTRD
Zm00001eb429390	dTRD
Zm00001eb290330	dTRD
Zm00001eb007310	dTRD
Zm00001eb308530	dTRD
Zm00001eb224040	dTRD
Zm00001eb041500	dTRD
Zm00001eb157140	dTRD
Zm00001eb230480	dTRD
Zm00001eb224220	dTRD
Zm00001eb175960	dTRD
Zm00001eb088070	dTRD
Zm00001eb419870	dTRD
Zm00001eb257750	dTRD
Zm00001eb057960	dTRD
Zm00001eb421820	dTRD
Zm00001eb176740	dTRD
Zm00001eb419370	dTRD
Zm00001eb200540	dTRD
Zm00001eb237860	dTRD
Zm00001eb211650	dTRD
Zm00001eb393650	dTRD
Zm00001eb260840	dTRD
Zm00001eb419530	dTRD
Zm00001eb379210	dTRD
Zm00001eb417030	dTRD
Zm00001eb243170	dTRD
Zm00001eb229500	dTRD
Zm00001eb037560	dTRD
Zm00001eb058540	dTRD
Zm00001eb278070	dTRD
Zm00001eb259460	dTRD
Zm00001eb367910	dTRD
Zm00001eb195080	dTRD
Zm00001eb287170	dTRD
Zm00001eb089740	dTRD
Zm00001eb184320	dTRD
Zm00001eb254380	dTRD
Zm00001eb276420	dTRD
Zm00001eb370150	dTRD
Zm00001eb065450	dTRD
Zm00001eb352940	dTRD
Zm00001eb217740	dTRD
Zm00001eb149590	dTRD
Zm00001eb145380	dTRD
Zm00001eb223800	dTRD
Zm00001eb020710	dTRD
Zm00001eb094570	dTRD
Zm00001eb280500	dTRD
Zm00001eb125540	dTRD
Zm00001eb257410	dTRD
Zm00001eb324850	dTRD
Zm00001eb249530	dTRD
Zm00001eb257910	dTRD
Zm00001eb370510	dTRD
Zm00001eb261380	dTRD
Zm00001eb324810	dTRD
Zm00001eb384290	dTRD
Zm00001eb213920	dTRD
Zm00001eb300770	dTRD
Zm00001eb277550	dTRD
Zm00001eb239510	dTRD
Zm00001eb164270	dTRD
Zm00001eb391070	dTRD
Zm00001eb168640	dTRD
Zm00001eb045900	dTRD
Zm00001eb129030	dTRD
Zm00001eb353760	dTRD
Zm00001eb293890	dTRD
Zm00001eb278420	dTRD
Zm00001eb274370	dTRD
Zm00001eb121000	dTRD
Zm00001eb119240	dTRD
Zm00001eb203600	dTRD
Zm00001eb018290	dTRD
Zm00001eb218710	dTRD
Zm00001eb226030	dTRD
Zm00001eb256470	dTRD
Zm00001eb321060	dTRD
Zm00001eb078640	dTRD
Zm00001eb252090	dTRD
Zm00001eb067700	dTRD
Zm00001eb324180	dTRD
Zm00001eb121010	dTRD
Zm00001eb200500	dTRD
Zm00001eb096170	dTRD
Zm00001eb148610	dTRD
Zm00001eb094210	dTRD
Zm00001eb080940	dTRD
Zm00001eb189920	dTRD
Zm00001eb380260	dTRD
Zm00001eb277100	dTRD
Zm00001eb310670	dTRD
Zm00001eb346980	dTRD
Zm00001eb410370	dTRD
Zm00001eb001800	dTRD
Zm00001eb105520	dTRD
Zm00001eb311540	dTRD
Zm00001eb251310	dTRD
Zm00001eb431740	dTRD
Zm00001eb069130	dTRD
Zm00001eb128200	dTRD
Zm00001eb434550	dTRD
Zm00001eb286950	dTRD
Zm00001eb343070	dTRD
Zm00001eb345400	dTRD
Zm00001eb205610	dTRD
Zm00001eb300010	dTRD
Zm00001eb107770	dTRD
Zm00001eb235420	dTRD
Zm00001eb433370	dTRD
Zm00001eb124440	dTRD
Zm00001eb260580	dTRD
Zm00001eb285690	dTRD
Zm00001eb288350	dTRD
Zm00001eb357640	dTRD
Zm00001eb346540	dTRD
Zm00001eb162530	dTRD
Zm00001eb411070	dTRD
Zm00001eb320670	dTRD
Zm00001eb295110	dTRD
Zm00001eb293410	dTRD
Zm00001eb185610	dTRD
Zm00001eb056510	dTRD
Zm00001eb258770	dTRD
Zm00001eb138700	dTRD
Zm00001eb241170	dTRD
Zm00001eb035750	dTRD
Zm00001eb208200	dTRD
Zm00001eb364200	dTRD
Zm00001eb428740	dTRD
Zm00001eb330720	dTRD
Zm00001eb013040	dTRD
Zm00001eb324410	dTRD
Zm00001eb168070	dTRD
Zm00001eb353860	dTRD
Zm00001eb261680	dTRD
Zm00001eb301130	dTRD
Zm00001eb143450	dTRD
Zm00001eb075800	dTRD
Zm00001eb242070	dTRD
Zm00001eb167910	dTRD
Zm00001eb192640	dTRD
Zm00001eb254560	dTRD
Zm00001eb198000	dTRD
Zm00001eb168040	dTRD
Zm00001eb119030	dTRD
Zm00001eb237570	dTRD
Zm00001eb152480	dTRD
Zm00001eb062230	dTRD
Zm00001eb037540	dTRD
Zm00001eb433620	dTRD
Zm00001eb265480	dTRD
Zm00001eb339470	dTRD
Zm00001eb076900	dTRD
Zm00001eb024060	dTRD
Zm00001eb022360	dTRD
Zm00001eb413660	dTRD
Zm00001eb372160	dTRD
Zm00001eb304790	dTRD
Zm00001eb087600	dTRD
Zm00001eb076750	dTRD
Zm00001eb319000	dTRD
Zm00001eb072870	dTRD
Zm00001eb424060	dTRD
Zm00001eb038710	dTRD
Zm00001eb003280	dTRD
Zm00001eb001310	dTRD
Zm00001eb001330	dTRD
Zm00001eb257230	dTRD
Zm00001eb255250	dTRD
Zm00001eb419090	dTRD
Zm00001eb223280	dTRD
Zm00001eb348520	dTRD
Zm00001eb266490	dTRD
Zm00001eb256150	dTRD
Zm00001eb284330	dTRD
Zm00001eb319610	dTRD
Zm00001eb349130	dTRD
Zm00001eb231810	dTRD
Zm00001eb108550	dTRD
Zm00001eb191090	dTRD
Zm00001eb362870	dTRD
Zm00001eb144770	dTRD
Zm00001eb356760	dTRD
Zm00001eb021280	dTRD
Zm00001eb204720	dTRD
Zm00001eb282800	dTRD
Zm00001eb323290	dTRD
Zm00001eb038810	dTRD
Zm00001eb115350	dTRD
Zm00001eb048260	dTRD
Zm00001eb199000	dTRD
Zm00001eb385400	dTRD
Zm00001eb025970	dTRD
Zm00001eb047150	dTRD
Zm00001eb126380	dTRD
Zm00001eb218210	dTRD
Zm00001eb418110	dTRD
Zm00001eb229050	dTRD
Zm00001eb280460	dTRD
Zm00001eb432460	dTRD
Zm00001eb067800	dTRD
Zm00001eb170340	dTRD
Zm00001eb206610	dTRD
Zm00001eb371710	dTRD
Zm00001eb322360	dTRD
Zm00001eb125690	dTRD
Zm00001eb086940	dTRD
Zm00001eb053180	dTRD
Zm00001eb021320	dTRD
Zm00001eb086150	dTRD
Zm00001eb279680	dTRD
Zm00001eb316640	dTRD
Zm00001eb396090	dTRD
Zm00001eb128010	dTRD
Zm00001eb372660	dTRD
Zm00001eb195880	dTRD
Zm00001eb069610	dTRD
Zm00001eb386640	dTRD
Zm00001eb163480	dTRD
Zm00001eb190080	dTRD
Zm00001eb265350	dTRD
Zm00001eb069640	dTRD
Zm00001eb394310	dTRD
Zm00001eb169510	dTRD
Zm00001eb030470	dTRD
Zm00001eb066270	dTRD
Zm00001eb008860	dTRD
Zm00001eb262720	dTRD
Zm00001eb306520	dTRD
Zm00001eb177490	dTRD
Zm00001eb008870	dTRD
Zm00001eb332730	dTRD
Zm00001eb380360	dTRD
Zm00001eb380070	dTRD
Zm00001eb350220	dTRD
Zm00001eb394810	dTRD
Zm00001eb012400	dTRD
Zm00001eb099730	dTRD
Zm00001eb203020	dTRD
Zm00001eb285830	dTRD
Zm00001eb094040	dTRD
Zm00001eb240940	dTRD
Zm00001eb203040	dTRD
Zm00001eb107130	dTRD
Zm00001eb418610	dTRD
Zm00001eb103160	dTRD
Zm00001eb364030	dTRD
Zm00001eb265170	dTRD
Zm00001eb210950	dTRD
Zm00001eb018970	dTRD
Zm00001eb184600	dTRD
Zm00001eb288800	dTRD
Zm00001eb418410	dTRD
Zm00001eb153400	dTRD
Zm00001eb267140	dTRD
Zm00001eb180140	dTRD
Zm00001eb169430	dTRD
Zm00001eb365200	dTRD
Zm00001eb144240	dTRD
Zm00001eb015070	dTRD
Zm00001eb067610	dTRD
Zm00001eb247690	dTRD
Zm00001eb227320	dTRD
Zm00001eb389550	dTRD
Zm00001eb324480	dTRD
Zm00001eb035640	dTRD
Zm00001eb066330	dTRD
Zm00001eb187840	dTRD
Zm00001eb035040	dTRD
Zm00001eb159820	dTRD
Zm00001eb242920	dTRD
Zm00001eb168390	dTRD
Zm00001eb361020	dTRD
Zm00001eb032840	dTRD
Zm00001eb106050	dTRD
Zm00001eb259260	dTRD
Zm00001eb343320	dTRD
Zm00001eb123450	dTRD
Zm00001eb290730	dTRD
Zm00001eb047860	dTRD
Zm00001eb032050	dTRD
Zm00001eb249430	dTRD
Zm00001eb429820	dTRD
Zm00001eb056580	dTRD
Zm00001eb226480	dTRD
Zm00001eb434520	dTRD
Zm00001eb301070	dTRD
Zm00001eb287610	dTRD
Zm00001eb200530	dTRD
Zm00001eb011750	dTRD
Zm00001eb079510	dTRD
Zm00001eb167840	dTRD
Zm00001eb119410	dTRD
Zm00001eb300760	dTRD
Zm00001eb357370	dTRD
Zm00001eb324980	dTRD
Zm00001eb089070	dTRD
Zm00001eb005630	dTRD
Zm00001eb126630	dTRD
Zm00001eb400650	dTRD
Zm00001eb410850	dTRD
Zm00001eb240990	dTRD
Zm00001eb103590	dTRD
Zm00001eb147040	dTRD
Zm00001eb029770	dTRD
Zm00001eb162030	dTRD
Zm00001eb249380	dTRD
Zm00001eb031460	dTRD
Zm00001eb025210	dTRD
Zm00001eb414270	dTRD
Zm00001eb201580	dTRD
Zm00001eb345580	dTRD
Zm00001eb197870	dTRD
Zm00001eb416230	dTRD
Zm00001eb046770	dTRD
Zm00001eb419540	dTRD
Zm00001eb155920	dTRD
Zm00001eb350040	dTRD
Zm00001eb187590	dTRD
Zm00001eb126710	dTRD
Zm00001eb025390	dTRD
Zm00001eb396820	dTRD
Zm00001eb325150	dTRD
Zm00001eb259070	dTRD
Zm00001eb002270	dTRD
Zm00001eb056130	dTRD
Zm00001eb320490	dTRD
Zm00001eb380520	dTRD
Zm00001eb255590	dTRD
Zm00001eb327590	dTRD
Zm00001eb378710	dTRD
Zm00001eb135310	dTRD
Zm00001eb285730	dTRD
Zm00001eb116970	dTRD
Zm00001eb340720	dTRD
Zm00001eb017520	dTRD
Zm00001eb003850	dTRD
Zm00001eb418310	dTRD
Zm00001eb152450	dTRD
Zm00001eb153790	dTRD
Zm00001eb357210	dTRD
Zm00001eb016370	dTRD
Zm00001eb330160	dTRD
Zm00001eb175460	dTRD
Zm00001eb324630	dTRD
Zm00001eb013230	dTRD
Zm00001eb066770	dTRD
Zm00001eb116820	dTRD
Zm00001eb334470	dTRD
Zm00001eb166480	dTRD
Zm00001eb066930	dTRD
Zm00001eb037070	dTRD
Zm00001eb219050	dTRD
Zm00001eb076370	dTRD
Zm00001eb049690	dTRD
Zm00001eb283920	dTRD
Zm00001eb277740	dTRD
Zm00001eb396850	dTRD
Zm00001eb096080	dTRD
Zm00001eb265570	dTRD
Zm00001eb092730	dTRD
Zm00001eb228530	dTRD
Zm00001eb412800	dTRD
Zm00001eb257430	dTRD
Zm00001eb022900	dTRD
Zm00001eb006530	dTRD
Zm00001eb138300	dTRD
Zm00001eb411150	dTRD
Zm00001eb099780	dTRD
Zm00001eb327240	dTRD
Zm00001eb203730	dTRD
Zm00001eb203220	dTRD
Zm00001eb365990	dTRD
Zm00001eb219750	dTRD
Zm00001eb260920	dTRD
Zm00001eb207530	dTRD
Zm00001eb224570	dTRD
Zm00001eb001050	dTRD
Zm00001eb301200	dTRD
Zm00001eb348080	dTRD
Zm00001eb133840	dTRD
Zm00001eb375160	dTRD
Zm00001eb005740	dTRD
Zm00001eb050970	dTRD
Zm00001eb118420	dTRD
Zm00001eb331830	dTRD
Zm00001eb128020	dTRD
Zm00001eb134520	dTRD
Zm00001eb267410	dTRD
Zm00001eb095120	dTRD
Zm00001eb083900	dTRD
Zm00001eb082060	dTRD
Zm00001eb196570	dTRD
Zm00001eb258670	dTRD
Zm00001eb323750	dTRD
Zm00001eb416540	dTRD
Zm00001eb391760	dTRD
Zm00001eb110360	dTRD
Zm00001eb376650	dTRD
Zm00001eb055910	dTRD
Zm00001eb022010	dTRD
Zm00001eb022840	dTRD
Zm00001eb291040	dTRD
Zm00001eb242340	dTRD
Zm00001eb113950	dTRD
Zm00001eb340500	dTRD
Zm00001eb053130	dTRD
Zm00001eb272640	dTRD
Zm00001eb178070	dTRD
Zm00001eb412930	dTRD
Zm00001eb059950	dTRD
Zm00001eb126780	dTRD
Zm00001eb339420	dTRD
Zm00001eb233920	dTRD
Zm00001eb064900	dTRD
Zm00001eb158950	dTRD
Zm00001eb311830	dTRD
Zm00001eb281340	dTRD
Zm00001eb201870	dTRD
Zm00001eb329630	dTRD
Zm00001eb102790	dTRD
Zm00001eb409700	dTRD
Zm00001eb111980	dTRD
Zm00001eb381280	dTRD
Zm00001eb276150	dTRD
Zm00001eb381170	dTRD
Zm00001eb178000	dTRD
Zm00001eb381210	dTRD
Zm00001eb042230	dTRD
Zm00001eb018700	dTRD
Zm00001eb420690	dTRD
Zm00001eb369100	dTRD
Zm00001eb001690	dTRD
Zm00001eb034000	dTRD
Zm00001eb067590	dTRD
Zm00001eb023280	dTRD
Zm00001eb043650	dTRD
Zm00001eb109800	dTRD
Zm00001eb201760	dTRD
Zm00001eb153240	dTRD
Zm00001eb419680	dTRD
Zm00001eb247930	dTRD
Zm00001eb167300	dTRD
Zm00001eb107280	dTRD
Zm00001eb049650	dTRD
Zm00001eb234500	dTRD
Zm00001eb086640	dTRD
Zm00001eb331760	dTRD
Zm00001eb228230	dTRD
Zm00001eb269660	dTRD
Zm00001eb105040	dTRD
Zm00001eb249690	dTRD
Zm00001eb113030	dTRD
Zm00001eb041790	dTRD
Zm00001eb057350	dTRD
Zm00001eb340280	dTRD
Zm00001eb157170	dTRD
Zm00001eb065810	dTRD
Zm00001eb024680	dTRD
Zm00001eb356370	dTRD
Zm00001eb336690	dTRD
Zm00001eb282590	dTRD
Zm00001eb358090	dTRD
Zm00001eb426260	dTRD
Zm00001eb067520	dTRD
Zm00001eb030680	dTRD
Zm00001eb147730	dTRD
Zm00001eb169330	dTRD
Zm00001eb095760	dTRD
Zm00001eb086570	dTRD
Zm00001eb345530	dTRD
Zm00001eb297750	dTRD
Zm00001eb086310	dTRD
Zm00001eb413000	dTRD
Zm00001eb080770	dTRD
Zm00001eb382260	dTRD
Zm00001eb084910	dTRD
Zm00001eb244220	dTRD
Zm00001eb174360	dTRD
Zm00001eb366380	dTRD
Zm00001eb362910	dTRD
Zm00001eb168000	dTRD
Zm00001eb046040	dTRD
Zm00001eb223600	dTRD
Zm00001eb082900	dTRD
Zm00001eb058750	dTRD
Zm00001eb365750	dTRD
Zm00001eb325280	dTRD
Zm00001eb161030	dTRD
Zm00001eb320860	dTRD
Zm00001eb168440	dTRD
Zm00001eb258960	dTRD
Zm00001eb009780	dTRD
Zm00001eb215900	dTRD
Zm00001eb014900	dTRD
Zm00001eb119990	dTRD
Zm00001eb315940	dTRD
Zm00001eb213640	dTRD
Zm00001eb088260	dTRD
Zm00001eb216930	dTRD
Zm00001eb340520	dTRD
Zm00001eb055320	dTRD
Zm00001eb121590	dTRD
Zm00001eb248460	dTRD
Zm00001eb421590	dTRD
Zm00001eb074890	dTRD
Zm00001eb287900	dTRD
Zm00001eb036580	dTRD
Zm00001eb010070	dTRD
Zm00001eb005670	dTRD
Zm00001eb400790	dTRD
Zm00001eb237340	dTRD
Zm00001eb113530	dTRD
Zm00001eb173260	dTRD
Zm00001eb340740	dTRD
Zm00001eb139600	dTRD
Zm00001eb140690	dTRD
Zm00001eb037580	dTRD
Zm00001eb153310	dTRD
Zm00001eb353850	dTRD
Zm00001eb325910	dTRD
Zm00001eb377750	dTRD
Zm00001eb349810	dTRD
Zm00001eb349820	dTRD
Zm00001eb314260	dTRD
Zm00001eb147480	dTRD
Zm00001eb174480	dTRD
Zm00001eb256460	dTRD
Zm00001eb368600	dTRD
Zm00001eb286350	dTRD
Zm00001eb413920	dTRD
Zm00001eb281920	dTRD
Zm00001eb123200	dTRD
Zm00001eb138760	dTRD
Zm00001eb168870	dTRD
Zm00001eb089730	dTRD
Zm00001eb412300	dTRD
Zm00001eb361310	dTRD
Zm00001eb392200	dTRD
Zm00001eb114840	dTRD
Zm00001eb160220	dTRD
Zm00001eb065090	dTRD
Zm00001eb122060	dTRD
Zm00001eb290720	dTRD
Zm00001eb421050	dTRD
Zm00001eb110410	dTRD
Zm00001eb222410	dTRD
Zm00001eb399020	dTRD
Zm00001eb430230	dTRD
Zm00001eb013610	dTRD
Zm00001eb037590	dTRD
Zm00001eb067360	dTRD
Zm00001eb166970	dTRD
Zm00001eb096460	dTRD
Zm00001eb235320	dTRD
Zm00001eb058700	dTRD
Zm00001eb126680	dTRD
Zm00001eb361230	dTRD
Zm00001eb389520	dTRD
Zm00001eb426370	dTRD
Zm00001eb074400	dTRD
Zm00001eb218700	dTRD
Zm00001eb323060	dTRD
Zm00001eb386140	dTRD
Zm00001eb363640	dTRD
Zm00001eb072590	dTRD
Zm00001eb167500	dTRD
Zm00001eb247190	dTRD
Zm00001eb060480	dTRD
Zm00001eb307100	dTRD
Zm00001eb281570	dTRD
Zm00001eb292380	dTRD
Zm00001eb078800	dTRD
Zm00001eb213570	dTRD
Zm00001eb212990	dTRD
Zm00001eb032550	dTRD
Zm00001eb184790	dTRD
Zm00001eb018150	dTRD
Zm00001eb190240	dTRD
Zm00001eb189430	dTRD
Zm00001eb165610	dTRD
Zm00001eb071480	dTRD
Zm00001eb300060	dTRD
Zm00001eb425560	dTRD
Zm00001eb191070	dTRD
Zm00001eb014460	dTRD
Zm00001eb152640	dTRD
Zm00001eb078160	dTRD
Zm00001eb198790	dTRD
Zm00001eb086700	dTRD
Zm00001eb383670	dTRD
Zm00001eb384970	dTRD
Zm00001eb231660	dTRD
Zm00001eb269430	dTRD
Zm00001eb032160	dTRD
Zm00001eb414240	dTRD
Zm00001eb173890	dTRD
Zm00001eb197580	dTRD
Zm00001eb195540	dTRD
Zm00001eb078370	dTRD
Zm00001eb377180	dTRD
Zm00001eb287100	dTRD
Zm00001eb150000	dTRD
Zm00001eb356440	dTRD
Zm00001eb362070	dTRD
Zm00001eb044140	dTRD
Zm00001eb192880	dTRD
Zm00001eb277300	dTRD
Zm00001eb191580	dTRD
Zm00001eb084350	dTRD
Zm00001eb068890	dTRD
Zm00001eb048680	dTRD
Zm00001eb322580	dTRD
Zm00001eb308680	dTRD
Zm00001eb111170	dTRD
Zm00001eb074080	dTRD
Zm00001eb100490	dTRD
Zm00001eb409530	dTRD
Zm00001eb271750	dTRD
Zm00001eb246520	dTRD
Zm00001eb252800	dTRD
Zm00001eb262530	dTRD
Zm00001eb258370	dTRD
Zm00001eb283130	dTRD
Zm00001eb385600	dTRD
Zm00001eb345770	dTRD
Zm00001eb235570	dTRD
Zm00001eb035180	dTRD
Zm00001eb427900	dTRD
Zm00001eb305790	dTRD
Zm00001eb042670	dTRD
Zm00001eb428800	dTRD
Zm00001eb425880	dTRD
Zm00001eb316860	dTRD
Zm00001eb418080	dTRD
Zm00001eb114230	dTRD
Zm00001eb110990	dTRD
Zm00001eb379550	dTRD
Zm00001eb190530	dTRD
Zm00001eb141210	dTRD
Zm00001eb133350	dTRD
Zm00001eb408620	dTRD
Zm00001eb157450	dTRD
Zm00001eb198700	dTRD
Zm00001eb223040	dTRD
Zm00001eb242510	dTRD
Zm00001eb284410	dTRD
Zm00001eb093070	dTRD
Zm00001eb331740	dTRD
Zm00001eb288380	dTRD
Zm00001eb362540	dTRD
Zm00001eb167240	dTRD
Zm00001eb171990	dTRD
Zm00001eb361140	dTRD
Zm00001eb414760	dTRD
Zm00001eb228410	dTRD
Zm00001eb234990	dTRD
Zm00001eb090100	dTRD
Zm00001eb390880	dTRD
Zm00001eb037990	dTRD
Zm00001eb034540	dTRD
Zm00001eb008940	dTRD
Zm00001eb424660	dTRD
Zm00001eb192000	dTRD
Zm00001eb303000	dTRD
Zm00001eb312640	dTRD
Zm00001eb207680	dTRD
Zm00001eb043150	dTRD
Zm00001eb008810	dTRD
Zm00001eb377440	dTRD
Zm00001eb110690	dTRD
Zm00001eb096240	dTRD
Zm00001eb172780	dTRD
Zm00001eb186450	dTRD
Zm00001eb231730	dTRD
Zm00001eb223370	dTRD
Zm00001eb217170	dTRD
Zm00001eb015740	dTRD
Zm00001eb006990	dTRD
Zm00001eb133780	dTRD
Zm00001eb016910	dTRD
Zm00001eb411450	dTRD
Zm00001eb212460	dTRD
Zm00001eb395090	dTRD
Zm00001eb151530	dTRD
Zm00001eb167320	dTRD
Zm00001eb055840	dTRD
Zm00001eb118470	dTRD
Zm00001eb173190	dTRD
Zm00001eb164250	dTRD
Zm00001eb151660	dTRD
Zm00001eb261740	dTRD
Zm00001eb087640	dTRD
Zm00001eb407340	dTRD
Zm00001eb340770	dTRD
Zm00001eb195270	dTRD
Zm00001eb138280	dTRD
Zm00001eb363150	dTRD
Zm00001eb164960	dTRD
Zm00001eb278810	dTRD
Zm00001eb356400	dTRD
Zm00001eb389040	dTRD
Zm00001eb213760	dTRD
Zm00001eb399990	dTRD
Zm00001eb078300	dTRD
Zm00001eb309330	dTRD
Zm00001eb302890	dTRD
Zm00001eb008880	dTRD
Zm00001eb215990	dTRD
Zm00001eb322450	dTRD
Zm00001eb153770	dTRD
Zm00001eb135040	dTRD
Zm00001eb334500	dTRD
Zm00001eb252360	dTRD
Zm00001eb364750	dTRD
Zm00001eb219260	dTRD
Zm00001eb428060	dTRD
Zm00001eb139710	dTRD
Zm00001eb050070	dTRD
Zm00001eb370370	dTRD
Zm00001eb400170	dTRD
Zm00001eb108890	dTRD
Zm00001eb108850	dTRD
Zm00001eb174120	dTRD
Zm00001eb326890	dTRD
Zm00001eb127420	dTRD
Zm00001eb326710	dTRD
Zm00001eb394790	dTRD
Zm00001eb049370	dTRD
Zm00001eb176980	dTRD
Zm00001eb369880	dTRD
Zm00001eb341450	dTRD
Zm00001eb150210	dTRD
Zm00001eb346990	dTRD
Zm00001eb272340	dTRD
Zm00001eb389080	dTRD
Zm00001eb094440	dTRD
Zm00001eb394650	dTRD
Zm00001eb302530	dTRD
Zm00001eb326270	dTRD
Zm00001eb203570	dTRD
Zm00001eb097770	dTRD
Zm00001eb128590	dTRD
Zm00001eb000120	dTRD
Zm00001eb198940	dTRD
Zm00001eb304620	dTRD
Zm00001eb349910	dTRD
Zm00001eb165770	dTRD
Zm00001eb426320	dTRD
Zm00001eb020790	dTRD
Zm00001eb068210	dTRD
Zm00001eb325930	dTRD
Zm00001eb409230	dTRD
Zm00001eb088660	dTRD
Zm00001eb251560	dTRD
Zm00001eb011350	dTRD
Zm00001eb306310	dTRD
Zm00001eb181930	dTRD
Zm00001eb181920	dTRD
Zm00001eb389750	dTRD
Zm00001eb408860	dTRD
Zm00001eb286120	dTRD
Zm00001eb214670	dTRD
Zm00001eb187990	dTRD
Zm00001eb117200	dTRD
Zm00001eb159100	dTRD
Zm00001eb056740	dTRD
Zm00001eb046200	dTRD
Zm00001eb331050	dTRD
Zm00001eb270440	dTRD
Zm00001eb052940	dTRD
Zm00001eb227080	dTRD
Zm00001eb059100	dTRD
Zm00001eb313430	dTRD
Zm00001eb126690	dTRD
Zm00001eb344450	dTRD
Zm00001eb166700	dTRD
Zm00001eb177830	dTRD
Zm00001eb122140	dTRD
Zm00001eb150290	dTRD
Zm00001eb200180	dTRD
Zm00001eb013820	dTRD
Zm00001eb306010	dTRD
Zm00001eb330630	dTRD
Zm00001eb145920	dTRD
Zm00001eb254580	dTRD
Zm00001eb432350	dTRD
Zm00001eb325850	dTRD
Zm00001eb134690	dTRD
Zm00001eb320690	dTRD
Zm00001eb345420	dTRD
Zm00001eb128220	dTRD
Zm00001eb297640	dTRD
Zm00001eb397910	dTRD
Zm00001eb173770	dTRD
Zm00001eb281590	dTRD
Zm00001eb229650	dTRD
Zm00001eb007700	dTRD
Zm00001eb260100	dTRD
Zm00001eb075820	dTRD
Zm00001eb239690	dTRD
Zm00001eb142430	dTRD
Zm00001eb127580	dTRD
Zm00001eb243630	dTRD
Zm00001eb047530	dTRD
Zm00001eb047540	dTRD
Zm00001eb154440	dTRD
Zm00001eb408800	dTRD
Zm00001eb133000	dTRD
Zm00001eb123900	dTRD
Zm00001eb129020	dTRD
Zm00001eb187100	dTRD
Zm00001eb223500	dTRD
Zm00001eb126880	dTRD
Zm00001eb376590	dTRD
Zm00001eb157830	dTRD
Zm00001eb224010	dTRD
Zm00001eb021960	dTRD
Zm00001eb102460	dTRD
Zm00001eb251380	dTRD
Zm00001eb418330	dTRD
Zm00001eb297720	dTRD
Zm00001eb210430	dTRD
Zm00001eb013660	dTRD
Zm00001eb056760	dTRD
Zm00001eb320900	dTRD
Zm00001eb332930	dTRD
Zm00001eb287070	dTRD
Zm00001eb003370	dTRD
Zm00001eb426030	dTRD
Zm00001eb192180	dTRD
Zm00001eb158790	dTRD
Zm00001eb334360	dTRD
Zm00001eb302320	dTRD
Zm00001eb352950	dTRD
Zm00001eb370220	dTRD
Zm00001eb114070	dTRD
Zm00001eb319400	dTRD
Zm00001eb010150	dTRD
Zm00001eb039360	dTRD
Zm00001eb319930	dTRD
Zm00001eb399150	dTRD
Zm00001eb121190	dTRD
Zm00001eb133210	dTRD
Zm00001eb209080	dTRD
Zm00001eb416790	dTRD
Zm00001eb345210	dTRD
Zm00001eb030660	dTRD
Zm00001eb160080	dTRD
Zm00001eb000560	dTRD
Zm00001eb089330	dTRD
Zm00001eb154460	dTRD
Zm00001eb097250	dTRD
Zm00001eb414590	dTRD
Zm00001eb392680	dTRD
Zm00001eb192990	dTRD
Zm00001eb063280	dTRD
Zm00001eb099650	dTRD
Zm00001eb336750	dTRD
Zm00001eb321350	dTRD
Zm00001eb280260	dTRD
Zm00001eb335950	dTRD
Zm00001eb011850	dTRD
Zm00001eb162810	dTRD
Zm00001eb117220	dTRD
Zm00001eb406680	dTRD
Zm00001eb340990	dTRD
Zm00001eb134750	dTRD
Zm00001eb406690	dTRD
Zm00001eb324060	dTRD
Zm00001eb099760	dTRD
Zm00001eb177450	dTRD
Zm00001eb192600	dTRD
Zm00001eb083110	dTRD
Zm00001eb178360	dTRD
Zm00001eb187910	dTRD
Zm00001eb119050	dTRD
Zm00001eb261830	dTRD
Zm00001eb378990	dTRD
Zm00001eb229250	dTRD
Zm00001eb040890	dTRD
Zm00001eb380460	dTRD
Zm00001eb418700	dTRD
Zm00001eb319540	dTRD
Zm00001eb164620	dTRD
Zm00001eb427910	dTRD
Zm00001eb332340	dTRD
Zm00001eb416530	dTRD
Zm00001eb013100	dTRD
Zm00001eb397190	dTRD
Zm00001eb103710	dTRD
Zm00001eb420550	dTRD
Zm00001eb015510	dTRD
Zm00001eb326010	dTRD
Zm00001eb110210	dTRD
Zm00001eb113250	dTRD
Zm00001eb041550	dTRD
Zm00001eb320110	dTRD
Zm00001eb130530	dTRD
Zm00001eb277910	dTRD
Zm00001eb329480	dTRD
Zm00001eb052890	dTRD
Zm00001eb014520	dTRD
Zm00001eb330010	dTRD
Zm00001eb415940	dTRD
Zm00001eb092230	dTRD
Zm00001eb429420	dTRD
Zm00001eb176770	dTRD
Zm00001eb122170	dTRD
Zm00001eb059220	dTRD
Zm00001eb303120	dTRD
Zm00001eb293010	dTRD
Zm00001eb166390	dTRD
Zm00001eb183000	dTRD
Zm00001eb133930	dTRD
Zm00001eb259340	dTRD
Zm00001eb244930	dTRD
Zm00001eb121220	dTRD
Zm00001eb291050	dTRD
Zm00001eb304820	dTRD
Zm00001eb421490	dTRD
Zm00001eb331230	dTRD
Zm00001eb328090	dTRD
Zm00001eb047820	dTRD
Zm00001eb045630	dTRD
Zm00001eb143200	dTRD
Zm00001eb041280	dTRD
Zm00001eb418940	dTRD
Zm00001eb087630	dTRD
Zm00001eb008430	dTRD
Zm00001eb324080	dTRD
Zm00001eb233270	dTRD
Zm00001eb019610	dTRD
Zm00001eb243530	dTRD
Zm00001eb180880	dTRD
Zm00001eb322900	dTRD
Zm00001eb323680	dTRD
Zm00001eb080240	dTRD
Zm00001eb080250	dTRD
Zm00001eb431540	dTRD
Zm00001eb052040	dTRD
Zm00001eb133040	dTRD
Zm00001eb121650	dTRD
Zm00001eb224780	dTRD
Zm00001eb121610	dTRD
Zm00001eb170360	dTRD
Zm00001eb102530	dTRD
Zm00001eb142370	dTRD
Zm00001eb156510	dTRD
Zm00001eb100110	dTRD
Zm00001eb001040	dTRD
Zm00001eb150370	dTRD
Zm00001eb338650	dTRD
Zm00001eb271180	dTRD
Zm00001eb022230	dTRD
Zm00001eb239520	dTRD
Zm00001eb383420	dTRD
Zm00001eb309470	dTRD
Zm00001eb300360	dTRD
Zm00001eb239060	dTRD
Zm00001eb248010	dTRD
Zm00001eb050010	dTRD
Zm00001eb126140	dTRD
Zm00001eb382650	dTRD
Zm00001eb274380	dTRD
Zm00001eb244060	dTRD
Zm00001eb423100	dTRD
Zm00001eb182300	dTRD
Zm00001eb103670	dTRD
Zm00001eb083700	dTRD
Zm00001eb376410	dTRD
Zm00001eb374810	dTRD
Zm00001eb143320	dTRD
Zm00001eb268180	dTRD
Zm00001eb053440	dTRD
Zm00001eb134090	dTRD
Zm00001eb000210	dTRD
Zm00001eb307890	dTRD
Zm00001eb304990	dTRD
Zm00001eb358280	dTRD
Zm00001eb172300	dTRD
Zm00001eb148310	dTRD
Zm00001eb185780	dTRD
Zm00001eb277480	dTRD
Zm00001eb105070	dTRD
Zm00001eb178700	dTRD
Zm00001eb045840	dTRD
Zm00001eb237700	dTRD
Zm00001eb002040	dTRD
Zm00001eb002330	dTRD
Zm00001eb002520	dTRD
Zm00001eb002540	dTRD
Zm00001eb002570	dTRD
Zm00001eb002690	dTRD
Zm00001eb003480	dTRD
Zm00001eb003760	dTRD
Zm00001eb003780	dTRD
Zm00001eb003960	dTRD
Zm00001eb004060	dTRD
Zm00001eb004210	dTRD
Zm00001eb004230	dTRD
Zm00001eb004300	dTRD
Zm00001eb004780	dTRD
Zm00001eb005010	dTRD
Zm00001eb005660	dTRD
Zm00001eb005840	dTRD
Zm00001eb007140	dTRD
Zm00001eb007990	dTRD
Zm00001eb008010	dTRD
Zm00001eb008340	dTRD
Zm00001eb008520	dTRD
Zm00001eb008530	dTRD
Zm00001eb009020	dTRD
Zm00001eb009320	dTRD
Zm00001eb009340	dTRD
Zm00001eb009580	dTRD
Zm00001eb010360	dTRD
Zm00001eb010420	dTRD
Zm00001eb011450	dTRD
Zm00001eb011830	dTRD
Zm00001eb013140	dTRD
Zm00001eb013700	dTRD
Zm00001eb014450	dTRD
Zm00001eb014490	dTRD
Zm00001eb014570	dTRD
Zm00001eb014600	dTRD
Zm00001eb014820	dTRD
Zm00001eb014890	dTRD
Zm00001eb015090	dTRD
Zm00001eb015350	dTRD
Zm00001eb015750	dTRD
Zm00001eb016110	dTRD
Zm00001eb016720	dTRD
Zm00001eb016850	dTRD
Zm00001eb017680	dTRD
Zm00001eb019180	dTRD
Zm00001eb019600	dTRD
Zm00001eb020280	dTRD
Zm00001eb020340	dTRD
Zm00001eb020600	dTRD
Zm00001eb020820	dTRD
Zm00001eb021780	dTRD
Zm00001eb022020	dTRD
Zm00001eb022220	dTRD
Zm00001eb022880	dTRD
Zm00001eb023680	dTRD
Zm00001eb024130	dTRD
Zm00001eb024160	dTRD
Zm00001eb024430	dTRD
Zm00001eb024550	dTRD
Zm00001eb024870	dTRD
Zm00001eb025170	dTRD
Zm00001eb025560	dTRD
Zm00001eb026030	dTRD
Zm00001eb026560	dTRD
Zm00001eb027550	dTRD
Zm00001eb027620	dTRD
Zm00001eb027660	dTRD
Zm00001eb027810	dTRD
Zm00001eb028200	dTRD
Zm00001eb028380	dTRD
Zm00001eb028670	dTRD
Zm00001eb029080	dTRD
Zm00001eb029720	dTRD
Zm00001eb029960	dTRD
Zm00001eb030360	dTRD
Zm00001eb030720	dTRD
Zm00001eb030970	dTRD
Zm00001eb031510	dTRD
Zm00001eb032340	dTRD
Zm00001eb032690	dTRD
Zm00001eb032790	dTRD
Zm00001eb033120	dTRD
Zm00001eb033390	dTRD
Zm00001eb033860	dTRD
Zm00001eb033950	dTRD
Zm00001eb034810	dTRD
Zm00001eb034830	dTRD
Zm00001eb034900	dTRD
Zm00001eb034960	dTRD
Zm00001eb035440	dTRD
Zm00001eb035590	dTRD
Zm00001eb035800	dTRD
Zm00001eb035950	dTRD
Zm00001eb036520	dTRD
Zm00001eb037240	dTRD
Zm00001eb037250	dTRD
Zm00001eb039330	dTRD
Zm00001eb039350	dTRD
Zm00001eb039390	dTRD
Zm00001eb039740	dTRD
Zm00001eb040790	dTRD
Zm00001eb040800	dTRD
Zm00001eb041390	dTRD
Zm00001eb042350	dTRD
Zm00001eb042520	dTRD
Zm00001eb042610	dTRD
Zm00001eb042910	dTRD
Zm00001eb043110	dTRD
Zm00001eb043460	dTRD
Zm00001eb043770	dTRD
Zm00001eb043780	dTRD
Zm00001eb043830	dTRD
Zm00001eb044160	dTRD
Zm00001eb044260	dTRD
Zm00001eb044310	dTRD
Zm00001eb044440	dTRD
Zm00001eb046100	dTRD
Zm00001eb047060	dTRD
Zm00001eb047140	dTRD
Zm00001eb047550	dTRD
Zm00001eb047740	dTRD
Zm00001eb047760	dTRD
Zm00001eb047880	dTRD
Zm00001eb047920	dTRD
Zm00001eb048500	dTRD
Zm00001eb048730	dTRD
Zm00001eb048810	dTRD
Zm00001eb049210	dTRD
Zm00001eb049730	dTRD
Zm00001eb049800	dTRD
Zm00001eb049830	dTRD
Zm00001eb049990	dTRD
Zm00001eb050370	dTRD
Zm00001eb050610	dTRD
Zm00001eb051160	dTRD
Zm00001eb052080	dTRD
Zm00001eb052800	dTRD
Zm00001eb052910	dTRD
Zm00001eb053010	dTRD
Zm00001eb053120	dTRD
Zm00001eb053170	dTRD
Zm00001eb053580	dTRD
Zm00001eb053970	dTRD
Zm00001eb054090	dTRD
Zm00001eb054320	dTRD
Zm00001eb054490	dTRD
Zm00001eb054830	dTRD
Zm00001eb054870	dTRD
Zm00001eb055070	dTRD
Zm00001eb055120	dTRD
Zm00001eb056820	dTRD
Zm00001eb056930	dTRD
Zm00001eb057160	dTRD
Zm00001eb057590	dTRD
Zm00001eb057820	dTRD
Zm00001eb058260	dTRD
Zm00001eb058400	dTRD
Zm00001eb058490	dTRD
Zm00001eb059230	dTRD
Zm00001eb059590	dTRD
Zm00001eb060130	dTRD
Zm00001eb060200	dTRD
Zm00001eb060310	dTRD
Zm00001eb060520	dTRD
Zm00001eb060680	dTRD
Zm00001eb060990	dTRD
Zm00001eb061360	dTRD
Zm00001eb061510	dTRD
Zm00001eb061610	dTRD
Zm00001eb061820	dTRD
Zm00001eb063260	dTRD
Zm00001eb063410	dTRD
Zm00001eb063780	dTRD
Zm00001eb064400	dTRD
Zm00001eb064780	dTRD
Zm00001eb064870	dTRD
Zm00001eb065890	dTRD
Zm00001eb066390	dTRD
Zm00001eb066610	dTRD
Zm00001eb066880	dTRD
Zm00001eb066890	dTRD
Zm00001eb066940	dTRD
Zm00001eb067120	dTRD
Zm00001eb067660	dTRD
Zm00001eb067920	dTRD
Zm00001eb067980	dTRD
Zm00001eb068160	dTRD
Zm00001eb068360	dTRD
Zm00001eb068590	dTRD
Zm00001eb068630	dTRD
Zm00001eb068680	dTRD
Zm00001eb068710	dTRD
Zm00001eb068770	dTRD
Zm00001eb069120	dTRD
Zm00001eb069180	dTRD
Zm00001eb070170	dTRD
Zm00001eb070290	dTRD
Zm00001eb071130	dTRD
Zm00001eb071220	dTRD
Zm00001eb071360	dTRD
Zm00001eb071370	dTRD
Zm00001eb073000	dTRD
Zm00001eb073400	dTRD
Zm00001eb073620	dTRD
Zm00001eb073970	dTRD
Zm00001eb074710	dTRD
Zm00001eb075090	dTRD
Zm00001eb075150	dTRD
Zm00001eb075190	dTRD
Zm00001eb075700	dTRD
Zm00001eb075750	dTRD
Zm00001eb075830	dTRD
Zm00001eb075970	dTRD
Zm00001eb075980	dTRD
Zm00001eb075990	dTRD
Zm00001eb076160	dTRD
Zm00001eb076230	dTRD
Zm00001eb076590	dTRD
Zm00001eb076610	dTRD
Zm00001eb077030	dTRD
Zm00001eb077740	dTRD
Zm00001eb077770	dTRD
Zm00001eb077940	dTRD
Zm00001eb077960	dTRD
Zm00001eb077980	dTRD
Zm00001eb078620	dTRD
Zm00001eb080110	dTRD
Zm00001eb081140	dTRD
Zm00001eb081850	dTRD
Zm00001eb082050	dTRD
Zm00001eb082920	dTRD
Zm00001eb083320	dTRD
Zm00001eb083350	dTRD
Zm00001eb083360	dTRD
Zm00001eb083720	dTRD
Zm00001eb084120	dTRD
Zm00001eb084940	dTRD
Zm00001eb086030	dTRD
Zm00001eb086470	dTRD
Zm00001eb086560	dTRD
Zm00001eb086720	dTRD
Zm00001eb087080	dTRD
Zm00001eb087140	dTRD
Zm00001eb087350	dTRD
Zm00001eb088190	dTRD
Zm00001eb088450	dTRD
Zm00001eb088800	dTRD
Zm00001eb088950	dTRD
Zm00001eb089390	dTRD
Zm00001eb090320	dTRD
Zm00001eb090360	dTRD
Zm00001eb090390	dTRD
Zm00001eb090850	dTRD
Zm00001eb090920	dTRD
Zm00001eb092030	dTRD
Zm00001eb092200	dTRD
Zm00001eb092510	dTRD
Zm00001eb092870	dTRD
Zm00001eb093230	dTRD
Zm00001eb093450	dTRD
Zm00001eb093770	dTRD
Zm00001eb094300	dTRD
Zm00001eb094390	dTRD
Zm00001eb094540	dTRD
Zm00001eb094670	dTRD
Zm00001eb094900	dTRD
Zm00001eb095450	dTRD
Zm00001eb095680	dTRD
Zm00001eb095980	dTRD
Zm00001eb096040	dTRD
Zm00001eb096580	dTRD
Zm00001eb096750	dTRD
Zm00001eb097340	dTRD
Zm00001eb098490	dTRD
Zm00001eb099110	dTRD
Zm00001eb101150	dTRD
Zm00001eb101310	dTRD
Zm00001eb102470	dTRD
Zm00001eb103600	dTRD
Zm00001eb103890	dTRD
Zm00001eb104760	dTRD
Zm00001eb104950	dTRD
Zm00001eb105530	dTRD
Zm00001eb106130	dTRD
Zm00001eb106770	dTRD
Zm00001eb107650	dTRD
Zm00001eb108690	dTRD
Zm00001eb109510	dTRD
Zm00001eb109570	dTRD
Zm00001eb110300	dTRD
Zm00001eb110830	dTRD
Zm00001eb110910	dTRD
Zm00001eb112480	dTRD
Zm00001eb112670	dTRD
Zm00001eb112950	dTRD
Zm00001eb113430	dTRD
Zm00001eb113780	dTRD
Zm00001eb113880	dTRD
Zm00001eb114370	dTRD
Zm00001eb114530	dTRD
Zm00001eb114940	dTRD
Zm00001eb115250	dTRD
Zm00001eb115940	dTRD
Zm00001eb116260	dTRD
Zm00001eb116710	dTRD
Zm00001eb117230	dTRD
Zm00001eb117870	dTRD
Zm00001eb118370	dTRD
Zm00001eb118510	dTRD
Zm00001eb118540	dTRD
Zm00001eb118580	dTRD
Zm00001eb118760	dTRD
Zm00001eb118830	dTRD
Zm00001eb118930	dTRD
Zm00001eb119060	dTRD
Zm00001eb120080	dTRD
Zm00001eb120290	dTRD
Zm00001eb120500	dTRD
Zm00001eb120880	dTRD
Zm00001eb121510	dTRD
Zm00001eb122110	dTRD
Zm00001eb123480	dTRD
Zm00001eb123510	dTRD
Zm00001eb123700	dTRD
Zm00001eb123920	dTRD
Zm00001eb124570	dTRD
Zm00001eb124680	dTRD
Zm00001eb125400	dTRD
Zm00001eb125620	dTRD
Zm00001eb126200	dTRD
Zm00001eb126350	dTRD
Zm00001eb126590	dTRD
Zm00001eb126600	dTRD
Zm00001eb126750	dTRD
Zm00001eb126900	dTRD
Zm00001eb127440	dTRD
Zm00001eb127620	dTRD
Zm00001eb127740	dTRD
Zm00001eb128040	dTRD
Zm00001eb128100	dTRD
Zm00001eb128450	dTRD
Zm00001eb128890	dTRD
Zm00001eb128940	dTRD
Zm00001eb129230	dTRD
Zm00001eb130050	dTRD
Zm00001eb130430	dTRD
Zm00001eb130730	dTRD
Zm00001eb130850	dTRD
Zm00001eb131160	dTRD
Zm00001eb131400	dTRD
Zm00001eb131790	dTRD
Zm00001eb131860	dTRD
Zm00001eb132600	dTRD
Zm00001eb132960	dTRD
Zm00001eb133050	dTRD
Zm00001eb133060	dTRD
Zm00001eb133100	dTRD
Zm00001eb133410	dTRD
Zm00001eb133440	dTRD
Zm00001eb133760	dTRD
Zm00001eb134330	dTRD
Zm00001eb134340	dTRD
Zm00001eb134700	dTRD
Zm00001eb135120	dTRD
Zm00001eb135180	dTRD
Zm00001eb135990	dTRD
Zm00001eb136200	dTRD
Zm00001eb137210	dTRD
Zm00001eb137340	dTRD
Zm00001eb137630	dTRD
Zm00001eb137740	dTRD
Zm00001eb138080	dTRD
Zm00001eb138110	dTRD
Zm00001eb138310	dTRD
Zm00001eb138450	dTRD
Zm00001eb138460	dTRD
Zm00001eb138600	dTRD
Zm00001eb138850	dTRD
Zm00001eb138980	dTRD
Zm00001eb138990	dTRD
Zm00001eb139290	dTRD
Zm00001eb139660	dTRD
Zm00001eb139720	dTRD
Zm00001eb139800	dTRD
Zm00001eb140030	dTRD
Zm00001eb140180	dTRD
Zm00001eb140210	dTRD
Zm00001eb140480	dTRD
Zm00001eb140540	dTRD
Zm00001eb140760	dTRD
Zm00001eb141640	dTRD
Zm00001eb142490	dTRD
Zm00001eb142500	dTRD
Zm00001eb142600	dTRD
Zm00001eb142900	dTRD
Zm00001eb143370	dTRD
Zm00001eb143550	dTRD
Zm00001eb143680	dTRD
Zm00001eb143850	dTRD
Zm00001eb143990	dTRD
Zm00001eb144530	dTRD
Zm00001eb144570	dTRD
Zm00001eb145430	dTRD
Zm00001eb146610	dTRD
Zm00001eb146750	dTRD
Zm00001eb147760	dTRD
Zm00001eb147770	dTRD
Zm00001eb147780	dTRD
Zm00001eb148120	dTRD
Zm00001eb148320	dTRD
Zm00001eb149750	dTRD
Zm00001eb149820	dTRD
Zm00001eb149990	dTRD
Zm00001eb150220	dTRD
Zm00001eb150590	dTRD
Zm00001eb151290	dTRD
Zm00001eb151400	dTRD
Zm00001eb151470	dTRD
Zm00001eb152700	dTRD
Zm00001eb153170	dTRD
Zm00001eb153180	dTRD
Zm00001eb153510	dTRD
Zm00001eb154230	dTRD
Zm00001eb154280	dTRD
Zm00001eb154290	dTRD
Zm00001eb154590	dTRD
Zm00001eb154930	dTRD
Zm00001eb155450	dTRD
Zm00001eb155910	dTRD
Zm00001eb156360	dTRD
Zm00001eb156540	dTRD
Zm00001eb157610	dTRD
Zm00001eb158550	dTRD
Zm00001eb159040	dTRD
Zm00001eb159190	dTRD
Zm00001eb159870	dTRD
Zm00001eb159990	dTRD
Zm00001eb160680	dTRD
Zm00001eb160990	dTRD
Zm00001eb161000	dTRD
Zm00001eb161010	dTRD
Zm00001eb161820	dTRD
Zm00001eb162240	dTRD
Zm00001eb162630	dTRD
Zm00001eb162710	dTRD
Zm00001eb162830	dTRD
Zm00001eb162880	dTRD
Zm00001eb163200	dTRD
Zm00001eb163500	dTRD
Zm00001eb163740	dTRD
Zm00001eb163750	dTRD
Zm00001eb165440	dTRD
Zm00001eb165700	dTRD
Zm00001eb165970	dTRD
Zm00001eb166400	dTRD
Zm00001eb167360	dTRD
Zm00001eb167740	dTRD
Zm00001eb168160	dTRD
Zm00001eb168220	dTRD
Zm00001eb168550	dTRD
Zm00001eb168770	dTRD
Zm00001eb168930	dTRD
Zm00001eb168940	dTRD
Zm00001eb169040	dTRD
Zm00001eb169340	dTRD
Zm00001eb169370	dTRD
Zm00001eb169410	dTRD
Zm00001eb169560	dTRD
Zm00001eb169800	dTRD
Zm00001eb170540	dTRD
Zm00001eb170930	dTRD
Zm00001eb171240	dTRD
Zm00001eb171420	dTRD
Zm00001eb171880	dTRD
Zm00001eb172190	dTRD
Zm00001eb172290	dTRD
Zm00001eb172550	dTRD
Zm00001eb172940	dTRD
Zm00001eb172970	dTRD
Zm00001eb173880	dTRD
Zm00001eb173970	dTRD
Zm00001eb175070	dTRD
Zm00001eb175420	dTRD
Zm00001eb175810	dTRD
Zm00001eb177660	dTRD
Zm00001eb178040	dTRD
Zm00001eb178050	dTRD
Zm00001eb178280	dTRD
Zm00001eb178510	dTRD
Zm00001eb178600	dTRD
Zm00001eb178780	dTRD
Zm00001eb179050	dTRD
Zm00001eb180070	dTRD
Zm00001eb180080	dTRD
Zm00001eb180180	dTRD
Zm00001eb180280	dTRD
Zm00001eb180450	dTRD
Zm00001eb180830	dTRD
Zm00001eb181140	dTRD
Zm00001eb181190	dTRD
Zm00001eb181370	dTRD
Zm00001eb181790	dTRD
Zm00001eb182710	dTRD
Zm00001eb182960	dTRD
Zm00001eb183840	dTRD
Zm00001eb183850	dTRD
Zm00001eb183980	dTRD
Zm00001eb185120	dTRD
Zm00001eb185350	dTRD
Zm00001eb185890	dTRD
Zm00001eb186220	dTRD
Zm00001eb186310	dTRD
Zm00001eb187180	dTRD
Zm00001eb187760	dTRD
Zm00001eb188360	dTRD
Zm00001eb188500	dTRD
Zm00001eb188870	dTRD
Zm00001eb188940	dTRD
Zm00001eb189550	dTRD
Zm00001eb189890	dTRD
Zm00001eb190210	dTRD
Zm00001eb190450	dTRD
Zm00001eb190770	dTRD
Zm00001eb192190	dTRD
Zm00001eb192410	dTRD
Zm00001eb192810	dTRD
Zm00001eb192950	dTRD
Zm00001eb193090	dTRD
Zm00001eb193160	dTRD
Zm00001eb193600	dTRD
Zm00001eb194930	dTRD
Zm00001eb196450	dTRD
Zm00001eb197270	dTRD
Zm00001eb197640	dTRD
Zm00001eb198710	dTRD
Zm00001eb198810	dTRD
Zm00001eb198840	dTRD
Zm00001eb199630	dTRD
Zm00001eb200520	dTRD
Zm00001eb200830	dTRD
Zm00001eb201210	dTRD
Zm00001eb201220	dTRD
Zm00001eb201260	dTRD
Zm00001eb201340	dTRD
Zm00001eb201710	dTRD
Zm00001eb201930	dTRD
Zm00001eb202460	dTRD
Zm00001eb202540	dTRD
Zm00001eb202870	dTRD
Zm00001eb202920	dTRD
Zm00001eb202940	dTRD
Zm00001eb203260	dTRD
Zm00001eb203460	dTRD
Zm00001eb203690	dTRD
Zm00001eb203830	dTRD
Zm00001eb203860	dTRD
Zm00001eb204280	dTRD
Zm00001eb204350	dTRD
Zm00001eb204690	dTRD
Zm00001eb204900	dTRD
Zm00001eb205140	dTRD
Zm00001eb205210	dTRD
Zm00001eb205280	dTRD
Zm00001eb206020	dTRD
Zm00001eb206040	dTRD
Zm00001eb206840	dTRD
Zm00001eb208440	dTRD
Zm00001eb209210	dTRD
Zm00001eb209900	dTRD
Zm00001eb210190	dTRD
Zm00001eb210350	dTRD
Zm00001eb210770	dTRD
Zm00001eb211080	dTRD
Zm00001eb211580	dTRD
Zm00001eb212270	dTRD
Zm00001eb213180	dTRD
Zm00001eb213580	dTRD
Zm00001eb213850	dTRD
Zm00001eb214370	dTRD
Zm00001eb214790	dTRD
Zm00001eb214930	dTRD
Zm00001eb215380	dTRD
Zm00001eb215440	dTRD
Zm00001eb215470	dTRD
Zm00001eb216130	dTRD
Zm00001eb216190	dTRD
Zm00001eb216560	dTRD
Zm00001eb217050	dTRD
Zm00001eb217120	dTRD
Zm00001eb217190	dTRD
Zm00001eb218390	dTRD
Zm00001eb218920	dTRD
Zm00001eb219360	dTRD
Zm00001eb219820	dTRD
Zm00001eb220630	dTRD
Zm00001eb221890	dTRD
Zm00001eb222830	dTRD
Zm00001eb222840	dTRD
Zm00001eb222890	dTRD
Zm00001eb223270	dTRD
Zm00001eb223470	dTRD
Zm00001eb223980	dTRD
Zm00001eb224350	dTRD
Zm00001eb224450	dTRD
Zm00001eb224800	dTRD
Zm00001eb224990	dTRD
Zm00001eb225030	dTRD
Zm00001eb225060	dTRD
Zm00001eb225270	dTRD
Zm00001eb225390	dTRD
Zm00001eb227220	dTRD
Zm00001eb227600	dTRD
Zm00001eb227610	dTRD
Zm00001eb228310	dTRD
Zm00001eb228670	dTRD
Zm00001eb228700	dTRD
Zm00001eb229020	dTRD
Zm00001eb229060	dTRD
Zm00001eb230070	dTRD
Zm00001eb230220	dTRD
Zm00001eb231060	dTRD
Zm00001eb231390	dTRD
Zm00001eb234230	dTRD
Zm00001eb234580	dTRD
Zm00001eb235310	dTRD
Zm00001eb235740	dTRD
Zm00001eb235970	dTRD
Zm00001eb235980	dTRD
Zm00001eb236270	dTRD
Zm00001eb236680	dTRD
Zm00001eb236960	dTRD
Zm00001eb236990	dTRD
Zm00001eb237050	dTRD
Zm00001eb237130	dTRD
Zm00001eb237250	dTRD
Zm00001eb237470	dTRD
Zm00001eb237510	dTRD
Zm00001eb237680	dTRD
Zm00001eb237930	dTRD
Zm00001eb238900	dTRD
Zm00001eb239420	dTRD
Zm00001eb239610	dTRD
Zm00001eb240010	dTRD
Zm00001eb240620	dTRD
Zm00001eb241040	dTRD
Zm00001eb241070	dTRD
Zm00001eb241230	dTRD
Zm00001eb241970	dTRD
Zm00001eb243100	dTRD
Zm00001eb243620	dTRD
Zm00001eb244050	dTRD
Zm00001eb244660	dTRD
Zm00001eb244720	dTRD
Zm00001eb244840	dTRD
Zm00001eb244850	dTRD
Zm00001eb246500	dTRD
Zm00001eb246750	dTRD
Zm00001eb247030	dTRD
Zm00001eb248030	dTRD
Zm00001eb248760	dTRD
Zm00001eb249000	dTRD
Zm00001eb249360	dTRD
Zm00001eb250740	dTRD
Zm00001eb251010	dTRD
Zm00001eb251160	dTRD
Zm00001eb251280	dTRD
Zm00001eb252310	dTRD
Zm00001eb252570	dTRD
Zm00001eb253360	dTRD
Zm00001eb253560	dTRD
Zm00001eb253620	dTRD
Zm00001eb255260	dTRD
Zm00001eb255520	dTRD
Zm00001eb255610	dTRD
Zm00001eb256330	dTRD
Zm00001eb256770	dTRD
Zm00001eb257150	dTRD
Zm00001eb257360	dTRD
Zm00001eb257380	dTRD
Zm00001eb257780	dTRD
Zm00001eb257800	dTRD
Zm00001eb257830	dTRD
Zm00001eb258130	dTRD
Zm00001eb258600	dTRD
Zm00001eb259040	dTRD
Zm00001eb259670	dTRD
Zm00001eb259870	dTRD
Zm00001eb259960	dTRD
Zm00001eb260450	dTRD
Zm00001eb260650	dTRD
Zm00001eb260740	dTRD
Zm00001eb261420	dTRD
Zm00001eb261890	dTRD
Zm00001eb264360	dTRD
Zm00001eb264380	dTRD
Zm00001eb264870	dTRD
Zm00001eb265150	dTRD
Zm00001eb265690	dTRD
Zm00001eb265730	dTRD
Zm00001eb266300	dTRD
Zm00001eb266900	dTRD
Zm00001eb267090	dTRD
Zm00001eb267240	dTRD
Zm00001eb267380	dTRD
Zm00001eb267600	dTRD
Zm00001eb267700	dTRD
Zm00001eb267710	dTRD
Zm00001eb267770	dTRD
Zm00001eb267780	dTRD
Zm00001eb268400	dTRD
Zm00001eb268510	dTRD
Zm00001eb268880	dTRD
Zm00001eb269140	dTRD
Zm00001eb269820	dTRD
Zm00001eb269880	dTRD
Zm00001eb270960	dTRD
Zm00001eb271040	dTRD
Zm00001eb271090	dTRD
Zm00001eb272330	dTRD
Zm00001eb273770	dTRD
Zm00001eb273940	dTRD
Zm00001eb274660	dTRD
Zm00001eb274750	dTRD
Zm00001eb275110	dTRD
Zm00001eb276140	dTRD
Zm00001eb276170	dTRD
Zm00001eb276350	dTRD
Zm00001eb276490	dTRD
Zm00001eb276520	dTRD
Zm00001eb276600	dTRD
Zm00001eb276780	dTRD
Zm00001eb277420	dTRD
Zm00001eb277650	dTRD
Zm00001eb278120	dTRD
Zm00001eb278510	dTRD
Zm00001eb278690	dTRD
Zm00001eb278950	dTRD
Zm00001eb279070	dTRD
Zm00001eb279240	dTRD
Zm00001eb279560	dTRD
Zm00001eb280160	dTRD
Zm00001eb280470	dTRD
Zm00001eb281630	dTRD
Zm00001eb281930	dTRD
Zm00001eb282220	dTRD
Zm00001eb282240	dTRD
Zm00001eb283500	dTRD
Zm00001eb283590	dTRD
Zm00001eb283750	dTRD
Zm00001eb283960	dTRD
Zm00001eb283980	dTRD
Zm00001eb284190	dTRD
Zm00001eb284390	dTRD
Zm00001eb284520	dTRD
Zm00001eb284570	dTRD
Zm00001eb284730	dTRD
Zm00001eb284740	dTRD
Zm00001eb284750	dTRD
Zm00001eb284770	dTRD
Zm00001eb284850	dTRD
Zm00001eb285020	dTRD
Zm00001eb285050	dTRD
Zm00001eb285140	dTRD
Zm00001eb285400	dTRD
Zm00001eb285440	dTRD
Zm00001eb285840	dTRD
Zm00001eb285860	dTRD
Zm00001eb286440	dTRD
Zm00001eb286490	dTRD
Zm00001eb286750	dTRD
Zm00001eb286900	dTRD
Zm00001eb286970	dTRD
Zm00001eb287090	dTRD
Zm00001eb287220	dTRD
Zm00001eb287600	dTRD
Zm00001eb287620	dTRD
Zm00001eb287780	dTRD
Zm00001eb288100	dTRD
Zm00001eb288310	dTRD
Zm00001eb288500	dTRD
Zm00001eb288770	dTRD
Zm00001eb288790	dTRD
Zm00001eb289230	dTRD
Zm00001eb289310	dTRD
Zm00001eb289600	dTRD
Zm00001eb289920	dTRD
Zm00001eb291350	dTRD
Zm00001eb291870	dTRD
Zm00001eb292340	dTRD
Zm00001eb292440	dTRD
Zm00001eb293170	dTRD
Zm00001eb293960	dTRD
Zm00001eb294290	dTRD
Zm00001eb294720	dTRD
Zm00001eb295390	dTRD
Zm00001eb296110	dTRD
Zm00001eb296750	dTRD
Zm00001eb297670	dTRD
Zm00001eb297680	dTRD
Zm00001eb298030	dTRD
Zm00001eb298310	dTRD
Zm00001eb298390	dTRD
Zm00001eb298510	dTRD
Zm00001eb298580	dTRD
Zm00001eb299920	dTRD
Zm00001eb300830	dTRD
Zm00001eb300910	dTRD
Zm00001eb300920	dTRD
Zm00001eb300930	dTRD
Zm00001eb301720	dTRD
Zm00001eb301740	dTRD
Zm00001eb301940	dTRD
Zm00001eb301950	dTRD
Zm00001eb302510	dTRD
Zm00001eb302930	dTRD
Zm00001eb303020	dTRD
Zm00001eb304780	dTRD
Zm00001eb304940	dTRD
Zm00001eb305450	dTRD
Zm00001eb305610	dTRD
Zm00001eb306230	dTRD
Zm00001eb306570	dTRD
Zm00001eb307000	dTRD
Zm00001eb307470	dTRD
Zm00001eb307660	dTRD
Zm00001eb307720	dTRD
Zm00001eb307950	dTRD
Zm00001eb308340	dTRD
Zm00001eb308380	dTRD
Zm00001eb308960	dTRD
Zm00001eb309350	dTRD
Zm00001eb309370	dTRD
Zm00001eb309400	dTRD
Zm00001eb309690	dTRD
Zm00001eb309800	dTRD
Zm00001eb309910	dTRD
Zm00001eb310380	dTRD
Zm00001eb310680	dTRD
Zm00001eb312420	dTRD
Zm00001eb312840	dTRD
Zm00001eb313510	dTRD
Zm00001eb313900	dTRD
Zm00001eb314020	dTRD
Zm00001eb314550	dTRD
Zm00001eb314600	dTRD
Zm00001eb314670	dTRD
Zm00001eb315690	dTRD
Zm00001eb315700	dTRD
Zm00001eb315930	dTRD
Zm00001eb315970	dTRD
Zm00001eb317940	dTRD
Zm00001eb319010	dTRD
Zm00001eb319040	dTRD
Zm00001eb320840	dTRD
Zm00001eb321390	dTRD
Zm00001eb322560	dTRD
Zm00001eb323570	dTRD
Zm00001eb324740	dTRD
Zm00001eb324820	dTRD
Zm00001eb324910	dTRD
Zm00001eb325320	dTRD
Zm00001eb326520	dTRD
Zm00001eb326930	dTRD
Zm00001eb327320	dTRD
Zm00001eb327550	dTRD
Zm00001eb328310	dTRD
Zm00001eb328410	dTRD
Zm00001eb328570	dTRD
Zm00001eb328980	dTRD
Zm00001eb329520	dTRD
Zm00001eb330250	dTRD
Zm00001eb331400	dTRD
Zm00001eb331540	dTRD
Zm00001eb331620	dTRD
Zm00001eb332010	dTRD
Zm00001eb332590	dTRD
Zm00001eb333180	dTRD
Zm00001eb333490	dTRD
Zm00001eb333800	dTRD
Zm00001eb333860	dTRD
Zm00001eb333920	dTRD
Zm00001eb333970	dTRD
Zm00001eb334370	dTRD
Zm00001eb334380	dTRD
Zm00001eb335030	dTRD
Zm00001eb336510	dTRD
Zm00001eb336950	dTRD
Zm00001eb337560	dTRD
Zm00001eb337590	dTRD
Zm00001eb337700	dTRD
Zm00001eb337780	dTRD
Zm00001eb337990	dTRD
Zm00001eb338230	dTRD
Zm00001eb338430	dTRD
Zm00001eb338840	dTRD
Zm00001eb339310	dTRD
Zm00001eb339670	dTRD
Zm00001eb339980	dTRD
Zm00001eb340010	dTRD
Zm00001eb340250	dTRD
Zm00001eb340820	dTRD
Zm00001eb340900	dTRD
Zm00001eb341480	dTRD
Zm00001eb341580	dTRD
Zm00001eb341650	dTRD
Zm00001eb341880	dTRD
Zm00001eb342240	dTRD
Zm00001eb342300	dTRD
Zm00001eb343850	dTRD
Zm00001eb344360	dTRD
Zm00001eb345510	dTRD
Zm00001eb345900	dTRD
Zm00001eb345980	dTRD
Zm00001eb346430	dTRD
Zm00001eb346580	dTRD
Zm00001eb346680	dTRD
Zm00001eb346760	dTRD
Zm00001eb346870	dTRD
Zm00001eb347020	dTRD
Zm00001eb347100	dTRD
Zm00001eb347230	dTRD
Zm00001eb347490	dTRD
Zm00001eb347570	dTRD
Zm00001eb347600	dTRD
Zm00001eb347750	dTRD
Zm00001eb347840	dTRD
Zm00001eb348530	dTRD
Zm00001eb348580	dTRD
Zm00001eb348990	dTRD
Zm00001eb349120	dTRD
Zm00001eb349140	dTRD
Zm00001eb349990	dTRD
Zm00001eb350080	dTRD
Zm00001eb350230	dTRD
Zm00001eb350280	dTRD
Zm00001eb350290	dTRD
Zm00001eb350990	dTRD
Zm00001eb351090	dTRD
Zm00001eb351100	dTRD
Zm00001eb351160	dTRD
Zm00001eb351170	dTRD
Zm00001eb351220	dTRD
Zm00001eb351370	dTRD
Zm00001eb351540	dTRD
Zm00001eb352300	dTRD
Zm00001eb352860	dTRD
Zm00001eb352970	dTRD
Zm00001eb353130	dTRD
Zm00001eb353460	dTRD
Zm00001eb353950	dTRD
Zm00001eb354380	dTRD
Zm00001eb354650	dTRD
Zm00001eb355160	dTRD
Zm00001eb355640	dTRD
Zm00001eb355750	dTRD
Zm00001eb355760	dTRD
Zm00001eb355810	dTRD
Zm00001eb356710	dTRD
Zm00001eb357660	dTRD
Zm00001eb357790	dTRD
Zm00001eb359390	dTRD
Zm00001eb360030	dTRD
Zm00001eb360150	dTRD
Zm00001eb361390	dTRD
Zm00001eb361420	dTRD
Zm00001eb361990	dTRD
Zm00001eb362000	dTRD
Zm00001eb362190	dTRD
Zm00001eb362420	dTRD
Zm00001eb362610	dTRD
Zm00001eb363000	dTRD
Zm00001eb363030	dTRD
Zm00001eb363680	dTRD
Zm00001eb363760	dTRD
Zm00001eb363860	dTRD
Zm00001eb363960	dTRD
Zm00001eb365520	dTRD
Zm00001eb365590	dTRD
Zm00001eb365660	dTRD
Zm00001eb366080	dTRD
Zm00001eb367080	dTRD
Zm00001eb367440	dTRD
Zm00001eb367870	dTRD
Zm00001eb368430	dTRD
Zm00001eb368550	dTRD
Zm00001eb368650	dTRD
Zm00001eb368680	dTRD
Zm00001eb368760	dTRD
Zm00001eb369860	dTRD
Zm00001eb370010	dTRD
Zm00001eb370330	dTRD
Zm00001eb371040	dTRD
Zm00001eb371140	dTRD
Zm00001eb371150	dTRD
Zm00001eb371310	dTRD
Zm00001eb371490	dTRD
Zm00001eb372200	dTRD
Zm00001eb372690	dTRD
Zm00001eb372780	dTRD
Zm00001eb373170	dTRD
Zm00001eb373950	dTRD
Zm00001eb373970	dTRD
Zm00001eb374630	dTRD
Zm00001eb374670	dTRD
Zm00001eb374910	dTRD
Zm00001eb374970	dTRD
Zm00001eb375450	dTRD
Zm00001eb375480	dTRD
Zm00001eb375600	dTRD
Zm00001eb376100	dTRD
Zm00001eb376130	dTRD
Zm00001eb376750	dTRD
Zm00001eb378300	dTRD
Zm00001eb379710	dTRD
Zm00001eb380370	dTRD
Zm00001eb380490	dTRD
Zm00001eb380630	dTRD
Zm00001eb380890	dTRD
Zm00001eb381530	dTRD
Zm00001eb381560	dTRD
Zm00001eb381950	dTRD
Zm00001eb382180	dTRD
Zm00001eb382220	dTRD
Zm00001eb382380	dTRD
Zm00001eb382580	dTRD
Zm00001eb382880	dTRD
Zm00001eb383180	dTRD
Zm00001eb383310	dTRD
Zm00001eb384260	dTRD
Zm00001eb384300	dTRD
Zm00001eb384600	dTRD
Zm00001eb385970	dTRD
Zm00001eb386660	dTRD
Zm00001eb386840	dTRD
Zm00001eb386880	dTRD
Zm00001eb387500	dTRD
Zm00001eb389150	dTRD
Zm00001eb389400	dTRD
Zm00001eb389720	dTRD
Zm00001eb389860	dTRD
Zm00001eb389970	dTRD
Zm00001eb390160	dTRD
Zm00001eb390200	dTRD
Zm00001eb390260	dTRD
Zm00001eb390870	dTRD
Zm00001eb390950	dTRD
Zm00001eb391790	dTRD
Zm00001eb392210	dTRD
Zm00001eb393060	dTRD
Zm00001eb393140	dTRD
Zm00001eb393410	dTRD
Zm00001eb393610	dTRD
Zm00001eb393640	dTRD
Zm00001eb393900	dTRD
Zm00001eb393910	dTRD
Zm00001eb394340	dTRD
Zm00001eb394830	dTRD
Zm00001eb395110	dTRD
Zm00001eb396330	dTRD
Zm00001eb396340	dTRD
Zm00001eb397740	dTRD
Zm00001eb397810	dTRD
Zm00001eb398440	dTRD
Zm00001eb398720	dTRD
Zm00001eb399300	dTRD
Zm00001eb399430	dTRD
Zm00001eb399590	dTRD
Zm00001eb399940	dTRD
Zm00001eb400300	dTRD
Zm00001eb400710	dTRD
Zm00001eb401230	dTRD
Zm00001eb401670	dTRD
Zm00001eb402130	dTRD
Zm00001eb402190	dTRD
Zm00001eb402290	dTRD
Zm00001eb403320	dTRD
Zm00001eb403360	dTRD
Zm00001eb403910	dTRD
Zm00001eb404710	dTRD
Zm00001eb404730	dTRD
Zm00001eb404960	dTRD
Zm00001eb405250	dTRD
Zm00001eb405740	dTRD
Zm00001eb405950	dTRD
Zm00001eb406010	dTRD
Zm00001eb406090	dTRD
Zm00001eb406900	dTRD
Zm00001eb407490	dTRD
Zm00001eb408000	dTRD
Zm00001eb408290	dTRD
Zm00001eb408510	dTRD
Zm00001eb408530	dTRD
Zm00001eb408720	dTRD
Zm00001eb408890	dTRD
Zm00001eb408980	dTRD
Zm00001eb409190	dTRD
Zm00001eb409440	dTRD
Zm00001eb409590	dTRD
Zm00001eb410250	dTRD
Zm00001eb410630	dTRD
Zm00001eb410940	dTRD
Zm00001eb411190	dTRD
Zm00001eb411340	dTRD
Zm00001eb411490	dTRD
Zm00001eb411580	dTRD
Zm00001eb411920	dTRD
Zm00001eb412050	dTRD
Zm00001eb412170	dTRD
Zm00001eb412560	dTRD
Zm00001eb412900	dTRD
Zm00001eb413500	dTRD
Zm00001eb413700	dTRD
Zm00001eb413840	dTRD
Zm00001eb414580	dTRD
Zm00001eb414790	dTRD
Zm00001eb415220	dTRD
Zm00001eb415280	dTRD
Zm00001eb415450	dTRD
Zm00001eb415530	dTRD
Zm00001eb415590	dTRD
Zm00001eb415670	dTRD
Zm00001eb416410	dTRD
Zm00001eb416550	dTRD
Zm00001eb416750	dTRD
Zm00001eb416760	dTRD
Zm00001eb417690	dTRD
Zm00001eb417930	dTRD
Zm00001eb418210	dTRD
Zm00001eb418830	dTRD
Zm00001eb419400	dTRD
Zm00001eb419420	dTRD
Zm00001eb419450	dTRD
Zm00001eb419840	dTRD
Zm00001eb420020	dTRD
Zm00001eb420260	dTRD
Zm00001eb420450	dTRD
Zm00001eb420770	dTRD
Zm00001eb420810	dTRD
Zm00001eb420980	dTRD
Zm00001eb421300	dTRD
Zm00001eb421770	dTRD
Zm00001eb422020	dTRD
Zm00001eb423140	dTRD
Zm00001eb423550	dTRD
Zm00001eb423560	dTRD
Zm00001eb423920	dTRD
Zm00001eb424820	dTRD
Zm00001eb425090	dTRD
Zm00001eb425900	dTRD
Zm00001eb426690	dTRD
Zm00001eb426720	dTRD
Zm00001eb427660	dTRD
Zm00001eb427810	dTRD
Zm00001eb429640	dTRD
Zm00001eb429720	dTRD
Zm00001eb431000	dTRD
Zm00001eb432000	dTRD
Zm00001eb432390	dTRD
Zm00001eb433120	dTRD
Zm00001eb433200	dTRD
Zm00001eb433930	dTRD
Zm00001eb434470	dTRD
Zm00001eb305810	DD
Zm00001eb074450	DD
Zm00001eb327120	DD
Zm00001eb429680	DD
Zm00001eb340240	DD
Zm00001eb369650	DD
Zm00001eb231020	DD
Zm00001eb388190	DD
Zm00001eb386680	DD
Zm00001eb357150	DD
Zm00001eb171040	DD
Zm00001eb339820	DD
Zm00001eb092490	DD
Zm00001eb131800	DD
Zm00001eb134440	DD
Zm00001eb134450	DD
Zm00001eb208290	DD
Zm00001eb208300	DD
Zm00001eb382550	DD
Zm00001eb387200	DD
Zm00001eb153210	DD
Zm00001eb088210	DD
Zm00001eb245250	DD
Zm00001eb416090	DD
Zm00001eb194900	DD
Zm00001eb002990	DD
Zm00001eb067930	DD
Zm00001eb301400	DD
Zm00001eb268460	DD
Zm00001eb301410	DD
Zm00001eb399000	DD
Zm00001eb379340	DD
Zm00001eb398990	DD
Zm00001eb282650	DD
Zm00001eb345620	DD
Zm00001eb291570	DD
Zm00001eb374420	DD
Zm00001eb140390	DD
Zm00001eb190930	DD
Zm00001eb307770	DD
Zm00001eb126500	DD
Zm00001eb281450	DD
Zm00001eb334480	DD
Zm00001eb093000	DD
Zm00001eb147610	DD
Zm00001eb321340	DD
Zm00001eb145820	DD
Zm00001eb172330	DD
Zm00001eb045470	DD
Zm00001eb221440	DD
Zm00001eb271790	DD
Zm00001eb051250	DD
Zm00001eb239950	DD
Zm00001eb184020	DD
Zm00001eb299220	DD
Zm00001eb304110	DD
Zm00001eb422510	DD
Zm00001eb354730	DD
Zm00001eb112570	DD
Zm00001eb272750	DD
Zm00001eb283440	DD
Zm00001eb090530	DD
Zm00001eb386960	DD
Zm00001eb382000	DD
Zm00001eb201070	DD
Zm00001eb069600	DD
Zm00001eb153160	DD
Zm00001eb121850	DD
Zm00001eb210100	DD
Zm00001eb295370	DD
Zm00001eb413230	DD
Zm00001eb048180	DD
Zm00001eb085900	DD
Zm00001eb167210	DD
Zm00001eb178770	DD
Zm00001eb388530	DD
Zm00001eb173940	DD
Zm00001eb006490	DD
Zm00001eb008600	DD
Zm00001eb024090	DD
Zm00001eb030060	DD
Zm00001eb210920	DD
Zm00001eb295260	DD
Zm00001eb310250	DD
Zm00001eb332070	DD
Zm00001eb332080	DD
Zm00001eb342170	DD
Zm00001eb410580	DD
Zm00001eb281690	DD
Zm00001eb298940	DD
Zm00001eb375410	DD
Zm00001eb269400	DD
Zm00001eb240960	DD
Zm00001eb008400	DD
Zm00001eb204950	DD
Zm00001eb182950	DD
Zm00001eb290040	DD
Zm00001eb040540	DD
Zm00001eb163790	DD
Zm00001eb208520	DD
Zm00001eb225020	DD
Zm00001eb246420	DD
Zm00001eb004940	DD
Zm00001eb048550	DD
Zm00001eb132310	DD
Zm00001eb231420	DD
Zm00001eb290830	DD
Zm00001eb307170	DD
Zm00001eb310410	DD
Zm00001eb216700	DD
Zm00001eb257240	DD
Zm00001eb233900	DD
Zm00001eb049030	DD
Zm00001eb374050	DD
Zm00001eb412210	DD
Zm00001eb333660	DD
Zm00001eb059910	DD
Zm00001eb293300	DD
Zm00001eb070390	DD
Zm00001eb209450	DD
Zm00001eb432750	DD
Zm00001eb197370	DD
Zm00001eb415750	DD
Zm00001eb406950	DD
Zm00001eb088870	DD
Zm00001eb240670	DD
Zm00001eb201140	DD
Zm00001eb346320	DD
Zm00001eb122560	DD
Zm00001eb335520	DD
Zm00001eb093810	DD
Zm00001eb196690	DD
Zm00001eb266400	DD
Zm00001eb263020	DD
Zm00001eb158470	DD
Zm00001eb259510	DD
Zm00001eb268650	DD
Zm00001eb352630	DD
Zm00001eb070510	DD
Zm00001eb378010	DD
Zm00001eb158010	DD
Zm00001eb230790	DD
Zm00001eb076470	DD
Zm00001eb176840	DD
Zm00001eb260000	DD
Zm00001eb379460	DD
Zm00001eb274650	DD
Zm00001eb072120	DD
Zm00001eb180520	DD
Zm00001eb284800	DD
Zm00001eb241000	DD
Zm00001eb294240	DD
Zm00001eb173010	DD
Zm00001eb000570	DD
Zm00001eb274260	DD
Zm00001eb277820	DD
Zm00001eb390020	DD
Zm00001eb122710	DD
Zm00001eb346500	DD
Zm00001eb093170	DD
Zm00001eb236940	DD
Zm00001eb220320	DD
Zm00001eb138610	DD
Zm00001eb261190	DD
Zm00001eb209570	DD
Zm00001eb308860	DD
Zm00001eb016430	DD
Zm00001eb329980	DD
Zm00001eb200610	DD
Zm00001eb248660	DD
Zm00001eb260760	DD
Zm00001eb066380	DD
Zm00001eb305920	DD
Zm00001eb119040	DD
Zm00001eb230210	DD
Zm00001eb403480	DD
Zm00001eb003310	DD
Zm00001eb051850	DD
Zm00001eb321220	DD
Zm00001eb038730	DD
Zm00001eb345810	DD
Zm00001eb146280	DD
Zm00001eb216690	DD
Zm00001eb393760	DD
Zm00001eb003060	DD
Zm00001eb104800	DD
Zm00001eb249870	DD
Zm00001eb333280	DD
Zm00001eb411060	DD
Zm00001eb041620	DD
Zm00001eb171440	DD
Zm00001eb119180	DD
Zm00001eb186520	DD
Zm00001eb167930	DD
Zm00001eb295180	DD
Zm00001eb063490	DD
Zm00001eb393920	DD
Zm00001eb400570	DD
Zm00001eb002910	DD
Zm00001eb260080	DD
Zm00001eb077430	DD
Zm00001eb183480	DD
Zm00001eb111030	DD
Zm00001eb062900	DD
Zm00001eb067510	DD
Zm00001eb134780	DD
Zm00001eb194880	DD
Zm00001eb366960	DD
Zm00001eb283650	DD
Zm00001eb074390	DD
Zm00001eb392130	DD
Zm00001eb433270	DD
Zm00001eb121810	DD
Zm00001eb337800	DD
Zm00001eb029920	DD
Zm00001eb071770	DD
Zm00001eb149870	DD
Zm00001eb221930	DD
Zm00001eb262730	DD
Zm00001eb327720	DD
Zm00001eb388810	DD
Zm00001eb118940	DD
Zm00001eb339380	DD
Zm00001eb347690	DD
Zm00001eb111700	DD
Zm00001eb335240	DD
Zm00001eb046280	DD
Zm00001eb190060	DD
Zm00001eb309310	DD
Zm00001eb070400	DD
Zm00001eb034990	DD
Zm00001eb336810	DD
Zm00001eb428310	DD
Zm00001eb376160	DD
Zm00001eb341220	DD
Zm00001eb376380	DD
Zm00001eb374580	DD
Zm00001eb402410	DD
Zm00001eb293400	DD
Zm00001eb123800	DD
Zm00001eb368090	DD
Zm00001eb397370	DD
Zm00001eb049680	DD
Zm00001eb133870	DD
Zm00001eb172920	DD
Zm00001eb089300	DD
Zm00001eb137810	DD
Zm00001eb078420	DD
Zm00001eb078430	DD
Zm00001eb216570	DD
Zm00001eb391210	DD
Zm00001eb076690	DD
Zm00001eb123230	DD
Zm00001eb362170	DD
Zm00001eb404170	DD
Zm00001eb012500	DD
Zm00001eb073220	DD
Zm00001eb081050	DD
Zm00001eb180990	DD
Zm00001eb351650	DD
Zm00001eb313560	DD
Zm00001eb421730	DD
Zm00001eb211440	DD
Zm00001eb117380	DD
Zm00001eb044580	DD
Zm00001eb298650	DD
Zm00001eb419550	DD
Zm00001eb243920	DD
Zm00001eb195490	DD
Zm00001eb197800	DD
Zm00001eb345220	DD
Zm00001eb279690	DD
Zm00001eb384140	DD
Zm00001eb359490	DD
Zm00001eb305830	DD
Zm00001eb027600	DD
Zm00001eb040930	DD
Zm00001eb072100	DD
Zm00001eb157300	DD
Zm00001eb169190	DD
Zm00001eb176300	DD
Zm00001eb254090	DD
Zm00001eb240840	DD
Zm00001eb251840	DD
Zm00001eb318390	DD
Zm00001eb372740	DD
Zm00001eb424890	DD
Zm00001eb425850	DD
Zm00001eb431070	DD
Zm00001eb091730	DD
Zm00001eb211270	DD
Zm00001eb079870	DD
Zm00001eb152440	DD
Zm00001eb111770	DD
Zm00001eb380710	DD
Zm00001eb331850	DD
Zm00001eb333210	DD
Zm00001eb115890	DD
Zm00001eb334910	DD
Zm00001eb070180	DD
Zm00001eb133360	DD
Zm00001eb322610	DD
Zm00001eb190100	DD
Zm00001eb403960	DD
Zm00001eb425040	DD
Zm00001eb117040	DD
Zm00001eb411120	DD
Zm00001eb292400	DD
Zm00001eb047240	DD
Zm00001eb054850	DD
Zm00001eb220970	DD
Zm00001eb032390	DD
Zm00001eb211890	DD
Zm00001eb294760	DD
Zm00001eb227910	DD
Zm00001eb297790	DD
Zm00001eb047730	DD
Zm00001eb268640	DD
Zm00001eb039290	DD
Zm00001eb317580	DD
Zm00001eb260070	DD
Zm00001eb404270	DD
Zm00001eb057220	DD
Zm00001eb032780	DD
Zm00001eb051910	DD
Zm00001eb056260	DD
Zm00001eb202140	DD
Zm00001eb268690	DD
Zm00001eb011050	DD
Zm00001eb139130	DD
Zm00001eb142930	DD
Zm00001eb146080	DD
Zm00001eb146110	DD
Zm00001eb152540	DD
Zm00001eb166370	DD
Zm00001eb373930	DD
Zm00001eb258160	DD
Zm00001eb396650	DD
Zm00001eb416960	DD
Zm00001eb393420	DD
Zm00001eb094420	DD
Zm00001eb182900	DD
Zm00001eb241600	DD
Zm00001eb296950	DD
Zm00001eb128310	DD
Zm00001eb128930	DD
Zm00001eb331000	DD
Zm00001eb317360	DD
Zm00001eb116580	DD
Zm00001eb271060	DD
Zm00001eb023750	DD
Zm00001eb288460	DD
Zm00001eb346220	DD
Zm00001eb050460	DD
Zm00001eb291360	DD
Zm00001eb264960	DD
Zm00001eb137910	DD
Zm00001eb018710	DD
Zm00001eb056460	DD
Zm00001eb076920	DD
Zm00001eb114460	DD
Zm00001eb256610	DD
Zm00001eb272450	DD
Zm00001eb012650	DD
Zm00001eb017220	DD
Zm00001eb049380	DD
Zm00001eb084980	DD
Zm00001eb187970	DD
Zm00001eb212420	DD
Zm00001eb344150	DD
Zm00001eb108180	DD
Zm00001eb365230	DD
Zm00001eb280550	DD
Zm00001eb383710	DD
Zm00001eb090220	DD
Zm00001eb146010	DD
Zm00001eb078550	DD
Zm00001eb208570	DD
Zm00001eb219430	DD
Zm00001eb220860	DD
Zm00001eb299650	DD
Zm00001eb260370	DD
Zm00001eb245200	DD
Zm00001eb325670	DD
Zm00001eb330870	DD
Zm00001eb029820	DD
Zm00001eb029830	DD
Zm00001eb132800	DD
Zm00001eb132810	DD
Zm00001eb411310	DD
Zm00001eb206050	DD
Zm00001eb141300	DD
Zm00001eb285300	DD
Zm00001eb302940	DD
Zm00001eb207600	DD
Zm00001eb350190	DD
Zm00001eb380340	DD
Zm00001eb027900	DD
Zm00001eb196300	DD
Zm00001eb292480	DD
Zm00001eb004560	DD
Zm00001eb210180	DD
Zm00001eb018810	DD
Zm00001eb207390	DD
Zm00001eb048050	DD
Zm00001eb048060	DD
Zm00001eb289410	DD
Zm00001eb309150	DD
Zm00001eb255490	DD
Zm00001eb344960	DD
Zm00001eb029120	DD
Zm00001eb029130	DD
Zm00001eb131680	DD
Zm00001eb341340	DD
Zm00001eb408370	DD
Zm00001eb097330	DD
Zm00001eb223850	DD
Zm00001eb298300	DD
Zm00001eb310400	DD
Zm00001eb196840	DD
Zm00001eb276880	DD
Zm00001eb200460	DD
Zm00001eb006160	DD
Zm00001eb236590	DD
Zm00001eb051500	DD
Zm00001eb306500	DD
Zm00001eb215500	DD
Zm00001eb042590	DD
Zm00001eb229900	DD
Zm00001eb393320	DD
Zm00001eb070800	DD
Zm00001eb189910	DD
Zm00001eb198290	DD
Zm00001eb307780	DD
Zm00001eb326500	DD
Zm00001eb433720	DD
Zm00001eb414700	DD
Zm00001eb394770	DD
Zm00001eb064430	DD
Zm00001eb256290	DD
Zm00001eb390570	DD
Zm00001eb408830	DD
Zm00001eb023530	DD
Zm00001eb049060	DD
Zm00001eb051520	DD
Zm00001eb144540	DD
Zm00001eb310850	DD
Zm00001eb430650	DD
Zm00001eb388750	DD
Zm00001eb308690	DD
Zm00001eb325790	DD
Zm00001eb326040	DD
Zm00001eb151620	DD
Zm00001eb078450	DD
Zm00001eb235830	DD
Zm00001eb336640	DD
Zm00001eb399870	DD
Zm00001eb009430	DD
Zm00001eb264590	DD
Zm00001eb379290	DD
Zm00001eb112120	DD
Zm00001eb228400	DD
Zm00001eb242200	DD
Zm00001eb217450	DD
Zm00001eb284220	DD
Zm00001eb093290	DD
Zm00001eb345100	DD
Zm00001eb266830	DD
Zm00001eb403810	DD
Zm00001eb062870	DD
Zm00001eb264490	DD
Zm00001eb087050	DD
Zm00001eb420360	DD
Zm00001eb396630	DD
Zm00001eb225550	DD
Zm00001eb325050	DD
Zm00001eb019760	DD
Zm00001eb046090	DD
Zm00001eb117500	DD
Zm00001eb043050	DD
Zm00001eb163540	DD
Zm00001eb285250	DD
Zm00001eb393890	DD
Zm00001eb044530	DD
Zm00001eb112800	DD
Zm00001eb341780	DD
Zm00001eb345820	DD
Zm00001eb337360	DD
Zm00001eb399930	DD
Zm00001eb283250	DD
Zm00001eb408420	DD
Zm00001eb305890	DD
Zm00001eb151570	DD
Zm00001eb350150	DD
Zm00001eb111720	DD
Zm00001eb231960	DD
Zm00001eb408200	DD
Zm00001eb225120	DD
Zm00001eb117690	DD
Zm00001eb308640	DD
Zm00001eb193310	DD
Zm00001eb290680	DD
Zm00001eb385050	DD
Zm00001eb306370	DD
Zm00001eb043340	DD
Zm00001eb193190	DD
Zm00001eb266890	DD
Zm00001eb202120	DD
Zm00001eb158400	DD
Zm00001eb133890	DD
Zm00001eb064910	DD
Zm00001eb143800	DD
Zm00001eb262800	DD
Zm00001eb424530	DD
Zm00001eb324190	DD
Zm00001eb423900	DD
Zm00001eb039000	DD
Zm00001eb312270	DD
Zm00001eb129960	DD
Zm00001eb379940	DD
Zm00001eb318810	DD
Zm00001eb105820	DD
Zm00001eb377370	DD
Zm00001eb079330	DD
Zm00001eb261280	DD
Zm00001eb426360	DD
Zm00001eb068850	DD
Zm00001eb133830	DD
Zm00001eb428270	DD
Zm00001eb399320	DD
Zm00001eb084780	DD
Zm00001eb140910	DD
Zm00001eb286910	DD
Zm00001eb223660	DD
Zm00001eb274230	DD
Zm00001eb334690	DD
Zm00001eb046540	DD
Zm00001eb086410	DD
Zm00001eb074960	DD
Zm00001eb105450	DD
Zm00001eb109100	DD
Zm00001eb178890	DD
Zm00001eb186510	DD
Zm00001eb312020	DD
Zm00001eb383080	DD
Zm00001eb246380	DD
Zm00001eb225730	DD
Zm00001eb421410	DD
Zm00001eb251330	DD
Zm00001eb135000	DD
Zm00001eb183820	DD
Zm00001eb427960	DD
Zm00001eb279490	DD
Zm00001eb083010	DD
Zm00001eb107210	DD
Zm00001eb323020	DD
Zm00001eb412340	DD
Zm00001eb046380	DD
Zm00001eb219840	DD
Zm00001eb194830	DD
Zm00001eb210510	DD
Zm00001eb193080	DD
Zm00001eb046230	DD
Zm00001eb228140	DD
Zm00001eb229700	DD
Zm00001eb297830	DD
Zm00001eb234310	DD
Zm00001eb044850	DD
Zm00001eb085670	DD
Zm00001eb105600	DD
Zm00001eb154040	DD
Zm00001eb179900	DD
Zm00001eb212210	DD
Zm00001eb303560	DD
Zm00001eb019500	DD
Zm00001eb275070	DD
Zm00001eb165870	DD
Zm00001eb324790	DD
Zm00001eb330030	DD
Zm00001eb381570	DD
Zm00001eb418020	DD
Zm00001eb395690	DD
Zm00001eb395700	DD
Zm00001eb147410	DD
Zm00001eb016640	DD
Zm00001eb104470	DD
Zm00001eb095960	DD
Zm00001eb376870	DD
Zm00001eb275020	DD
Zm00001eb313000	DD
Zm00001eb321960	DD
Zm00001eb349470	DD
Zm00001eb348950	DD
Zm00001eb224430	DD
Zm00001eb284610	DD
Zm00001eb317950	DD
Zm00001eb348880	DD
Zm00001eb053220	DD
Zm00001eb126980	DD
Zm00001eb252750	DD
Zm00001eb055470	DD
Zm00001eb234180	DD
Zm00001eb133640	DD
Zm00001eb220150	DD
Zm00001eb407250	DD
Zm00001eb229320	DD
Zm00001eb357750	DD
Zm00001eb040640	DD
Zm00001eb184590	DD
Zm00001eb276970	DD
Zm00001eb189860	DD
Zm00001eb253410	DD
Zm00001eb037450	DD
Zm00001eb064700	DD
Zm00001eb145770	DD
Zm00001eb077530	DD
Zm00001eb138240	DD
Zm00001eb207310	DD
Zm00001eb089870	DD
Zm00001eb117020	DD
Zm00001eb199550	DD
Zm00001eb347300	DD
Zm00001eb397120	DD
Zm00001eb003520	DD
Zm00001eb177190	DD
Zm00001eb021290	DD
Zm00001eb188860	DD
Zm00001eb088730	DD
Zm00001eb174700	DD
Zm00001eb266780	DD
Zm00001eb226040	DD
Zm00001eb332100	DD
Zm00001eb418290	DD
Zm00001eb332120	DD
Zm00001eb034050	DD
Zm00001eb250320	DD
Zm00001eb319650	DD
Zm00001eb151910	DD
Zm00001eb424810	DD
Zm00001eb408680	DD
Zm00001eb245350	DD
Zm00001eb357320	DD
Zm00001eb031040	DD
Zm00001eb123110	DD
Zm00001eb331100	DD
Zm00001eb012150	DD
Zm00001eb077560	DD
Zm00001eb110890	DD
Zm00001eb124470	DD
Zm00001eb195620	DD
Zm00001eb264840	DD
Zm00001eb247440	DD
Zm00001eb276220	DD
Zm00001eb353160	DD
Zm00001eb288260	DD
Zm00001eb399230	DD
Zm00001eb413360	DD
Zm00001eb378000	DD
Zm00001eb024970	DD
Zm00001eb086670	DD
Zm00001eb117650	DD
Zm00001eb133080	DD
Zm00001eb171470	DD
Zm00001eb237400	DD
Zm00001eb279200	DD
Zm00001eb283050	DD
Zm00001eb390930	DD
Zm00001eb331910	DD
Zm00001eb345330	DD
Zm00001eb367280	DD
Zm00001eb392180	DD
Zm00001eb224230	DD
Zm00001eb103550	DD
Zm00001eb354340	DD
Zm00001eb404160	DD
Zm00001eb422010	DD
Zm00001eb407080	DD
Zm00001eb031540	DD
Zm00001eb413100	DD
Zm00001eb230340	DD
Zm00001eb190700	DD
Zm00001eb138130	DD
Zm00001eb217800	DD
Zm00001eb343470	DD
Zm00001eb089170	DD
Zm00001eb089180	DD
Zm00001eb201300	DD
Zm00001eb306880	DD
Zm00001eb311980	DD
Zm00001eb342140	DD
Zm00001eb183870	DD
Zm00001eb381160	DD
Zm00001eb227670	DD
Zm00001eb294220	DD
Zm00001eb383110	DD
Zm00001eb362570	DD
Zm00001eb127710	DD
Zm00001eb345650	DD
Zm00001eb017610	DD
Zm00001eb100330	DD
Zm00001eb290790	DD
Zm00001eb284180	DD
Zm00001eb431150	DD
Zm00001eb223180	DD
Zm00001eb156850	DD
Zm00001eb295680	DD
Zm00001eb181780	DD
Zm00001eb047190	DD
Zm00001eb062130	DD
Zm00001eb197570	DD
Zm00001eb073460	DD
Zm00001eb073860	DD
Zm00001eb075720	DD
Zm00001eb262920	DD
Zm00001eb427930	DD
Zm00001eb206920	DD
Zm00001eb114240	DD
Zm00001eb208810	DD
Zm00001eb252460	DD
Zm00001eb371530	DD
Zm00001eb397940	DD
Zm00001eb112330	DD
Zm00001eb235800	DD
Zm00001eb040520	DD
Zm00001eb282770	DD
Zm00001eb340700	DD
Zm00001eb346060	DD
Zm00001eb290180	DD
Zm00001eb434280	DD
Zm00001eb008640	DD
Zm00001eb294750	DD
Zm00001eb305490	DD
Zm00001eb339520	DD
Zm00001eb137150	DD
Zm00001eb272030	DD
Zm00001eb061890	DD
Zm00001eb009050	DD
Zm00001eb321930	DD
Zm00001eb121360	DD
Zm00001eb398740	DD
Zm00001eb008960	DD
Zm00001eb040960	DD
Zm00001eb048430	DD
Zm00001eb142470	DD
Zm00001eb154770	DD
Zm00001eb130010	DD
Zm00001eb130100	DD
Zm00001eb170010	DD
Zm00001eb196660	DD
Zm00001eb220350	DD
Zm00001eb223110	DD
Zm00001eb235960	DD
Zm00001eb275800	DD
Zm00001eb275840	DD
Zm00001eb297710	DD
Zm00001eb364550	DD
Zm00001eb340660	DD
Zm00001eb386600	DD
Zm00001eb410810	DD
Zm00001eb366190	DD
Zm00001eb082940	DD
Zm00001eb011860	DD
Zm00001eb190130	DD
Zm00001eb228550	DD
Zm00001eb300610	DD
Zm00001eb280370	DD
Zm00001eb234650	DD
Zm00001eb166220	DD
Zm00001eb381380	DD
Zm00001eb155820	DD
Zm00001eb209990	DD
Zm00001eb179330	DD
Zm00001eb280750	DD
Zm00001eb268390	DD
Zm00001eb025840	DD
Zm00001eb265660	DD
Zm00001eb339830	DD
Zm00001eb001650	DD
Zm00001eb172750	DD
Zm00001eb099050	DD
Zm00001eb001780	DD
Zm00001eb001810	DD
Zm00001eb106550	DD
Zm00001eb411940	DD
Zm00001eb424370	DD
Zm00001eb112040	DD
Zm00001eb202790	DD
Zm00001eb419790	DD
Zm00001eb096110	DD
Zm00001eb322550	DD
Zm00001eb404610	DD
Zm00001eb076560	DD
Zm00001eb260190	DD
Zm00001eb215250	DD
Zm00001eb221730	DD
Zm00001eb112000	DD
Zm00001eb103290	DD
Zm00001eb272250	DD
Zm00001eb293240	DD
Zm00001eb379640	DD
Zm00001eb023200	DD
Zm00001eb061270	DD
Zm00001eb144870	DD
Zm00001eb280590	DD
Zm00001eb041150	DD
Zm00001eb256000	DD
Zm00001eb246160	DD
Zm00001eb308430	DD
Zm00001eb394390	DD
Zm00001eb050480	DD
Zm00001eb036060	DD
Zm00001eb036070	DD
Zm00001eb103520	DD
Zm00001eb103530	DD
Zm00001eb163240	DD
Zm00001eb349970	DD
Zm00001eb380080	DD
Zm00001eb351120	DD
Zm00001eb082440	DD
Zm00001eb351810	DD
Zm00001eb421320	DD
Zm00001eb282250	DD
Zm00001eb405330	DD
Zm00001eb321270	DD
Zm00001eb074620	DD
Zm00001eb184740	DD
Zm00001eb259680	DD
Zm00001eb195100	DD
Zm00001eb212010	DD
Zm00001eb286320	DD
Zm00001eb212260	DD
Zm00001eb194860	DD
Zm00001eb421210	DD
Zm00001eb067970	DD
Zm00001eb123560	DD
Zm00001eb242630	DD
Zm00001eb267880	DD
Zm00001eb426560	DD
Zm00001eb200250	DD
Zm00001eb265340	DD
Zm00001eb312720	DD
Zm00001eb410040	DD
Zm00001eb161610	DD
Zm00001eb157180	DD
Zm00001eb133990	DD
Zm00001eb075550	DD
Zm00001eb008180	DD
Zm00001eb101730	DD
Zm00001eb102730	DD
Zm00001eb128630	DD
Zm00001eb335840	DD
Zm00001eb199690	DD
Zm00001eb130200	DD
Zm00001eb077370	DD
Zm00001eb077360	DD
Zm00001eb269920	DD
Zm00001eb327170	DD
Zm00001eb420060	DD
Zm00001eb200600	DD
Zm00001eb243800	DD
Zm00001eb336620	DD
Zm00001eb431600	DD
Zm00001eb170770	DD
Zm00001eb417110	DD
Zm00001eb024180	DD
Zm00001eb113090	DD
Zm00001eb278020	DD
Zm00001eb066520	DD
Zm00001eb173150	DD
Zm00001eb036270	DD
Zm00001eb105730	DD
Zm00001eb375140	DD
Zm00001eb327760	DD
Zm00001eb136960	DD
Zm00001eb226100	DD
Zm00001eb309960	DD
Zm00001eb372370	DD
Zm00001eb390310	DD
Zm00001eb355940	DD
Zm00001eb035630	DD
Zm00001eb352470	DD
Zm00001eb333100	DD
Zm00001eb088900	DD
Zm00001eb115660	DD
Zm00001eb115670	DD
Zm00001eb395510	DD
Zm00001eb410890	DD
Zm00001eb106180	DD
Zm00001eb230450	DD
Zm00001eb262610	DD
Zm00001eb150020	DD
Zm00001eb274290	DD
Zm00001eb285540	DD
Zm00001eb166860	DD
Zm00001eb312550	DD
Zm00001eb270430	DD
Zm00001eb390800	DD
Zm00001eb391340	DD
Zm00001eb335580	DD
Zm00001eb125800	DD
Zm00001eb341300	DD
Zm00001eb060450	DD
Zm00001eb235780	DD
Zm00001eb280190	DD
Zm00001eb360240	DD
Zm00001eb039060	DD
Zm00001eb239470	DD
Zm00001eb413980	DD
Zm00001eb039050	DD
Zm00001eb293050	DD
Zm00001eb239460	DD
Zm00001eb412860	DD
Zm00001eb413990	DD
Zm00001eb042290	DD
Zm00001eb107060	DD
Zm00001eb171320	DD
Zm00001eb313470	DD
Zm00001eb316330	DD
Zm00001eb334340	DD
Zm00001eb181900	DD
Zm00001eb155380	DD
Zm00001eb156630	DD
Zm00001eb218940	DD
Zm00001eb280710	DD
Zm00001eb414850	DD
Zm00001eb056390	DD
Zm00001eb215310	DD
Zm00001eb425730	DD
Zm00001eb179060	DD
Zm00001eb251030	DD
Zm00001eb077410	DD
Zm00001eb306220	DD
Zm00001eb076450	DD
Zm00001eb157380	DD
Zm00001eb318710	DD
Zm00001eb119350	DD
Zm00001eb207920	DD
Zm00001eb416050	DD
Zm00001eb024170	DD
Zm00001eb027320	DD
Zm00001eb123960	DD
Zm00001eb133630	DD
Zm00001eb024950	DD
Zm00001eb393590	DD
Zm00001eb052450	DD
Zm00001eb401000	DD
Zm00001eb001590	DD
Zm00001eb250100	DD
Zm00001eb035880	DD
Zm00001eb240720	DD
Zm00001eb125500	DD
Zm00001eb171960	DD
Zm00001eb011410	DD
Zm00001eb073850	DD
Zm00001eb177680	DD
Zm00001eb190590	DD
Zm00001eb222530	DD
Zm00001eb228780	DD
Zm00001eb353620	DD
Zm00001eb392880	DD
Zm00001eb278300	DD
Zm00001eb197390	DD
Zm00001eb158430	DD
Zm00001eb129930	DD
Zm00001eb207170	DD
Zm00001eb383010	DD
Zm00001eb390350	DD
Zm00001eb040840	DD
Zm00001eb408300	DD
Zm00001eb015300	DD
Zm00001eb036500	DD
Zm00001eb096700	DD
Zm00001eb225800	DD
Zm00001eb055770	DD
Zm00001eb161730	DD
Zm00001eb295790	DD
Zm00001eb057400	DD
Zm00001eb153850	DD
Zm00001eb208510	DD
Zm00001eb367170	DD
Zm00001eb133610	DD
Zm00001eb194420	DD
Zm00001eb249110	DD
Zm00001eb350200	DD
Zm00001eb350210	DD
Zm00001eb380350	DD
Zm00001eb324640	DD
Zm00001eb245890	DD
Zm00001eb062080	DD
Zm00001eb370460	DD
Zm00001eb017120	DD
Zm00001eb041770	DD
Zm00001eb089360	DD
Zm00001eb298120	DD
Zm00001eb394330	DD
Zm00001eb031420	DD
Zm00001eb059250	DD
Zm00001eb074440	DD
Zm00001eb293910	DD
Zm00001eb254310	DD
Zm00001eb191860	DD
Zm00001eb376450	DD
Zm00001eb324020	DD
Zm00001eb336440	DD
Zm00001eb156390	DD
Zm00001eb219440	DD
Zm00001eb245160	DD
Zm00001eb373750	DD
Zm00001eb095160	DD
Zm00001eb384010	DD
Zm00001eb110950	DD
Zm00001eb123760	DD
Zm00001eb292770	DD
Zm00001eb383020	DD
Zm00001eb390360	DD
Zm00001eb008850	DD
Zm00001eb175220	DD
Zm00001eb403780	DD
Zm00001eb148110	DD
Zm00001eb167230	DD
Zm00001eb386500	DD
Zm00001eb031980	DD
Zm00001eb246430	DD
Zm00001eb061170	DD
Zm00001eb345920	DD
Zm00001eb311630	DD
Zm00001eb334030	DD
Zm00001eb043960	DD
Zm00001eb379440	DD
Zm00001eb041950	DD
Zm00001eb124330	DD
Zm00001eb260950	DD
Zm00001eb091520	DD
Zm00001eb046530	DD
Zm00001eb062770	DD
Zm00001eb258410	DD
Zm00001eb314420	DD
Zm00001eb231070	DD
Zm00001eb297140	DD
Zm00001eb093110	DD
Zm00001eb126050	DD
Zm00001eb193980	DD
Zm00001eb222720	DD
Zm00001eb370420	DD
Zm00001eb322520	DD
Zm00001eb355920	DD
Zm00001eb021090	DD
Zm00001eb135460	DD
Zm00001eb379520	DD
Zm00001eb181580	DD
Zm00001eb204200	DD
Zm00001eb078380	DD
Zm00001eb180190	DD
Zm00001eb368520	DD
Zm00001eb020210	DD
Zm00001eb184360	DD
Zm00001eb156880	DD
Zm00001eb214450	DD
Zm00001eb336870	DD
Zm00001eb036430	DD
Zm00001eb160860	DD
Zm00001eb313130	DD
Zm00001eb074240	DD
Zm00001eb271290	DD
Zm00001eb408870	DD
Zm00001eb344320	DD
Zm00001eb005560	DD
Zm00001eb280080	DD
Zm00001eb349870	DD
Zm00001eb083440	DD
Zm00001eb177240	DD
Zm00001eb336520	DD
Zm00001eb415980	DD
Zm00001eb003680	DD
Zm00001eb029400	DD
Zm00001eb032620	DD
Zm00001eb089280	DD
Zm00001eb018220	DD
Zm00001eb337870	DD
Zm00001eb224060	DD
Zm00001eb422230	DD
Zm00001eb038850	DD
Zm00001eb100520	DD
Zm00001eb188790	DD
Zm00001eb319080	DD
Zm00001eb343810	DD
Zm00001eb029330	DD
Zm00001eb164590	DD
Zm00001eb148180	DD
Zm00001eb046840	DD
Zm00001eb394240	DD
Zm00001eb394230	DD
Zm00001eb212730	DD
Zm00001eb369760	DD
Zm00001eb074970	DD
Zm00001eb105440	DD
Zm00001eb131350	DD
Zm00001eb142240	DD
Zm00001eb244490	DD
Zm00001eb146240	DD
Zm00001eb293630	DD
Zm00001eb050000	DD
Zm00001eb303320	DD
Zm00001eb372450	DD
Zm00001eb306080	DD
Zm00001eb127390	DD
Zm00001eb156800	DD
Zm00001eb302010	DD
Zm00001eb258120	DD
Zm00001eb226200	DD
Zm00001eb422240	DD
Zm00001eb260940	DD
Zm00001eb258730	DD
Zm00001eb300260	DD
Zm00001eb306930	DD
Zm00001eb308420	DD
Zm00001eb145710	DD
Zm00001eb259010	DD
Zm00001eb424910	DD
Zm00001eb102180	DD
Zm00001eb306240	DD
Zm00001eb339370	DD
Zm00001eb055660	DD
Zm00001eb159620	DD
Zm00001eb306920	DD
Zm00001eb392160	DD
Zm00001eb114950	DD
Zm00001eb312630	DD
Zm00001eb127170	DD
Zm00001eb285590	DD
Zm00001eb167310	DD
Zm00001eb138230	DD
Zm00001eb064300	DD
Zm00001eb219880	DD
Zm00001eb003800	DD
Zm00001eb132430	DD
Zm00001eb087990	DD
Zm00001eb343740	DD
Zm00001eb092770	DD
Zm00001eb191590	DD
Zm00001eb007020	DD
Zm00001eb229790	DD
Zm00001eb321330	DD
Zm00001eb411270	DD
Zm00001eb412060	DD
Zm00001eb081110	DD
Zm00001eb423880	DD
Zm00001eb132420	DD
Zm00001eb341790	DD
Zm00001eb173560	DD
Zm00001eb239630	DD
Zm00001eb196150	DD
Zm00001eb309680	DD
Zm00001eb392570	DD
Zm00001eb291210	DD
Zm00001eb018820	DD
Zm00001eb090610	DD
Zm00001eb116040	DD
Zm00001eb356870	DD
Zm00001eb392530	DD
Zm00001eb004950	DD
Zm00001eb093330	DD
Zm00001eb027890	DD
Zm00001eb315320	DD
Zm00001eb390520	DD
Zm00001eb392490	DD
Zm00001eb175890	DD
Zm00001eb334430	DD
Zm00001eb393330	DD
Zm00001eb229690	DD
Zm00001eb281060	DD
Zm00001eb315010	DD
Zm00001eb094630	DD
Zm00001eb054890	DD
Zm00001eb059190	DD
Zm00001eb149620	DD
Zm00001eb083670	DD
Zm00001eb086170	DD
Zm00001eb120840	DD
Zm00001eb210970	DD
Zm00001eb162670	DD
Zm00001eb254360	DD
Zm00001eb188450	DD
Zm00001eb213980	DD
Zm00001eb220980	DD
Zm00001eb240930	DD
Zm00001eb258980	DD
Zm00001eb330270	DD
Zm00001eb285330	DD
Zm00001eb296600	DD
Zm00001eb328240	DD
Zm00001eb374510	DD
Zm00001eb315860	DD
Zm00001eb317070	DD
Zm00001eb388320	DD
Zm00001eb329770	DD
Zm00001eb359350	DD
Zm00001eb364980	DD
Zm00001eb431340	DD
Zm00001eb345450	DD
Zm00001eb052290	DD
Zm00001eb076550	DD
Zm00001eb228270	DD
Zm00001eb233410	DD
Zm00001eb009620	DD
Zm00001eb168150	DD
Zm00001eb414910	DD
Zm00001eb009760	DD
Zm00001eb006380	DD
Zm00001eb306790	DD
Zm00001eb320160	DD
Zm00001eb322290	DD
Zm00001eb394910	DD
Zm00001eb020460	DD
Zm00001eb380450	DD
Zm00001eb223510	DD
Zm00001eb188930	DD
Zm00001eb166540	DD
Zm00001eb311850	DD
Zm00001eb113610	DD
Zm00001eb229770	DD
Zm00001eb406500	DD
Zm00001eb143870	DD
Zm00001eb264270	DD
Zm00001eb314990	DD
Zm00001eb420830	DD
Zm00001eb049780	DD
Zm00001eb166490	DD
Zm00001eb395630	DD
Zm00001eb172020	DD
Zm00001eb118150	DD
Zm00001eb093040	DD
Zm00001eb112140	DD
Zm00001eb136420	DD
Zm00001eb176540	DD
Zm00001eb276390	DD
Zm00001eb308100	DD
Zm00001eb380570	DD
Zm00001eb090020	DD
Zm00001eb122800	DD
Zm00001eb180120	DD
Zm00001eb250130	DD
Zm00001eb416290	DD
Zm00001eb212280	DD
Zm00001eb144690	DD
Zm00001eb277430	DD
Zm00001eb395340	DD
Zm00001eb048540	DD
Zm00001eb008580	DD
Zm00001eb025630	DD
Zm00001eb133400	DD
Zm00001eb179930	DD
Zm00001eb216850	DD
Zm00001eb379870	DD
Zm00001eb017480	DD
Zm00001eb409660	DD
Zm00001eb017490	DD
Zm00001eb022800	DD
Zm00001eb131780	DD
Zm00001eb184380	DD
Zm00001eb184800	DD
Zm00001eb314210	DD
Zm00001eb313750	DD
Zm00001eb414290	DD
Zm00001eb234160	DD
Zm00001eb134210	DD
Zm00001eb113820	DD
Zm00001eb029640	DD
Zm00001eb183640	DD
Zm00001eb278330	DD
Zm00001eb237540	DD
Zm00001eb306690	DD
Zm00001eb079860	DD
Zm00001eb267480	DD
Zm00001eb324700	DD
Zm00001eb169090	DD
Zm00001eb170430	DD
Zm00001eb175720	DD
Zm00001eb357430	DD
Zm00001eb225640	DD
Zm00001eb174820	DD
Zm00001eb004890	DD
Zm00001eb168300	DD
Zm00001eb162190	DD
Zm00001eb255180	DD
Zm00001eb050420	DD
Zm00001eb049170	DD
Zm00001eb292730	DD
Zm00001eb385350	DD
Zm00001eb385340	DD
Zm00001eb051280	DD
Zm00001eb094070	DD
Zm00001eb203010	DD
Zm00001eb282530	DD
Zm00001eb337770	DD
Zm00001eb088150	DD
Zm00001eb337300	DD
Zm00001eb027570	DD
Zm00001eb052850	DD
Zm00001eb039250	DD
Zm00001eb318690	DD
Zm00001eb343430	DD
Zm00001eb024010	DD
Zm00001eb144700	DD
Zm00001eb188020	DD
Zm00001eb290820	DD
Zm00001eb048840	DD
Zm00001eb144710	DD
Zm00001eb188010	DD
Zm00001eb238020	DD
Zm00001eb324110	DD
Zm00001eb291560	DD
Zm00001eb165530	DD
Zm00001eb343050	DD
Zm00001eb416010	DD
Zm00001eb048020	DD
Zm00001eb378450	DD
Zm00001eb164130	DD
Zm00001eb220270	DD
Zm00001eb372110	DD
Zm00001eb144990	DD
Zm00001eb055600	DD
Zm00001eb345730	DD
Zm00001eb002950	DD
Zm00001eb151180	DD
Zm00001eb419190	DD
Zm00001eb048110	DD
Zm00001eb173570	DD
Zm00001eb339560	DD
Zm00001eb021590	DD
Zm00001eb403420	DD
Zm00001eb012070	DD
Zm00001eb042120	DD
Zm00001eb178650	DD
Zm00001eb402660	DD
Zm00001eb320280	DD
Zm00001eb260610	DD
Zm00001eb410710	DD
Zm00001eb054750	DD
Zm00001eb167970	DD
Zm00001eb351290	DD
Zm00001eb071940	DD
Zm00001eb206180	DD
Zm00001eb309760	DD
Zm00001eb098210	DD
Zm00001eb099890	DD
Zm00001eb228740	DD
Zm00001eb228610	DD
Zm00001eb196260	DD
Zm00001eb408780	DD
Zm00001eb021160	DD
Zm00001eb165540	DD
Zm00001eb309620	DD
Zm00001eb321970	DD
Zm00001eb402550	DD
Zm00001eb007850	DD
Zm00001eb087120	DD
Zm00001eb097650	DD
Zm00001eb355680	DD
Zm00001eb420250	DD
Zm00001eb130590	DD
Zm00001eb224540	DD
Zm00001eb231440	DD
Zm00001eb256850	DD
Zm00001eb313380	DD
Zm00001eb180470	DD
Zm00001eb228180	DD
Zm00001eb132640	DD
Zm00001eb395860	DD
Zm00001eb034680	DD
Zm00001eb375820	DD
Zm00001eb230090	DD
Zm00001eb223190	DD
Zm00001eb265840	DD
Zm00001eb120280	DD
Zm00001eb124270	DD
Zm00001eb201230	DD
Zm00001eb307680	DD
Zm00001eb310490	DD
Zm00001eb420380	DD
Zm00001eb386150	DD
Zm00001eb264300	DD
Zm00001eb267970	DD
Zm00001eb354100	DD
Zm00001eb009540	DD
Zm00001eb404340	DD
Zm00001eb050450	DD
Zm00001eb112050	DD
Zm00001eb118380	DD
Zm00001eb314870	DD
Zm00001eb041020	DD
Zm00001eb345640	DD
Zm00001eb377090	DD
Zm00001eb067940	DD
Zm00001eb067950	DD
Zm00001eb268470	DD
Zm00001eb327660	DD
Zm00001eb055380	DD
Zm00001eb018590	DD
Zm00001eb028310	DD
Zm00001eb172630	DD
Zm00001eb404390	DD
Zm00001eb337410	DD
Zm00001eb304880	DD
Zm00001eb200140	DD
Zm00001eb230130	DD
Zm00001eb028720	DD
Zm00001eb119220	DD
Zm00001eb360500	DD
Zm00001eb016400	DD
Zm00001eb139170	DD
Zm00001eb217580	DD
Zm00001eb355910	DD
Zm00001eb301690	DD
Zm00001eb396760	DD
Zm00001eb358530	DD
Zm00001eb205980	DD
Zm00001eb391390	DD
Zm00001eb277980	DD
Zm00001eb321810	DD
Zm00001eb000390	DD
Zm00001eb139510	DD
Zm00001eb379010	DD
Zm00001eb077660	DD
Zm00001eb361060	DD
Zm00001eb120040	DD
Zm00001eb136510	DD
Zm00001eb167610	DD
Zm00001eb180660	DD
Zm00001eb326110	DD
Zm00001eb326120	DD
Zm00001eb307610	DD
Zm00001eb421280	DD
Zm00001eb081910	DD
Zm00001eb091050	DD
Zm00001eb410190	DD
Zm00001eb141970	DD
Zm00001eb394370	DD
Zm00001eb203330	DD
Zm00001eb293130	DD
Zm00001eb076440	DD
Zm00001eb208910	DD
Zm00001eb307700	DD
Zm00001eb303300	DD
Zm00001eb064820	DD
Zm00001eb339680	DD
Zm00001eb313910	DD
Zm00001eb054360	DD
Zm00001eb071620	DD
Zm00001eb158590	DD
Zm00001eb058200	DD
Zm00001eb072140	DD
Zm00001eb129630	DD
Zm00001eb310240	DD
Zm00001eb390650	DD
Zm00001eb251080	DD
Zm00001eb027330	DD
Zm00001eb254820	DD
Zm00001eb254690	DD
Zm00001eb151150	DD
Zm00001eb002150	DD
Zm00001eb383750	DD
Zm00001eb097870	DD
Zm00001eb194540	DD
Zm00001eb339290	DD
Zm00001eb423340	DD
Zm00001eb117680	DD
Zm00001eb035170	DD
Zm00001eb180820	DD
Zm00001eb339910	DD
Zm00001eb341550	DD
Zm00001eb387830	DD
Zm00001eb200210	DD
Zm00001eb012370	DD
Zm00001eb019950	DD
Zm00001eb157750	DD
Zm00001eb284660	DD
Zm00001eb281650	DD
Zm00001eb425330	DD
Zm00001eb019820	DD
Zm00001eb095520	DD
Zm00001eb200950	DD
Zm00001eb137440	DD
Zm00001eb234220	DD
Zm00001eb313640	DD
Zm00001eb249170	DD
Zm00001eb270970	DD
Zm00001eb353200	DD
Zm00001eb309410	DD
Zm00001eb386820	DD
Zm00001eb420180	DD
Zm00001eb399200	DD
Zm00001eb409380	DD
Zm00001eb338980	DD
Zm00001eb395870	DD
Zm00001eb228940	DD
Zm00001eb257140	DD
Zm00001eb221530	DD
Zm00001eb225690	DD
Zm00001eb230570	DD
Zm00001eb383350	DD
Zm00001eb429340	DD
Zm00001eb391050	DD
Zm00001eb264090	DD
Zm00001eb073820	DD
Zm00001eb107950	DD
Zm00001eb132590	DD
Zm00001eb058040	DD
Zm00001eb107960	DD
Zm00001eb025670	DD
Zm00001eb055860	DD
Zm00001eb240900	DD
Zm00001eb399350	DD
Zm00001eb373860	DD
Zm00001eb016050	DD
Zm00001eb393600	DD
Zm00001eb309640	DD
Zm00001eb270180	DD
Zm00001eb237410	DD
Zm00001eb237970	DD
Zm00001eb356590	DD
Zm00001eb357870	DD
Zm00001eb357880	DD
Zm00001eb356580	DD
Zm00001eb346330	DD
Zm00001eb409800	DD
Zm00001eb225520	DD
Zm00001eb053140	DD
Zm00001eb185850	DD
Zm00001eb125020	DD
Zm00001eb336980	DD
Zm00001eb379070	DD
Zm00001eb410030	DD
Zm00001eb408180	DD
Zm00001eb064880	DD
Zm00001eb040090	DD
Zm00001eb046780	DD
Zm00001eb180090	DD
Zm00001eb160780	DD
Zm00001eb117060	DD
Zm00001eb424590	DD
Zm00001eb093120	DD
Zm00001eb368060	DD
Zm00001eb065670	DD
Zm00001eb341980	DD
Zm00001eb335160	DD
Zm00001eb382980	DD
Zm00001eb384780	DD
Zm00001eb125940	DD
Zm00001eb402120	DD
Zm00001eb414470	DD
Zm00001eb049700	DD
Zm00001eb004820	DD
Zm00001eb036200	DD
Zm00001eb142700	DD
Zm00001eb184170	DD
Zm00001eb341920	DD
Zm00001eb345480	DD
Zm00001eb355400	DD
Zm00001eb421810	DD
Zm00001eb409640	DD
Zm00001eb026580	DD
Zm00001eb225510	DD
Zm00001eb317790	DD
Zm00001eb413570	DD
Zm00001eb420640	DD
Zm00001eb119140	DD
Zm00001eb093240	DD
Zm00001eb237000	DD
Zm00001eb270360	DD
Zm00001eb238170	DD
Zm00001eb195020	DD
Zm00001eb025930	DD
Zm00001eb382760	DD
Zm00001eb304170	DD
Zm00001eb131710	DD
Zm00001eb165370	DD
Zm00001eb383030	DD
Zm00001eb096330	DD
Zm00001eb145720	DD
Zm00001eb076510	DD
Zm00001eb211600	DD
Zm00001eb093700	DD
Zm00001eb221630	DD
Zm00001eb401050	DD
Zm00001eb246210	DD
Zm00001eb167870	DD
Zm00001eb409090	DD
Zm00001eb277970	DD
Zm00001eb225370	DD
Zm00001eb361000	DD
Zm00001eb308210	DD
Zm00001eb270630	DD
Zm00001eb256390	DD
Zm00001eb177520	DD
Zm00001eb236440	DD
Zm00001eb326660	DD
Zm00001eb405550	DD
Zm00001eb267750	DD
Zm00001eb028050	DD
Zm00001eb116680	DD
Zm00001eb149480	DD
Zm00001eb113240	DD
Zm00001eb265990	DD
Zm00001eb028240	DD
Zm00001eb176310	DD
Zm00001eb308620	DD
Zm00001eb219850	DD
Zm00001eb305040	DD
Zm00001eb092050	DD
Zm00001eb048140	DD
Zm00001eb072240	DD
Zm00001eb219180	DD
Zm00001eb228450	DD
Zm00001eb061470	DD
Zm00001eb078820	DD
Zm00001eb319800	DD
Zm00001eb018600	DD
Zm00001eb258610	DD
Zm00001eb073170	DD
Zm00001eb417090	DD
Zm00001eb225610	DD
Zm00001eb043230	DD
Zm00001eb166630	DD
Zm00001eb241760	DD
Zm00001eb419240	DD
Zm00001eb231860	DD
Zm00001eb257010	DD
Zm00001eb330800	DD
Zm00001eb354210	DD
Zm00001eb425250	DD
Zm00001eb367090	DD
Zm00001eb314510	DD
Zm00001eb421480	DD
Zm00001eb412220	DD
Zm00001eb380670	DD
Zm00001eb164790	DD
Zm00001eb209750	DD
Zm00001eb091220	DD
Zm00001eb245830	DD
Zm00001eb297630	DD
Zm00001eb112740	DD
Zm00001eb169580	DD
Zm00001eb180000	DD
Zm00001eb333850	DD
Zm00001eb351530	DD
Zm00001eb383210	DD
Zm00001eb096130	DD
Zm00001eb309130	DD
Zm00001eb033800	DD
Zm00001eb171310	DD
Zm00001eb382600	DD
Zm00001eb114410	DD
Zm00001eb168670	DD
Zm00001eb352480	DD
Zm00001eb361560	DD
Zm00001eb326430	DD
Zm00001eb145800	DD
Zm00001eb089030	DD
Zm00001eb260300	DD
Zm00001eb182050	DD
Zm00001eb094760	DD
Zm00001eb241570	DD
Zm00001eb257760	DD
Zm00001eb028540	DD
Zm00001eb223930	DD
Zm00001eb344120	DD
Zm00001eb034150	DD
Zm00001eb223940	DD
Zm00001eb344130	DD
Zm00001eb389170	DD
Zm00001eb029790	DD
Zm00001eb090520	DD
Zm00001eb182790	DD
Zm00001eb308920	DD
Zm00001eb388400	DD
Zm00001eb349510	DD
Zm00001eb383540	DD
Zm00001eb422460	DD
Zm00001eb207730	DD
Zm00001eb105250	DD
Zm00001eb380210	DD
Zm00001eb237490	DD
Zm00001eb311200	DD
Zm00001eb246320	DD
Zm00001eb039720	DD
Zm00001eb039830	DD
Zm00001eb177710	DD
Zm00001eb430290	DD
Zm00001eb228600	DD
Zm00001eb429120	DD
Zm00001eb235210	DD
Zm00001eb307690	DD
Zm00001eb341440	DD
Zm00001eb341610	DD
Zm00001eb004090	DD
Zm00001eb264400	DD
Zm00001eb410970	DD
Zm00001eb106490	DD
Zm00001eb223960	DD
Zm00001eb283240	DD
Zm00001eb050950	DD
Zm00001eb422550	DD
Zm00001eb349590	DD
Zm00001eb350470	DD
Zm00001eb006890	DD
Zm00001eb223920	DD
Zm00001eb321680	DD
Zm00001eb086800	DD
Zm00001eb190510	DD
Zm00001eb375060	DD
Zm00001eb006310	DD
Zm00001eb296030	DD
Zm00001eb371870	DD
Zm00001eb419700	DD
Zm00001eb388090	DD
Zm00001eb104660	DD
Zm00001eb107320	DD
Zm00001eb085390	DD
Zm00001eb313780	DD
Zm00001eb333090	DD
Zm00001eb169180	DD
Zm00001eb083960	DD
Zm00001eb135130	DD
Zm00001eb027300	DD
Zm00001eb043020	DD
Zm00001eb145060	DD
Zm00001eb411660	DD
Zm00001eb097930	DD
Zm00001eb199330	DD
Zm00001eb029950	DD
Zm00001eb117490	DD
Zm00001eb395730	DD
Zm00001eb199240	DD
Zm00001eb365800	DD
Zm00001eb406240	DD
Zm00001eb415620	DD
Zm00001eb196540	DD
Zm00001eb321940	DD
Zm00001eb320570	DD
Zm00001eb422690	DD
Zm00001eb115880	DD
Zm00001eb112070	DD
Zm00001eb177550	DD
Zm00001eb428130	DD
Zm00001eb239790	DD
Zm00001eb136750	DD
Zm00001eb158910	DD
Zm00001eb165000	DD
Zm00001eb066550	DD
Zm00001eb122910	DD
Zm00001eb347870	DD
Zm00001eb044680	DD
Zm00001eb073710	DD
Zm00001eb109260	DD
Zm00001eb129950	DD
Zm00001eb207200	DD
Zm00001eb208280	DD
Zm00001eb365280	DD
Zm00001eb299380	DD
Zm00001eb403490	DD
Zm00001eb089990	DD
Zm00001eb127470	DD
Zm00001eb218950	DD
Zm00001eb421740	DD
Zm00001eb303050	DD
Zm00001eb399920	DD
Zm00001eb136890	DD
Zm00001eb124260	DD
Zm00001eb136710	DD
Zm00001eb239930	DD
Zm00001eb285670	DD
Zm00001eb302490	DD
Zm00001eb299160	DD
Zm00001eb346560	DD
Zm00001eb113670	DD
Zm00001eb171360	DD
Zm00001eb241260	DD
Zm00001eb315560	DD
Zm00001eb399730	DD
Zm00001eb102190	DD
Zm00001eb210060	DD
Zm00001eb184250	DD
Zm00001eb382720	DD
Zm00001eb013260	DD
Zm00001eb109020	DD
Zm00001eb081400	DD
Zm00001eb027370	DD
Zm00001eb091160	DD
Zm00001eb269580	DD
Zm00001eb333630	DD
Zm00001eb390290	DD
Zm00001eb395400	DD
Zm00001eb182850	DD
Zm00001eb190420	DD
Zm00001eb240080	DD
Zm00001eb389320	DD
Zm00001eb384680	DD
Zm00001eb046640	DD
Zm00001eb014610	DD
Zm00001eb044690	DD
Zm00001eb083430	DD
Zm00001eb243790	DD
Zm00001eb336610	DD
Zm00001eb062050	DD
Zm00001eb192470	DD
Zm00001eb353300	DD
Zm00001eb307830	DD
Zm00001eb012470	DD
Zm00001eb084500	DD
Zm00001eb420900	DD
Zm00001eb107790	DD
Zm00001eb158410	DD
Zm00001eb012430	DD
Zm00001eb033520	DD
Zm00001eb185770	DD
Zm00001eb081760	DD
Zm00001eb112130	DD
Zm00001eb268340	DD
Zm00001eb090330	DD
Zm00001eb067110	DD
Zm00001eb344770	DD
Zm00001eb072770	DD
Zm00001eb117800	DD
Zm00001eb138260	DD
Zm00001eb292020	DD
Zm00001eb020260	DD
Zm00001eb239820	DD
Zm00001eb407970	DD
Zm00001eb130330	DD
Zm00001eb084660	DD
Zm00001eb176390	DD
Zm00001eb385530	DD
Zm00001eb090890	DD
Zm00001eb169230	DD
Zm00001eb415550	DD
Zm00001eb219710	DD
Zm00001eb105150	DD
Zm00001eb301230	DD
Zm00001eb005130	DD
Zm00001eb080620	DD
Zm00001eb111010	DD
Zm00001eb138050	DD
Zm00001eb200550	DD
Zm00001eb418340	DD
Zm00001eb234460	DD
Zm00001eb024080	DD
Zm00001eb342150	DD
Zm00001eb227730	DD
Zm00001eb409420	DD
Zm00001eb345190	DD
Zm00001eb052100	DD
Zm00001eb134200	DD
Zm00001eb215680	DD
Zm00001eb363040	DD
Zm00001eb292620	DD
Zm00001eb179770	DD
Zm00001eb416390	DD
Zm00001eb388720	DD
Zm00001eb309120	DD
Zm00001eb349000	DD
Zm00001eb022270	DD
Zm00001eb231830	DD
Zm00001eb209230	DD
Zm00001eb124710	DD
Zm00001eb307620	DD
Zm00001eb208650	DD
Zm00001eb374870	DD
Zm00001eb048070	DD
Zm00001eb313870	DD
Zm00001eb031320	DD
Zm00001eb152150	DD
Zm00001eb264100	DD
Zm00001eb161280	DD
Zm00001eb160330	DD
Zm00001eb346310	DD
Zm00001eb432220	DD
Zm00001eb027050	DD
Zm00001eb268380	DD
Zm00001eb411720	DD
Zm00001eb393400	DD
Zm00001eb224820	DD
Zm00001eb163600	DD
Zm00001eb277230	DD
Zm00001eb345910	DD
Zm00001eb083270	DD
Zm00001eb107840	DD
Zm00001eb162520	DD
Zm00001eb169840	DD
Zm00001eb261880	DD
Zm00001eb317550	DD
Zm00001eb381900	DD
Zm00001eb061950	DD
Zm00001eb039010	DD
Zm00001eb050570	DD
Zm00001eb065730	DD
Zm00001eb142850	DD
Zm00001eb148870	DD
Zm00001eb085990	DD
Zm00001eb217820	DD
Zm00001eb385750	DD
Zm00001eb369890	DD
Zm00001eb364220	DD
Zm00001eb006040	DD
Zm00001eb293500	DD
Zm00001eb346890	DD
Zm00001eb010760	DD
Zm00001eb017980	DD
Zm00001eb089910	DD
Zm00001eb412320	DD
Zm00001eb029750	DD
Zm00001eb046790	DD
Zm00001eb056640	DD
Zm00001eb211330	DD
Zm00001eb042760	DD
Zm00001eb371460	DD
Zm00001eb083760	DD
Zm00001eb311000	DD
Zm00001eb000890	DD
Zm00001eb165860	DD
Zm00001eb266600	DD
Zm00001eb346390	DD
Zm00001eb093710	DD
Zm00001eb351920	DD
Zm00001eb080810	DD
Zm00001eb168260	DD
Zm00001eb085700	DD
Zm00001eb085710	DD
Zm00001eb228220	DD
Zm00001eb267300	DD
Zm00001eb153000	DD
Zm00001eb108700	DD
Zm00001eb181490	DD
Zm00001eb147430	DD
Zm00001eb429780	DD
Zm00001eb147180	DD
Zm00001eb148170	DD
Zm00001eb299350	DD
Zm00001eb379020	DD
Zm00001eb410400	DD
Zm00001eb134600	DD
Zm00001eb141730	DD
Zm00001eb289140	DD
Zm00001eb302160	DD
Zm00001eb431640	DD
Zm00001eb172690	DD
Zm00001eb217210	DD
Zm00001eb218310	DD
Zm00001eb349340	DD
Zm00001eb368660	DD
Zm00001eb200470	DD
Zm00001eb008720	DD
Zm00001eb083230	DD
Zm00001eb088500	DD
Zm00001eb149880	DD
Zm00001eb262600	DD
Zm00001eb278410	DD
Zm00001eb304140	DD
Zm00001eb288030	DD
Zm00001eb412580	DD
Zm00001eb036250	DD
Zm00001eb128390	DD
Zm00001eb257080	DD
Zm00001eb035330	DD
Zm00001eb128360	DD
Zm00001eb246310	DD
Zm00001eb341900	DD
Zm00001eb217560	DD
Zm00001eb237870	DD
Zm00001eb382350	DD
Zm00001eb225170	DD
Zm00001eb396940	DD
Zm00001eb136880	DD
Zm00001eb164780	DD
Zm00001eb194870	DD
Zm00001eb006940	DD
Zm00001eb050780	DD
Zm00001eb051920	DD
Zm00001eb345750	DD
Zm00001eb180500	DD
Zm00001eb205840	DD
Zm00001eb416620	DD
Zm00001eb217390	DD
Zm00001eb055900	DD
Zm00001eb282130	DD
Zm00001eb167820	DD
Zm00001eb165590	DD
Zm00001eb169030	DD
Zm00001eb322130	DD
Zm00001eb019210	DD
Zm00001eb222320	DD
Zm00001eb231150	DD
Zm00001eb258950	DD
Zm00001eb362440	DD
Zm00001eb028500	DD
Zm00001eb313660	DD
Zm00001eb394280	DD
Zm00001eb089540	DD
Zm00001eb003670	DD
Zm00001eb047520	DD
Zm00001eb120610	DD
Zm00001eb354090	DD
Zm00001eb305740	DD
Zm00001eb370070	DD
Zm00001eb371640	DD
Zm00001eb409500	DD
Zm00001eb351390	DD
Zm00001eb050270	DD
Zm00001eb057870	DD
Zm00001eb245440	DD
Zm00001eb298480	DD
Zm00001eb380140	DD
Zm00001eb320500	DD
Zm00001eb101220	DD
Zm00001eb406570	DD
Zm00001eb269410	DD
Zm00001eb397640	DD
Zm00001eb433180	DD
Zm00001eb280800	DD
Zm00001eb099970	DD
Zm00001eb190690	DD
Zm00001eb079720	DD
Zm00001eb198500	DD
Zm00001eb207510	DD
Zm00001eb070330	DD
Zm00001eb122980	DD
Zm00001eb281720	DD
Zm00001eb010770	DD
Zm00001eb407130	DD
Zm00001eb178490	DD
Zm00001eb310130	DD
Zm00001eb125260	DD
Zm00001eb184180	DD
Zm00001eb258630	DD
Zm00001eb252280	DD
Zm00001eb267660	DD
Zm00001eb155530	DD
Zm00001eb027310	DD
Zm00001eb027770	DD
Zm00001eb374280	DD
Zm00001eb127480	DD
Zm00001eb164110	DD
Zm00001eb087160	DD
Zm00001eb197140	DD
Zm00001eb238830	DD
Zm00001eb076940	DD
Zm00001eb139070	DD
Zm00001eb271310	DD
Zm00001eb019830	DD
Zm00001eb380540	DD
Zm00001eb034570	DD
Zm00001eb049670	DD
Zm00001eb242810	DD
Zm00001eb100370	DD
Zm00001eb241360	DD
Zm00001eb241350	DD
Zm00001eb371650	DD
Zm00001eb095670	DD
Zm00001eb378550	DD
Zm00001eb373800	DD
Zm00001eb036660	DD
Zm00001eb096730	DD
Zm00001eb400910	DD
Zm00001eb133190	DD
Zm00001eb418670	DD
Zm00001eb208480	DD
Zm00001eb225410	DD
Zm00001eb104080	DD
Zm00001eb126480	DD
Zm00001eb161150	DD
Zm00001eb237990	DD
Zm00001eb026550	DD
Zm00001eb082990	DD
Zm00001eb353090	DD
Zm00001eb423820	DD
Zm00001eb098530	DD
Zm00001eb209700	DD
Zm00001eb350600	DD
Zm00001eb030480	DD
Zm00001eb077810	DD
Zm00001eb148530	DD
Zm00001eb227540	DD
Zm00001eb243740	DD
Zm00001eb216830	DD
Zm00001eb316210	DD
Zm00001eb017510	DD
Zm00001eb236580	DD
Zm00001eb318980	DD
Zm00001eb376440	DD
Zm00001eb036540	DD
Zm00001eb063700	DD
Zm00001eb244740	DD
Zm00001eb412890	DD
Zm00001eb020010	DD
Zm00001eb027530	DD
Zm00001eb045190	DD
Zm00001eb090010	DD
Zm00001eb121750	DD
Zm00001eb136260	DD
Zm00001eb178060	DD
Zm00001eb180110	DD
Zm00001eb385640	DD
Zm00001eb427840	DD
Zm00001eb386460	DD
Zm00001eb146790	DD
Zm00001eb245430	DD
Zm00001eb377250	DD
Zm00001eb420660	DD
Zm00001eb185100	DD
Zm00001eb166710	DD
Zm00001eb432840	DD
Zm00001eb006330	DD
Zm00001eb020380	DD
Zm00001eb052140	DD
Zm00001eb221840	DD
Zm00001eb152470	DD
Zm00001eb240180	DD
Zm00001eb260770	DD
Zm00001eb286570	DD
Zm00001eb423020	DD
Zm00001eb306130	DD
Zm00001eb363330	DD
Zm00001eb424400	DD
Zm00001eb044940	DD
Zm00001eb369510	DD
Zm00001eb201910	DD
Zm00001eb287290	DD
Zm00001eb329570	DD
Zm00001eb093520	DD
Zm00001eb324130	DD
Zm00001eb388700	DD
Zm00001eb243230	DD
Zm00001eb314650	DD
Zm00001eb386890	DD
Zm00001eb110160	DD
Zm00001eb124120	DD
Zm00001eb202820	DD
Zm00001eb328550	DD
Zm00001eb199410	DD
Zm00001eb225100	DD
Zm00001eb268860	DD
Zm00001eb282000	DD
Zm00001eb051200	DD
Zm00001eb073770	DD
Zm00001eb042740	DD
Zm00001eb102590	DD
Zm00001eb071390	DD
Zm00001eb052320	DD
Zm00001eb153360	DD
Zm00001eb350500	DD
Zm00001eb328530	DD
Zm00001eb017910	DD
Zm00001eb037280	DD
Zm00001eb107380	DD
Zm00001eb302310	DD
Zm00001eb339750	DD
Zm00001eb365370	DD
Zm00001eb028830	DD
Zm00001eb203250	DD
Zm00001eb239940	DD
Zm00001eb305900	DD
Zm00001eb318460	DD
Zm00001eb141950	DD
Zm00001eb416680	DD
Zm00001eb176340	DD
Zm00001eb253900	DD
Zm00001eb341400	DD
Zm00001eb219460	DD
Zm00001eb088390	DD
Zm00001eb338890	DD
Zm00001eb115380	DD
Zm00001eb106710	DD
Zm00001eb164440	DD
Zm00001eb051680	DD
Zm00001eb160870	DD
Zm00001eb290260	DD
Zm00001eb248470	DD
Zm00001eb073280	DD
Zm00001eb250490	DD
Zm00001eb035690	DD
Zm00001eb259710	DD
Zm00001eb235750	DD
Zm00001eb327040	DD
Zm00001eb176500	DD
Zm00001eb151160	DD
Zm00001eb183070	DD
Zm00001eb069380	DD
Zm00001eb241280	DD
Zm00001eb254610	DD
Zm00001eb399710	DD
Zm00001eb124980	DD
Zm00001eb133290	DD
Zm00001eb171370	DD
Zm00001eb241270	DD
Zm00001eb399720	DD
Zm00001eb109010	DD
Zm00001eb124990	DD
Zm00001eb229660	DD
Zm00001eb184350	DD
Zm00001eb269670	DD
Zm00001eb371610	DD
Zm00001eb118530	DD
Zm00001eb252050	DD
Zm00001eb109080	DD
Zm00001eb238490	DD
Zm00001eb009830	DD
Zm00001eb399170	DD
Zm00001eb418320	DD
Zm00001eb105030	DD
Zm00001eb298570	DD
Zm00001eb201900	DD
Zm00001eb052920	DD
Zm00001eb206270	DD
Zm00001eb242160	DD
Zm00001eb305340	DD
Zm00001eb336540	DD
Zm00001eb052930	DD
Zm00001eb075600	DD
Zm00001eb104230	DD
Zm00001eb242170	DD
Zm00001eb402160	DD
Zm00001eb359900	DD
Zm00001eb131520	DD
Zm00001eb282730	DD
Zm00001eb346030	DD
Zm00001eb258680	DD
Zm00001eb062100	DD
Zm00001eb137560	DD
Zm00001eb271020	DD
Zm00001eb292300	DD
Zm00001eb078880	DD
Zm00001eb101870	DD
Zm00001eb328490	DD
Zm00001eb087450	DD
Zm00001eb354110	DD
Zm00001eb074500	DD
Zm00001eb094270	DD
Zm00001eb282700	DD
Zm00001eb043040	DD
Zm00001eb112400	DD
Zm00001eb298140	DD
Zm00001eb411320	DD
Zm00001eb015450	DD
Zm00001eb110140	DD
Zm00001eb200120	DD
Zm00001eb137400	DD
Zm00001eb337880	DD
Zm00001eb389330	DD
Zm00001eb198510	DD
Zm00001eb006340	DD
Zm00001eb141190	DD
Zm00001eb284580	DD
Zm00001eb284590	DD
Zm00001eb308800	DD
Zm00001eb177410	DD
Zm00001eb024470	DD
Zm00001eb321280	DD
Zm00001eb411620	DD
Zm00001eb182650	DD
Zm00001eb221720	DD
Zm00001eb334070	DD
Zm00001eb399220	DD
Zm00001eb253590	DD
Zm00001eb422730	DD
Zm00001eb162350	DD
Zm00001eb335560	DD
Zm00001eb112930	DD
Zm00001eb330670	DD
Zm00001eb148990	DD
Zm00001eb183350	DD
Zm00001eb331250	DD
Zm00001eb313080	DD
Zm00001eb118450	DD
Zm00001eb180210	DD
Zm00001eb372400	DD
Zm00001eb388660	DD
Zm00001eb180330	DD
Zm00001eb196320	DD
Zm00001eb019170	DD
Zm00001eb166850	DD
Zm00001eb200100	DD
Zm00001eb066080	DD
Zm00001eb144590	DD
Zm00001eb315590	DD
Zm00001eb042900	DD
Zm00001eb050580	DD
Zm00001eb156070	DD
Zm00001eb291710	DD
Zm00001eb191930	DD
Zm00001eb076530	DD
Zm00001eb175630	DD
Zm00001eb046570	DD
Zm00001eb036290	DD
Zm00001eb109060	DD
Zm00001eb096860	DD
Zm00001eb088790	DD
Zm00001eb204040	DD
Zm00001eb358650	DD
Zm00001eb305820	DD
Zm00001eb004110	DD
Zm00001eb046820	DD
Zm00001eb051760	DD
Zm00001eb124580	DD
Zm00001eb177980	DD
Zm00001eb253640	DD
Zm00001eb309510	DD
Zm00001eb012080	DD
Zm00001eb270060	DD
Zm00001eb387910	DD
Zm00001eb307650	DD
Zm00001eb367290	DD
Zm00001eb076630	DD
Zm00001eb104440	DD
Zm00001eb432680	DD
Zm00001eb008380	DD
Zm00001eb211940	DD
Zm00001eb368040	DD
Zm00001eb020240	DD
Zm00001eb209660	DD
Zm00001eb379310	DD
Zm00001eb424880	DD
Zm00001eb012490	DD
Zm00001eb150310	DD
Zm00001eb231600	DD
Zm00001eb331840	DD
Zm00001eb408410	DD
Zm00001eb154640	DD
Zm00001eb361610	DD
Zm00001eb231240	DD
Zm00001eb105270	DD
Zm00001eb027490	DD
Zm00001eb105260	DD
Zm00001eb105240	DD
Zm00001eb097380	DD
Zm00001eb318700	DD
Zm00001eb166520	DD
Zm00001eb191220	DD
Zm00001eb287000	DD
Zm00001eb375000	DD
Zm00001eb310440	DD
Zm00001eb020720	DD
Zm00001eb241190	DD
Zm00001eb012720	DD
Zm00001eb307070	DD
Zm00001eb128540	DD
Zm00001eb096830	DD
Zm00001eb147170	DD
Zm00001eb302840	DD
Zm00001eb358610	DD
Zm00001eb386340	DD
Zm00001eb240690	DD
Zm00001eb349760	DD
Zm00001eb402470	DD
Zm00001eb001700	DD
Zm00001eb072370	DD
Zm00001eb095560	DD
Zm00001eb110440	DD
Zm00001eb113940	DD
Zm00001eb225280	DD
Zm00001eb362260	DD
Zm00001eb297930	DD
Zm00001eb365360	DD
Zm00001eb067780	DD
Zm00001eb320440	DD
Zm00001eb412370	DD
Zm00001eb354460	DD
Zm00001eb388690	DD
Zm00001eb275000	DD
Zm00001eb360410	DD
Zm00001eb025330	DD
Zm00001eb228720	DD
Zm00001eb385580	DD
Zm00001eb235440	DD
Zm00001eb180420	DD
Zm00001eb016830	DD
Zm00001eb092120	DD
Zm00001eb321020	DD
Zm00001eb324780	DD
Zm00001eb429070	DD
Zm00001eb167790	DD
Zm00001eb253300	DD
Zm00001eb267310	DD
Zm00001eb374290	DD
Zm00001eb349840	DD
Zm00001eb014170	DD
Zm00001eb232480	DD
Zm00001eb138920	DD
Zm00001eb360850	DD
Zm00001eb010480	DD
Zm00001eb433640	DD
Zm00001eb116030	DD
Zm00001eb319620	DD
Zm00001eb186690	DD
Zm00001eb133240	DD
Zm00001eb012890	DD
Zm00001eb150070	DD
Zm00001eb058010	DD
Zm00001eb232980	DD
Zm00001eb110750	DD
Zm00001eb124070	DD
Zm00001eb427180	DD
Zm00001eb183790	DD
Zm00001eb103870	DD
Zm00001eb367750	DD
Zm00001eb169520	DD
Zm00001eb089500	DD
Zm00001eb223720	DD
Zm00001eb351130	DD
Zm00001eb165470	DD
Zm00001eb245880	DD
Zm00001eb200560	DD
Zm00001eb176750	DD
Zm00001eb376580	DD
Zm00001eb355450	DD
Zm00001eb373480	DD
Zm00001eb208210	DD
Zm00001eb320140	DD
Zm00001eb157510	DD
Zm00001eb164190	DD
Zm00001eb129070	DD
Zm00001eb184480	DD
Zm00001eb134960	DD
Zm00001eb006120	DD
Zm00001eb188290	DD
Zm00001eb191610	DD
Zm00001eb028150	DD
Zm00001eb125740	DD
Zm00001eb135820	DD
Zm00001eb176060	DD
Zm00001eb183450	DD
Zm00001eb373680	DD
Zm00001eb247000	DD
Zm00001eb398480	DD
Zm00001eb309000	DD
Zm00001eb099530	DD
Zm00001eb254480	DD
Zm00001eb070670	DD
Zm00001eb105100	DD
Zm00001eb209260	DD
Zm00001eb257560	DD
Zm00001eb100140	DD
Zm00001eb255850	DD
Zm00001eb341430	DD
Zm00001eb197510	DD
Zm00001eb079570	DD
Zm00001eb333840	DD
Zm00001eb036320	DD
Zm00001eb169910	DD
Zm00001eb154400	DD
Zm00001eb158390	DD
Zm00001eb181070	DD
Zm00001eb183360	DD
Zm00001eb204440	DD
Zm00001eb264220	DD
Zm00001eb302770	DD
Zm00001eb336000	DD
Zm00001eb376370	DD
Zm00001eb410320	DD
Zm00001eb105190	DD
Zm00001eb318970	DD
Zm00001eb296650	DD
Zm00001eb061570	DD
Zm00001eb130640	DD
Zm00001eb007300	DD
Zm00001eb198520	DD
Zm00001eb395040	DD
Zm00001eb354850	DD
Zm00001eb167080	DD
Zm00001eb199090	DD
Zm00001eb364540	DD
Zm00001eb019420	DD
Zm00001eb177150	DD
Zm00001eb151810	DD
Zm00001eb371760	DD
Zm00001eb109250	DD
Zm00001eb207190	DD
Zm00001eb158450	DD
Zm00001eb179810	DD
Zm00001eb294160	DD
Zm00001eb331300	DD
Zm00001eb424410	DD
Zm00001eb102480	DD
Zm00001eb161470	DD
Zm00001eb240160	DD
Zm00001eb134030	DD
Zm00001eb269620	DD
Zm00001eb272570	DD
Zm00001eb313860	DD
Zm00001eb102070	DD
Zm00001eb391600	DD
Zm00001eb410330	DD
Zm00001eb337400	DD
Zm00001eb239800	DD
Zm00001eb067160	DD
Zm00001eb273350	DD
Zm00001eb327680	DD
Zm00001eb053710	DD
Zm00001eb254200	DD
Zm00001eb084610	DD
Zm00001eb196970	DD
Zm00001eb283710	DD
Zm00001eb364890	DD
Zm00001eb142480	DD
Zm00001eb152950	DD
Zm00001eb138630	DD
Zm00001eb409200	DD
Zm00001eb145890	DD
Zm00001eb339500	DD
Zm00001eb424770	DD
Zm00001eb178470	DD
Zm00001eb201430	DD
Zm00001eb283100	DD
Zm00001eb170730	DD
Zm00001eb270460	DD
Zm00001eb377130	DD
Zm00001eb170690	DD
Zm00001eb386040	DD
Zm00001eb343300	DD
Zm00001eb097960	DD
Zm00001eb259530	DD
Zm00001eb260060	DD
Zm00001eb268630	DD
Zm00001eb170630	DD
Zm00001eb294980	DD
Zm00001eb173200	DD
Zm00001eb157460	DD
Zm00001eb335600	DD
Zm00001eb183990	DD
Zm00001eb041430	DD
Zm00001eb348430	DD
Zm00001eb425260	DD
Zm00001eb405170	DD
Zm00001eb153820	DD
Zm00001eb321520	DD
Zm00001eb321510	DD
Zm00001eb354160	DD
Zm00001eb358830	DD
Zm00001eb025100	DD
Zm00001eb075590	DD
Zm00001eb069400	DD
Zm00001eb244810	DD
Zm00001eb198340	DD
Zm00001eb372010	DD
Zm00001eb298330	DD
Zm00001eb229290	DD
Zm00001eb408990	DD
Zm00001eb387380	DD
Zm00001eb139050	DD
Zm00001eb318760	DD
Zm00001eb104450	DD
Zm00001eb123030	DD
Zm00001eb193210	DD
Zm00001eb359870	DD
Zm00001eb428330	DD
Zm00001eb057640	DD
Zm00001eb248960	DD
Zm00001eb411250	DD
Zm00001eb338360	DD
Zm00001eb133480	DD
Zm00001eb409950	DD
Zm00001eb066510	DD
Zm00001eb291520	DD
Zm00001eb197100	DD
Zm00001eb242540	DD
Zm00001eb268710	DD
Zm00001eb338600	DD
Zm00001eb404050	DD
Zm00001eb082030	DD
Zm00001eb124650	DD
Zm00001eb172800	DD
Zm00001eb229580	DD
Zm00001eb433380	DD
Zm00001eb126240	DD
Zm00001eb172850	DD
Zm00001eb416440	DD
Zm00001eb204930	DD
Zm00001eb082570	DD
Zm00001eb087210	DD
Zm00001eb404060	DD
Zm00001eb085920	DD
Zm00001eb085930	DD
Zm00001eb132950	DD
Zm00001eb283170	DD
Zm00001eb233750	DD
Zm00001eb319740	DD
Zm00001eb185010	DD
Zm00001eb191460	DD
Zm00001eb264330	DD
Zm00001eb264340	DD
Zm00001eb331340	DD
Zm00001eb336910	DD
Zm00001eb415300	DD
Zm00001eb198800	DD
Zm00001eb044570	DD
Zm00001eb065830	DD
Zm00001eb112230	DD
Zm00001eb183550	DD
Zm00001eb389760	DD
Zm00001eb028860	DD
Zm00001eb200220	DD
Zm00001eb298860	DD
Zm00001eb186710	DD
Zm00001eb291370	DD
Zm00001eb042480	DD
Zm00001eb198680	DD
Zm00001eb055250	DD
Zm00001eb431800	DD
Zm00001eb029410	DD
Zm00001eb109930	DD
Zm00001eb383170	DD
Zm00001eb370260	DD
Zm00001eb404480	DD
Zm00001eb063060	DD
Zm00001eb112440	DD
Zm00001eb328880	DD
Zm00001eb279620	DD
Zm00001eb279610	DD
Zm00001eb297620	DD
Zm00001eb279600	DD
Zm00001eb239480	DD
Zm00001eb265370	DD
Zm00001eb413970	DD
Zm00001eb114970	DD
Zm00001eb256220	DD
Zm00001eb107630	DD
Zm00001eb266050	DD
Zm00001eb112790	DD
Zm00001eb043820	DD
Zm00001eb282460	DD
Zm00001eb058220	DD
Zm00001eb086530	DD
Zm00001eb378560	DD
Zm00001eb032810	DD
Zm00001eb174580	DD
Zm00001eb274810	DD
Zm00001eb014620	DD
Zm00001eb336780	DD
Zm00001eb329250	DD
Zm00001eb166470	DD
Zm00001eb239110	DD
Zm00001eb359700	DD
Zm00001eb409730	DD
Zm00001eb075940	DD
Zm00001eb305190	DD
Zm00001eb350510	DD
Zm00001eb221030	DD
Zm00001eb382860	DD
Zm00001eb071490	DD
Zm00001eb221760	DD
Zm00001eb307260	DD
Zm00001eb088990	DD
Zm00001eb393130	DD
Zm00001eb098400	DD
Zm00001eb349550	DD
Zm00001eb337640	DD
Zm00001eb001570	DD
Zm00001eb143950	DD
Zm00001eb426330	DD
Zm00001eb305800	DD
Zm00001eb217950	DD
Zm00001eb227270	DD
Zm00001eb360680	DD
Zm00001eb418200	DD
Zm00001eb382840	DD
Zm00001eb385240	DD
Zm00001eb374160	DD
Zm00001eb069650	DD
Zm00001eb338330	DD
Zm00001eb376420	DD
Zm00001eb321820	DD
Zm00001eb038930	DD
Zm00001eb074700	DD
Zm00001eb304640	DD
Zm00001eb273480	DD
Zm00001eb223570	DD
Zm00001eb309570	DD
Zm00001eb349180	DD
Zm00001eb164660	DD
Zm00001eb218770	DD
Zm00001eb222670	DD
Zm00001eb185040	DD
Zm00001eb008210	DD
Zm00001eb057210	DD
Zm00001eb082690	DD
Zm00001eb114810	DD
Zm00001eb126070	DD
Zm00001eb130630	DD
Zm00001eb178390	DD
Zm00001eb184690	DD
Zm00001eb333510	DD
Zm00001eb302340	DD
Zm00001eb370170	DD
Zm00001eb377170	DD
Zm00001eb383390	DD
Zm00001eb354810	DD
Zm00001eb043280	DD
Zm00001eb123010	DD
Zm00001eb239370	DD
Zm00001eb337320	DD
Zm00001eb352830	DD
Zm00001eb220210	DD
Zm00001eb431380	DD
Zm00001eb037720	DD
Zm00001eb220200	DD
Zm00001eb238630	DD
Zm00001eb324290	DD
Zm00001eb266550	DD
Zm00001eb286690	DD
Zm00001eb376470	DD
Zm00001eb223090	DD
Zm00001eb086590	DD
Zm00001eb087940	DD
Zm00001eb136070	DD
Zm00001eb380560	DD
Zm00001eb013560	DD
Zm00001eb113640	DD
Zm00001eb197670	DD
Zm00001eb087800	DD
Zm00001eb125610	DD
Zm00001eb172050	DD
Zm00001eb174950	DD
Zm00001eb175300	DD
Zm00001eb180750	DD
Zm00001eb252520	DD
Zm00001eb188210	DD
Zm00001eb278660	DD
Zm00001eb218290	DD
Zm00001eb237370	DD
Zm00001eb242000	DD
Zm00001eb250550	DD
Zm00001eb262630	DD
Zm00001eb352510	DD
Zm00001eb374960	DD
Zm00001eb308120	DD
Zm00001eb322920	DD
Zm00001eb351680	DD
Zm00001eb430830	DD
Zm00001eb222190	DD
Zm00001eb011490	DD
Zm00001eb137550	DD
Zm00001eb139930	DD
Zm00001eb222060	DD
Zm00001eb059370	DD
Zm00001eb128080	DD
Zm00001eb294310	DD
Zm00001eb331510	DD
Zm00001eb283000	DD
Zm00001eb313200	DD
Zm00001eb377290	DD
Zm00001eb361740	DD
Zm00001eb086240	DD
Zm00001eb102100	DD
Zm00001eb180620	DD
Zm00001eb425490	DD
Zm00001eb180630	DD
Zm00001eb148660	DD
Zm00001eb232710	DD
Zm00001eb076640	DD
Zm00001eb434560	DD
Zm00001eb083030	DD
Zm00001eb133600	DD
Zm00001eb199040	DD
Zm00001eb410340	DD
Zm00001eb038760	DD
Zm00001eb264600	DD
Zm00001eb236070	DD
Zm00001eb416740	DD
Zm00001eb322510	DD
Zm00001eb361720	DD
Zm00001eb223350	DD
Zm00001eb352810	DD
Zm00001eb002860	DD
Zm00001eb422080	DD
Zm00001eb009950	DD
Zm00001eb167120	DD
Zm00001eb176190	DD
Zm00001eb415420	DD
Zm00001eb003160	DD
Zm00001eb141100	DD
Zm00001eb084100	DD
Zm00001eb096250	DD
Zm00001eb185960	DD
Zm00001eb124280	DD
Zm00001eb161430	DD
Zm00001eb293810	DD
Zm00001eb343940	DD
Zm00001eb254640	DD
Zm00001eb374230	DD
Zm00001eb373310	DD
Zm00001eb210200	DD
Zm00001eb029470	DD
Zm00001eb072760	DD
Zm00001eb276800	DD
Zm00001eb325290	DD
Zm00001eb325300	DD
Zm00001eb305560	DD
Zm00001eb007720	DD
Zm00001eb390760	DD
Zm00001eb159790	DD
Zm00001eb180840	DD
Zm00001eb411280	DD
Zm00001eb229240	DD
Zm00001eb224090	DD
Zm00001eb299930	DD
Zm00001eb331900	DD
Zm00001eb368570	DD
Zm00001eb286860	DD
Zm00001eb010270	DD
Zm00001eb073780	DD
Zm00001eb152240	DD
Zm00001eb184580	DD
Zm00001eb167640	DD
Zm00001eb279860	DD
Zm00001eb364910	DD
Zm00001eb136530	DD
Zm00001eb121280	DD
Zm00001eb140770	DD
Zm00001eb242480	DD
Zm00001eb217860	DD
Zm00001eb403300	DD
Zm00001eb049070	DD
Zm00001eb166870	DD
Zm00001eb176820	DD
Zm00001eb165900	DD
Zm00001eb248410	DD
Zm00001eb151710	DD
Zm00001eb403390	DD
Zm00001eb398220	DD
Zm00001eb420730	DD
Zm00001eb270610	DD
Zm00001eb365440	DD
Zm00001eb189520	DD
Zm00001eb063420	DD
Zm00001eb044630	DD
Zm00001eb291180	DD
Zm00001eb281830	DD
Zm00001eb320620	DD
Zm00001eb189330	DD
Zm00001eb262740	DD
Zm00001eb359790	DD
Zm00001eb202530	DD
Zm00001eb332250	DD
Zm00001eb363840	DD
Zm00001eb413710	DD
Zm00001eb224370	DD
Zm00001eb229830	DD
Zm00001eb130120	DD
Zm00001eb029140	DD
Zm00001eb328320	DD
Zm00001eb279750	DD
Zm00001eb353140	DD
Zm00001eb041270	DD
Zm00001eb044770	DD
Zm00001eb271470	DD
Zm00001eb114990	DD
Zm00001eb167290	DD
Zm00001eb182100	DD
Zm00001eb391040	DD
Zm00001eb408950	DD
Zm00001eb166090	DD
Zm00001eb043220	DD
Zm00001eb220180	DD
Zm00001eb375190	DD
Zm00001eb155630	DD
Zm00001eb169080	DD
Zm00001eb168430	DD
Zm00001eb249650	DD
Zm00001eb106080	DD
Zm00001eb064450	DD
Zm00001eb151650	DD
Zm00001eb176760	DD
Zm00001eb410860	DD
Zm00001eb387030	DD
Zm00001eb156410	DD
Zm00001eb106020	DD
Zm00001eb182340	DD
Zm00001eb370200	DD
Zm00001eb118350	DD
Zm00001eb420370	DD
Zm00001eb338110	DD
Zm00001eb376080	DD
Zm00001eb082090	DD
Zm00001eb014440	DD
Zm00001eb076350	DD
Zm00001eb121580	DD
Zm00001eb219570	DD
Zm00001eb091670	DD
Zm00001eb137070	DD
Zm00001eb313420	DD
Zm00001eb318660	DD
Zm00001eb156430	DD
Zm00001eb371990	DD
Zm00001eb382440	DD
Zm00001eb373720	DD
Zm00001eb423230	DD
Zm00001eb072560	DD
Zm00001eb207300	DD
Zm00001eb333360	DD
Zm00001eb420500	DD
Zm00001eb192040	DD
Zm00001eb087540	DD
Zm00001eb061660	DD
Zm00001eb371060	DD
Zm00001eb157480	DD
Zm00001eb171130	DD
Zm00001eb136150	DD
Zm00001eb039260	DD
Zm00001eb106880	DD
Zm00001eb219380	DD
Zm00001eb089130	DD
Zm00001eb089340	DD
Zm00001eb049790	DD
Zm00001eb140520	DD
Zm00001eb222540	DD
Zm00001eb142680	DD
Zm00001eb292750	DD
Zm00001eb025450	DD
Zm00001eb328950	DD
Zm00001eb416180	DD
Zm00001eb190750	DD
Zm00001eb117610	DD
Zm00001eb238200	DD
Zm00001eb395520	DD
Zm00001eb222290	DD
Zm00001eb166460	DD
Zm00001eb002360	DD
Zm00001eb355530	DD
Zm00001eb424320	DD
Zm00001eb080750	DD
Zm00001eb368790	DD
Zm00001eb316030	DD
Zm00001eb134870	DD
Zm00001eb051810	DD
Zm00001eb243080	DD
Zm00001eb176290	DD
Zm00001eb044710	DD
Zm00001eb135080	DD
Zm00001eb147660	DD
Zm00001eb179700	DD
Zm00001eb415030	DD
Zm00001eb213410	DD
Zm00001eb091020	DD
Zm00001eb357400	DD
Zm00001eb126430	DD
Zm00001eb189460	DD
Zm00001eb204520	DD
Zm00001eb413070	DD
Zm00001eb362320	DD
Zm00001eb377520	DD
Zm00001eb007280	DD
Zm00001eb088780	DD
Zm00001eb310110	DD
Zm00001eb244600	DD
Zm00001eb305650	DD
Zm00001eb409110	DD
Zm00001eb120240	DD
Zm00001eb427800	DD
Zm00001eb068340	DD
Zm00001eb135490	DD
Zm00001eb088480	DD
Zm00001eb028340	DD
Zm00001eb065610	DD
Zm00001eb070160	DD
Zm00001eb222640	DD
Zm00001eb231850	DD
Zm00001eb302820	DD
Zm00001eb343560	DD
Zm00001eb026090	DD
Zm00001eb009480	DD
Zm00001eb197560	DD
Zm00001eb313830	DD
Zm00001eb293930	DD
Zm00001eb239270	DD
Zm00001eb383790	DD
Zm00001eb029060	DD
Zm00001eb212920	DD
Zm00001eb145860	DD
Zm00001eb096060	DD
Zm00001eb078030	DD
Zm00001eb191470	DD
Zm00001eb352280	DD
Zm00001eb360420	DD
Zm00001eb311140	DD
Zm00001eb417530	DD
Zm00001eb268330	DD
Zm00001eb044240	DD
Zm00001eb033580	DD
Zm00001eb036420	DD
Zm00001eb355720	DD
Zm00001eb325190	DD
Zm00001eb404530	DD
Zm00001eb088250	DD
Zm00001eb419800	DD
Zm00001eb128470	DD
Zm00001eb339350	DD
Zm00001eb214350	DD
Zm00001eb103950	DD
Zm00001eb383760	DD
Zm00001eb423120	DD
Zm00001eb427220	DD
Zm00001eb032800	DD
Zm00001eb108960	DD
Zm00001eb032890	DD
Zm00001eb031950	DD
Zm00001eb299330	DD
Zm00001eb410590	DD
Zm00001eb417570	DD
Zm00001eb201590	DD
Zm00001eb327200	DD
Zm00001eb114830	DD
Zm00001eb046370	DD
Zm00001eb089550	DD
Zm00001eb083870	DD
Zm00001eb366860	DD
Zm00001eb036000	DD
Zm00001eb314370	DD
Zm00001eb217150	DD
Zm00001eb277370	DD
Zm00001eb284160	DD
Zm00001eb318190	DD
Zm00001eb352440	DD
Zm00001eb353960	DD
Zm00001eb034770	DD
Zm00001eb161240	DD
Zm00001eb176100	DD
Zm00001eb291230	DD
Zm00001eb355230	DD
Zm00001eb160690	DD
Zm00001eb315520	DD
Zm00001eb123300	DD
Zm00001eb152070	DD
Zm00001eb287680	DD
Zm00001eb235720	DD
Zm00001eb349770	DD
Zm00001eb035850	DD
Zm00001eb060210	DD
Zm00001eb149360	DD
Zm00001eb345960	DD
Zm00001eb397130	DD
Zm00001eb033540	DD
Zm00001eb059520	DD
Zm00001eb154890	DD
Zm00001eb236280	DD
Zm00001eb386790	DD
Zm00001eb421450	DD
Zm00001eb429350	DD
Zm00001eb090710	DD
Zm00001eb251570	DD
Zm00001eb319340	DD
Zm00001eb383220	DD
Zm00001eb104270	DD
Zm00001eb273930	DD
Zm00001eb132840	DD
Zm00001eb134010	DD
Zm00001eb226180	DD
Zm00001eb084580	DD
Zm00001eb115090	DD
Zm00001eb290200	DD
Zm00001eb422590	DD
Zm00001eb385550	DD
Zm00001eb206620	DD
Zm00001eb217240	DD
Zm00001eb317300	DD
Zm00001eb126120	DD
Zm00001eb065520	DD
Zm00001eb282740	DD
Zm00001eb101530	DD
Zm00001eb114770	DD
Zm00001eb170740	DD
Zm00001eb228580	DD
Zm00001eb239160	DD
Zm00001eb241400	DD
Zm00001eb348890	DD
Zm00001eb270880	DD
Zm00001eb307740	DD
Zm00001eb146640	DD
Zm00001eb197770	DD
Zm00001eb342560	DD
Zm00001eb061410	DD
Zm00001eb297470	DD
Zm00001eb020890	DD
Zm00001eb205110	DD
Zm00001eb393360	DD
Zm00001eb029940	DD
Zm00001eb303040	DD
Zm00001eb128400	DD
Zm00001eb290430	DD
Zm00001eb227590	DD
Zm00001eb033190	DD
Zm00001eb408710	DD
Zm00001eb298910	DD
Zm00001eb158310	DD
Zm00001eb412700	DD
Zm00001eb247990	DD
Zm00001eb109380	DD
Zm00001eb222940	DD
Zm00001eb358390	DD
Zm00001eb382240	DD
Zm00001eb067710	DD
Zm00001eb134020	DD
Zm00001eb119690	DD
Zm00001eb134130	DD
Zm00001eb141630	DD
Zm00001eb229140	DD
Zm00001eb226140	DD
Zm00001eb334460	DD
Zm00001eb167150	DD
Zm00001eb237190	DD
Zm00001eb054400	DD
Zm00001eb209170	DD
Zm00001eb114860	DD
Zm00001eb320130	DD
Zm00001eb373640	DD
Zm00001eb255310	DD
Zm00001eb011380	DD
Zm00001eb025440	DD
Zm00001eb041110	DD
Zm00001eb123270	DD
Zm00001eb007120	DD
Zm00001eb077380	DD
Zm00001eb076770	DD
Zm00001eb011280	DD
Zm00001eb228260	DD
Zm00001eb432610	DD
Zm00001eb087850	DD
Zm00001eb311130	DD
Zm00001eb292070	DD
Zm00001eb388420	DD
Zm00001eb060370	DD
Zm00001eb089900	DD
Zm00001eb173630	DD
Zm00001eb190310	DD
Zm00001eb191810	DD
Zm00001eb366210	DD
Zm00001eb281050	DD
Zm00001eb352870	DD
Zm00001eb328420	DD
Zm00001eb181150	DD
Zm00001eb431040	DD
Zm00001eb309210	DD
Zm00001eb328120	DD
Zm00001eb009090	DD
Zm00001eb399860	DD
Zm00001eb432580	DD
Zm00001eb009250	DD
Zm00001eb216160	DD
Zm00001eb201610	DD
Zm00001eb260860	DD
Zm00001eb067720	DD
Zm00001eb267510	DD
Zm00001eb239140	DD
Zm00001eb124780	DD
Zm00001eb115010	DD
Zm00001eb167260	DD
Zm00001eb181520	DD
Zm00001eb268260	DD
Zm00001eb432690	DD
Zm00001eb232460	DD
Zm00001eb060540	DD
Zm00001eb079680	DD
Zm00001eb086290	DD
Zm00001eb306830	DD
Zm00001eb216050	DD
Zm00001eb140510	DD
Zm00001eb432410	DD
Zm00001eb411290	DD
Zm00001eb120470	DD
Zm00001eb284820	DD
Zm00001eb335170	DD
Zm00001eb033080	DD
Zm00001eb380020	DD
Zm00001eb037690	DD
Zm00001eb019960	DD
Zm00001eb156420	DD
Zm00001eb373730	DD
Zm00001eb382450	DD
Zm00001eb410300	DD
Zm00001eb041450	DD
Zm00001eb168720	DD
Zm00001eb216040	DD
Zm00001eb201280	DD
Zm00001eb126860	DD
Zm00001eb239220	DD
Zm00001eb257100	DD
Zm00001eb382230	DD
Zm00001eb122600	DD
Zm00001eb366420	DD
Zm00001eb137320	DD
Zm00001eb270330	DD
Zm00001eb026740	DD
Zm00001eb395650	DD
Zm00001eb179450	DD
Zm00001eb243400	DD
Zm00001eb381780	DD
Zm00001eb277640	DD
Zm00001eb103860	DD
Zm00001eb025850	DD
Zm00001eb265460	DD
Zm00001eb277310	DD
Zm00001eb413530	DD
Zm00001eb354670	DD
Zm00001eb250620	DD
Zm00001eb289330	DD
Zm00001eb409410	DD
Zm00001eb320420	DD
Zm00001eb335050	DD
Zm00001eb015410	DD
Zm00001eb077000	DD
Zm00001eb409360	DD
Zm00001eb017580	DD
Zm00001eb042990	DD
Zm00001eb097730	DD
Zm00001eb176800	DD
Zm00001eb304130	DD
Zm00001eb158580	DD
Zm00001eb277680	DD
Zm00001eb264830	DD
Zm00001eb215400	DD
Zm00001eb030210	DD
Zm00001eb170020	DD
Zm00001eb182570	DD
Zm00001eb172010	DD
Zm00001eb394450	DD
Zm00001eb326140	DD
Zm00001eb355390	DD
Zm00001eb430590	DD
Zm00001eb345460	DD
Zm00001eb162280	DD
Zm00001eb213740	DD
Zm00001eb372270	DD
Zm00001eb088320	DD
Zm00001eb384630	DD
Zm00001eb325530	DD
Zm00001eb432740	DD
Zm00001eb103240	DD
Zm00001eb080820	DD
Zm00001eb151890	DD
Zm00001eb208980	DD
Zm00001eb020160	DD
Zm00001eb155770	DD
Zm00001eb334640	DD
Zm00001eb193650	DD
Zm00001eb033920	DD
Zm00001eb133160	DD
Zm00001eb049330	DD
Zm00001eb135060	DD
Zm00001eb260930	DD
Zm00001eb214830	DD
Zm00001eb328750	DD
Zm00001eb008030	DD
Zm00001eb235470	DD
Zm00001eb109110	DD
Zm00001eb398090	DD
Zm00001eb417270	DD
Zm00001eb309520	DD
Zm00001eb084690	DD
Zm00001eb108730	DD
Zm00001eb108000	DD
Zm00001eb155880	DD
Zm00001eb169870	DD
Zm00001eb297980	DD
Zm00001eb025380	DD
Zm00001eb181090	DD
Zm00001eb409460	DD
Zm00001eb423130	DD
Zm00001eb095000	DD
Zm00001eb035300	DD
Zm00001eb075290	DD
Zm00001eb393070	DD
Zm00001eb100350	DD
Zm00001eb043500	DD
Zm00001eb222800	DD
Zm00001eb291510	DD
Zm00001eb364150	DD
Zm00001eb043510	DD
Zm00001eb140980	DD
Zm00001eb354180	DD
Zm00001eb291500	DD
Zm00001eb364160	DD
Zm00001eb069190	DD
Zm00001eb222780	DD
Zm00001eb172500	DD
Zm00001eb175940	DD
Zm00001eb201530	DD
Zm00001eb214550	DD
Zm00001eb061920	DD
Zm00001eb098300	DD
Zm00001eb399510	DD
Zm00001eb332450	DD
Zm00001eb050080	DD
Zm00001eb254370	DD
Zm00001eb276410	DD
Zm00001eb152260	DD
Zm00001eb009230	DD
Zm00001eb412490	DD
Zm00001eb020410	DD
Zm00001eb164180	DD
Zm00001eb400440	DD
Zm00001eb012850	DD
Zm00001eb386180	DD
Zm00001eb024760	DD
Zm00001eb024770	DD
Zm00001eb123090	DD
Zm00001eb379240	DD
Zm00001eb405610	DD
Zm00001eb086840	DD
Zm00001eb179080	DD
Zm00001eb367120	DD
Zm00001eb030200	DD
Zm00001eb402920	DD
Zm00001eb057030	DD
Zm00001eb176370	DD
Zm00001eb256370	DD
Zm00001eb246390	DD
Zm00001eb250630	DD
Zm00001eb286070	DD
Zm00001eb347480	DD
Zm00001eb373330	DD
Zm00001eb299940	DD
Zm00001eb261810	DD
Zm00001eb219290	DD
Zm00001eb219870	DD
Zm00001eb385020	DD
Zm00001eb032430	DD
Zm00001eb062840	DD
Zm00001eb307380	DD
Zm00001eb330560	DD
Zm00001eb189210	DD
Zm00001eb272600	DD
Zm00001eb264580	DD
Zm00001eb040080	DD
Zm00001eb089290	DD
Zm00001eb273410	DD
Zm00001eb007490	DD
Zm00001eb065360	DD
Zm00001eb167510	DD
Zm00001eb110860	DD
Zm00001eb199700	DD
Zm00001eb030400	DD
Zm00001eb385480	DD
Zm00001eb175910	DD
Zm00001eb425780	DD
Zm00001eb152170	DD
Zm00001eb226880	DD
Zm00001eb170830	DD
Zm00001eb412710	DD
Zm00001eb313530	DD
Zm00001eb145000	DD
Zm00001eb117330	DD
Zm00001eb128270	DD
Zm00001eb205120	DD
Zm00001eb224590	DD
Zm00001eb223060	DD
Zm00001eb392990	DD
Zm00001eb217480	DD
Zm00001eb116780	DD
Zm00001eb203630	DD
Zm00001eb156030	DD
Zm00001eb237530	DD
Zm00001eb304650	DD
Zm00001eb304670	DD
Zm00001eb305300	DD
Zm00001eb305320	DD
Zm00001eb416470	DD
Zm00001eb153750	DD
Zm00001eb238750	DD
Zm00001eb415270	DD
Zm00001eb390600	DD
Zm00001eb194000	DD
Zm00001eb146440	DD
Zm00001eb384960	DD
Zm00001eb101000	DD
Zm00001eb265380	DD
Zm00001eb388920	DD
Zm00001eb161550	DD
Zm00001eb167590	DD
Zm00001eb351300	DD
Zm00001eb309940	DD
Zm00001eb386160	DD
Zm00001eb303330	DD
Zm00001eb360190	DD
Zm00001eb387780	DD
Zm00001eb004320	DD
Zm00001eb009840	DD
Zm00001eb259020	DD
Zm00001eb300450	DD
Zm00001eb253220	DD
Zm00001eb275560	DD
Zm00001eb412610	DD
Zm00001eb007560	DD
Zm00001eb011520	DD
Zm00001eb021110	DD
Zm00001eb162840	DD
Zm00001eb191880	DD
Zm00001eb272060	DD
Zm00001eb306720	DD
Zm00001eb420790	DD
Zm00001eb427350	DD
Zm00001eb111370	DD
Zm00001eb210080	DD
Zm00001eb191870	DD
Zm00001eb398710	DD
Zm00001eb007550	DD
Zm00001eb016890	DD
Zm00001eb425990	DD
Zm00001eb228060	DD
Zm00001eb240610	DD
Zm00001eb326320	DD
Zm00001eb340150	DD
Zm00001eb427710	DD
Zm00001eb054780	DD
Zm00001eb356800	DD
Zm00001eb356810	DD
Zm00001eb046760	DD
Zm00001eb154880	DD
Zm00001eb386780	DD
Zm00001eb068820	DD
Zm00001eb114800	DD
Zm00001eb211560	DD
Zm00001eb356830	DD
Zm00001eb375900	DD
Zm00001eb395740	DD
Zm00001eb070810	DD
Zm00001eb112470	DD
Zm00001eb032500	DD
Zm00001eb057300	DD
Zm00001eb057310	DD
Zm00001eb057320	DD
Zm00001eb057330	DD
Zm00001eb384180	DD
Zm00001eb178620	DD
Zm00001eb030960	DD
Zm00001eb028700	DD
Zm00001eb136010	DD
Zm00001eb261820	DD
Zm00001eb031620	DD
Zm00001eb398810	DD
Zm00001eb039850	DD
Zm00001eb306730	DD
Zm00001eb114280	DD
Zm00001eb163490	DD
Zm00001eb106170	DD
Zm00001eb198090	DD
Zm00001eb336230	DD
Zm00001eb378290	DD
Zm00001eb316680	DD
Zm00001eb389510	DD
Zm00001eb416350	DD
Zm00001eb357470	DD
Zm00001eb413060	DD
Zm00001eb092600	DD
Zm00001eb021020	DD
Zm00001eb205740	DD
Zm00001eb305060	DD
Zm00001eb433590	DD
Zm00001eb396770	DD
Zm00001eb396790	DD
Zm00001eb433600	DD
Zm00001eb111190	DD
Zm00001eb224850	DD
Zm00001eb256550	DD
Zm00001eb408240	DD
Zm00001eb428750	DD
Zm00001eb182200	DD
Zm00001eb421000	DD
Zm00001eb119070	DD
Zm00001eb225300	DD
Zm00001eb016090	DD
Zm00001eb086010	DD
Zm00001eb161090	DD
Zm00001eb217870	DD
Zm00001eb227580	DD
Zm00001eb241200	DD
Zm00001eb242040	DD
Zm00001eb341420	DD
Zm00001eb365170	DD
Zm00001eb287130	DD
Zm00001eb050900	DD
Zm00001eb433790	DD
Zm00001eb157250	DD
Zm00001eb233260	DD
Zm00001eb123120	DD
Zm00001eb309930	DD
Zm00001eb051460	DD
Zm00001eb141150	DD
Zm00001eb368140	DD
Zm00001eb261390	DD
Zm00001eb410540	DD
Zm00001eb072620	DD
Zm00001eb173340	DD
Zm00001eb182630	DD
Zm00001eb239570	DD
Zm00001eb428180	DD
Zm00001eb433810	DD
Zm00001eb415180	DD
Zm00001eb111050	DD
Zm00001eb164640	DD
Zm00001eb328080	DD
Zm00001eb413580	DD
Zm00001eb417820	DD
Zm00001eb166990	DD
Zm00001eb115120	DD
Zm00001eb411370	DD
Zm00001eb053090	DD
Zm00001eb115910	DD
Zm00001eb192400	DD
Zm00001eb198860	DD
Zm00001eb319950	DD
Zm00001eb292240	DD
Zm00001eb177750	DD
Zm00001eb266810	DD
Zm00001eb202110	DD
Zm00001eb012460	DD
Zm00001eb005080	DD
Zm00001eb039410	DD
Zm00001eb202000	DD
Zm00001eb234900	DD
Zm00001eb403440	DD
Zm00001eb053620	DD
Zm00001eb055000	DD
Zm00001eb136160	DD
Zm00001eb162040	DD
Zm00001eb196700	DD
Zm00001eb236570	DD
Zm00001eb005890	DD
Zm00001eb242750	DD
Zm00001eb157210	DD
Zm00001eb260500	DD
Zm00001eb042300	DD
Zm00001eb137590	DD
Zm00001eb226170	DD
Zm00001eb422920	DD
Zm00001eb038580	DD
Zm00001eb049490	DD
Zm00001eb083550	DD
Zm00001eb140200	DD
Zm00001eb043240	DD
Zm00001eb122830	DD
Zm00001eb231160	DD
Zm00001eb400080	DD
Zm00001eb097410	DD
Zm00001eb276790	DD
Zm00001eb349960	DD
Zm00001eb392080	DD
Zm00001eb407940	DD
Zm00001eb407930	DD
Zm00001eb129390	DD
Zm00001eb394620	DD
Zm00001eb086390	DD
Zm00001eb230180	DD
Zm00001eb340920	DD
Zm00001eb422910	DD
Zm00001eb129290	DD
Zm00001eb029560	DD
Zm00001eb223950	DD
Zm00001eb401240	DD
Zm00001eb354470	DD
Zm00001eb417640	DD
Zm00001eb185620	DD
Zm00001eb433740	DD
Zm00001eb403230	DD
Zm00001eb139980	DD
Zm00001eb271810	DD
Zm00001eb310900	DD
Zm00001eb331570	DD
Zm00001eb399330	DD
Zm00001eb243320	DD
Zm00001eb201290	DD
Zm00001eb399810	DD
Zm00001eb145440	DD
Zm00001eb145420	DD
Zm00001eb259400	DD
Zm00001eb095170	DD
Zm00001eb122450	DD
Zm00001eb352030	DD
Zm00001eb001580	DD
Zm00001eb041010	DD
Zm00001eb206250	DD
Zm00001eb262860	DD
Zm00001eb397000	DD
Zm00001eb052030	DD
Zm00001eb353930	DD
Zm00001eb387280	DD
Zm00001eb154600	DD
Zm00001eb357630	DD
Zm00001eb361600	DD
Zm00001eb411420	DD
Zm00001eb055500	DD
Zm00001eb372300	DD
Zm00001eb375650	DD
Zm00001eb038940	DD
Zm00001eb076970	DD
Zm00001eb113510	DD
Zm00001eb225330	DD
Zm00001eb159950	DD
Zm00001eb219340	DD
Zm00001eb255630	DD
Zm00001eb322480	DD
Zm00001eb029220	DD
Zm00001eb372440	DD
Zm00001eb138690	DD
Zm00001eb169760	DD
Zm00001eb038110	DD
Zm00001eb355850	DD
Zm00001eb258110	DD
Zm00001eb062690	DD
Zm00001eb287710	DD
Zm00001eb116210	DD
Zm00001eb285010	DD
Zm00001eb356130	DD
Zm00001eb347050	DD
Zm00001eb367730	DD
Zm00001eb098070	DD
Zm00001eb170720	DD
Zm00001eb370520	DD
Zm00001eb062720	DD
Zm00001eb110400	DD
Zm00001eb231970	DD
Zm00001eb033030	DD
Zm00001eb134840	DD
Zm00001eb175510	DD
Zm00001eb192830	DD
Zm00001eb243300	DD
Zm00001eb357680	DD
Zm00001eb176230	DD
Zm00001eb010720	DD
Zm00001eb195990	DD
Zm00001eb236790	DD
Zm00001eb273910	DD
Zm00001eb401020	DD
Zm00001eb379810	DD
Zm00001eb086580	DD
Zm00001eb115200	DD
Zm00001eb350010	DD
Zm00001eb411790	DD
Zm00001eb399750	DD
Zm00001eb095970	DD
Zm00001eb171910	DD
Zm00001eb338280	DD
Zm00001eb382160	DD
Zm00001eb383570	DD
Zm00001eb115840	DD
Zm00001eb127520	DD
Zm00001eb136910	DD
Zm00001eb396560	DD
Zm00001eb157290	DD
Zm00001eb104530	DD
Zm00001eb037270	DD
Zm00001eb158600	DD
Zm00001eb053490	DD
Zm00001eb123690	DD
Zm00001eb193700	DD
Zm00001eb333140	DD
Zm00001eb222600	DD
Zm00001eb240100	DD
Zm00001eb362090	DD
Zm00001eb385190	DD
Zm00001eb403990	DD
Zm00001eb124830	DD
Zm00001eb198730	DD
Zm00001eb261400	DD
Zm00001eb271850	DD
Zm00001eb079290	DD
Zm00001eb165710	DD
Zm00001eb303740	DD
Zm00001eb217230	DD
Zm00001eb000800	DD
Zm00001eb006650	DD
Zm00001eb335420	DD
Zm00001eb424300	DD
Zm00001eb356300	DD
Zm00001eb046440	DD
Zm00001eb048010	DD
Zm00001eb108140	DD
Zm00001eb387870	DD
Zm00001eb052970	DD
Zm00001eb064310	DD
Zm00001eb386630	DD
Zm00001eb231540	DD
Zm00001eb377210	DD
Zm00001eb025540	DD
Zm00001eb140230	DD
Zm00001eb362630	DD
Zm00001eb368690	DD
Zm00001eb289990	DD
Zm00001eb366590	DD
Zm00001eb019540	DD
Zm00001eb116860	DD
Zm00001eb252600	DD
Zm00001eb084700	DD
Zm00001eb086460	DD
Zm00001eb095320	DD
Zm00001eb177040	DD
Zm00001eb179240	DD
Zm00001eb233890	DD
Zm00001eb245230	DD
Zm00001eb386380	DD
Zm00001eb398120	DD
Zm00001eb022740	DD
Zm00001eb252510	DD
Zm00001eb218380	DD
Zm00001eb302500	DD
Zm00001eb246650	DD
Zm00001eb346480	DD
Zm00001eb046070	DD
Zm00001eb025090	DD
Zm00001eb030020	DD
Zm00001eb038020	DD
Zm00001eb091820	DD
Zm00001eb111090	DD
Zm00001eb126720	DD
Zm00001eb254730	DD
Zm00001eb236780	DD
Zm00001eb305080	DD
Zm00001eb309890	DD
Zm00001eb139590	DD
Zm00001eb207820	DD
Zm00001eb395590	DD
Zm00001eb190050	DD
Zm00001eb237890	DD
Zm00001eb284960	DD
Zm00001eb002290	DD
Zm00001eb170090	DD
Zm00001eb315820	DD
Zm00001eb079490	DD
Zm00001eb220040	DD
Zm00001eb415810	DD
Zm00001eb420300	DD
Zm00001eb320010	DD
Zm00001eb095190	DD
Zm00001eb162800	DD
Zm00001eb177340	DD
Zm00001eb162450	DD
Zm00001eb177720	DD
Zm00001eb323890	DD
Zm00001eb381800	DD
Zm00001eb201400	DD
Zm00001eb305640	DD
Zm00001eb418480	DD
Zm00001eb325110	DD
Zm00001eb408910	DD
Zm00001eb245580	DD
Zm00001eb047450	DD
Zm00001eb025750	DD
Zm00001eb035510	DD
Zm00001eb087180	DD
Zm00001eb096310	DD
Zm00001eb096320	DD
Zm00001eb178260	DD
Zm00001eb382370	DD
Zm00001eb316180	DD
Zm00001eb258890	DD
Zm00001eb258660	DD
Zm00001eb395270	DD
Zm00001eb028560	DD
Zm00001eb285060	DD
Zm00001eb104840	DD
Zm00001eb210830	DD
Zm00001eb188660	DD
Zm00001eb127200	DD
Zm00001eb052440	DD
Zm00001eb071010	DD
Zm00001eb121040	DD
Zm00001eb370160	DD
Zm00001eb115360	DD
Zm00001eb199010	DD
Zm00001eb217780	DD
Zm00001eb404720	DD
Zm00001eb360170	DD
Zm00001eb079090	DD
Zm00001eb075540	DD
Zm00001eb139560	DD
Zm00001eb259940	DD
Zm00001eb170200	DD
Zm00001eb344280	DD
Zm00001eb136730	DD
Zm00001eb317370	DD
Zm00001eb031580	DD
Zm00001eb024780	DD
Zm00001eb132580	DD
Zm00001eb009040	DD
Zm00001eb433830	DD
Zm00001eb081480	DD
Zm00001eb287650	DD
Zm00001eb024070	DD
Zm00001eb074990	DD
Zm00001eb111970	DD
Zm00001eb314910	DD
Zm00001eb026020	DD
Zm00001eb414640	DD
Zm00001eb006010	DD
Zm00001eb101330	DD
Zm00001eb081370	DD
Zm00001eb074140	DD
Zm00001eb155140	DD
Zm00001eb273170	DD
Zm00001eb413630	DD
Zm00001eb002420	DD
Zm00001eb096840	DD
Zm00001eb128560	DD
Zm00001eb368390	DD
Zm00001eb334980	DD
Zm00001eb348240	DD
Zm00001eb292310	DD
Zm00001eb240700	DD
Zm00001eb267050	DD
Zm00001eb089970	DD
Zm00001eb345070	DD
Zm00001eb208220	DD
Zm00001eb021790	DD
Zm00001eb200780	DD
Zm00001eb433080	DD
Zm00001eb220450	DD
Zm00001eb220440	DD
Zm00001eb348280	DD
Zm00001eb434230	DD
Zm00001eb075340	DD
Zm00001eb254120	DD
Zm00001eb412740	DD
Zm00001eb140050	DD
Zm00001eb312430	DD
Zm00001eb150330	DD
Zm00001eb234770	DD
Zm00001eb198450	DD
Zm00001eb134900	DD
Zm00001eb339770	DD
Zm00001eb117310	DD
Zm00001eb432470	DD
Zm00001eb005570	DD
Zm00001eb414140	DD
Zm00001eb277840	DD
Zm00001eb010260	DD
Zm00001eb040630	DD
Zm00001eb152230	DD
Zm00001eb154050	DD
Zm00001eb320430	DD
Zm00001eb351140	DD
Zm00001eb226210	DD
Zm00001eb165930	DD
Zm00001eb389710	DD
Zm00001eb412910	DD
Zm00001eb190670	DD
Zm00001eb146980	DD
Zm00001eb168530	DD
Zm00001eb042720	DD
Zm00001eb412240	DD
Zm00001eb420960	DD
Zm00001eb116480	DD
Zm00001eb379060	DD
Zm00001eb065190	DD
Zm00001eb247880	DD
Zm00001eb074820	DD
Zm00001eb362310	DD
Zm00001eb433970	DD
Zm00001eb037320	DD
Zm00001eb091030	DD
Zm00001eb098600	DD
Zm00001eb273460	DD
Zm00001eb225770	DD
Zm00001eb179400	DD
Zm00001eb121350	DD
Zm00001eb144160	DD
Zm00001eb149470	DD
Zm00001eb398730	DD
Zm00001eb065560	DD
Zm00001eb138390	DD
Zm00001eb044900	DD
Zm00001eb243980	DD
Zm00001eb291430	DD
Zm00001eb086810	DD
Zm00001eb257660	DD
Zm00001eb306000	DD
Zm00001eb025070	DD
Zm00001eb053800	DD
Zm00001eb124000	DD
Zm00001eb389440	DD
Zm00001eb134710	DD
Zm00001eb369070	DD
Zm00001eb162870	DD
Zm00001eb191840	DD
Zm00001eb235100	DD
Zm00001eb089480	DD
Zm00001eb428250	DD
Zm00001eb044540	DD
Zm00001eb154470	DD
Zm00001eb419260	DD
Zm00001eb145790	DD
Zm00001eb269100	DD
Zm00001eb028930	DD
Zm00001eb258280	DD
Zm00001eb191420	DD
Zm00001eb347190	DD
Zm00001eb285080	DD
Zm00001eb306580	DD
Zm00001eb233060	DD
Zm00001eb414810	DD
Zm00001eb431780	DD
Zm00001eb423950	DD
Zm00001eb211070	DD
Zm00001eb029550	DD
Zm00001eb411260	DD
Zm00001eb373070	DD
Zm00001eb407500	DD
Zm00001eb194430	DD
Zm00001eb279050	DD
Zm00001eb220500	DD
Zm00001eb265020	DD
Zm00001eb388600	DD
Zm00001eb151340	DD
Zm00001eb080600	DD
Zm00001eb132750	DD
Zm00001eb247770	DD
Zm00001eb272730	DD
Zm00001eb324230	DD
Zm00001eb069560	DD
Zm00001eb247790	DD
Zm00001eb069770	DD
Zm00001eb151130	DD
Zm00001eb120550	DD
Zm00001eb000320	DD
Zm00001eb042530	DD
Zm00001eb336720	DD
Zm00001eb301820	DD
Zm00001eb099560	DD
Zm00001eb203850	DD
Zm00001eb298080	DD
Zm00001eb191890	DD
Zm00001eb300130	DD
Zm00001eb038870	DD
Zm00001eb326750	DD
Zm00001eb021760	DD
Zm00001eb097420	DD
Zm00001eb138400	DD
Zm00001eb283140	DD
Zm00001eb255360	DD
Zm00001eb295270	DD
Zm00001eb416560	DD
Zm00001eb320090	DD
Zm00001eb189200	DD
Zm00001eb188170	DD
Zm00001eb114540	DD
Zm00001eb114550	DD
Zm00001eb308270	DD
Zm00001eb360830	DD
Zm00001eb016030	DD
Zm00001eb184820	DD
Zm00001eb141660	DD
Zm00001eb180350	DD
Zm00001eb318380	DD
Zm00001eb255920	DD
Zm00001eb271690	DD
Zm00001eb253250	DD
Zm00001eb160140	DD
Zm00001eb297660	DD
Zm00001eb045000	DD
Zm00001eb168250	DD
Zm00001eb185190	DD
Zm00001eb363630	DD
Zm00001eb152650	DD
Zm00001eb191750	DD
Zm00001eb203100	DD
Zm00001eb303570	DD
Zm00001eb388450	DD
Zm00001eb409210	DD
Zm00001eb239210	DD
Zm00001eb190190	DD
Zm00001eb244100	DD
Zm00001eb134040	DD
Zm00001eb141530	DD
Zm00001eb036340	DD
Zm00001eb054620	DD
Zm00001eb054630	DD
Zm00001eb136820	DD
Zm00001eb299640	DD
Zm00001eb397040	DD
Zm00001eb074650	DD
Zm00001eb078130	DD
Zm00001eb021200	DD
Zm00001eb047160	DD
Zm00001eb415430	DD
Zm00001eb133200	DD
Zm00001eb311560	DD
Zm00001eb105810	DD
Zm00001eb171060	DD
Zm00001eb255710	DD
Zm00001eb108580	DD
Zm00001eb105950	DD
Zm00001eb207020	DD
Zm00001eb206990	DD
Zm00001eb338390	DD
Zm00001eb209410	DD
Zm00001eb321540	DD
Zm00001eb326240	DD
Zm00001eb036010	DD
Zm00001eb391830	DD
Zm00001eb414330	DD
Zm00001eb181810	DD
Zm00001eb281890	DD
Zm00001eb323260	DD
Zm00001eb389350	DD
Zm00001eb206290	DD
Zm00001eb070770	DD
Zm00001eb262380	DD
Zm00001eb391940	DD
Zm00001eb378740	DD
Zm00001eb279520	DD
Zm00001eb348720	DD
Zm00001eb347390	DD
Zm00001eb154170	DD
Zm00001eb203940	DD
Zm00001eb380980	DD
Zm00001eb267250	DD
Zm00001eb266710	DD
Zm00001eb431060	DD
Zm00001eb410240	DD
Zm00001eb081840	DD
Zm00001eb037140	DD
Zm00001eb095930	DD
Zm00001eb059530	DD
Zm00001eb290080	DD
Zm00001eb035430	DD
Zm00001eb429380	DD
Zm00001eb054370	DD
Zm00001eb201380	DD
Zm00001eb231300	DD
Zm00001eb341760	DD
Zm00001eb028470	DD
Zm00001eb113630	DD
Zm00001eb230650	DD
Zm00001eb234360	DD
Zm00001eb236560	DD
Zm00001eb033470	DD
Zm00001eb087240	DD
Zm00001eb164360	DD
Zm00001eb298060	DD
Zm00001eb419830	DD
Zm00001eb384250	DD
Zm00001eb298490	DD
Zm00001eb102860	DD
Zm00001eb384830	DD
Zm00001eb024120	DD
Zm00001eb259300	DD
Zm00001eb210720	DD
Zm00001eb056040	DD
Zm00001eb056230	DD
Zm00001eb142280	DD
Zm00001eb146030	DD
Zm00001eb124460	DD
Zm00001eb159330	DD
Zm00001eb211550	DD
Zm00001eb225040	DD
Zm00001eb305090	DD
Zm00001eb260110	DD
Zm00001eb366550	DD
Zm00001eb314850	DD
Zm00001eb350480	DD
Zm00001eb427120	DD
Zm00001eb417080	DD
Zm00001eb187560	DD
Zm00001eb272350	DD
Zm00001eb174500	DD
Zm00001eb252540	DD
Zm00001eb124850	DD
Zm00001eb135860	DD
Zm00001eb148730	DD
Zm00001eb099930	DD
Zm00001eb313720	DD
Zm00001eb313730	DD
Zm00001eb320810	DD
Zm00001eb321260	DD
Zm00001eb247470	DD
Zm00001eb307040	DD
Zm00001eb068130	DD
Zm00001eb166640	DD
Zm00001eb269240	DD
Zm00001eb347830	DD
Zm00001eb414160	DD
Zm00001eb029320	DD
Zm00001eb038630	DD
Zm00001eb127700	DD
Zm00001eb268670	DD
Zm00001eb219480	DD
Zm00001eb432980	DD
Zm00001eb081080	DD
Zm00001eb408810	DD
Zm00001eb172520	DD
Zm00001eb301900	DD
Zm00001eb381460	DD
Zm00001eb009690	DD
Zm00001eb009700	DD
Zm00001eb009710	DD
Zm00001eb020860	DD
Zm00001eb359770	DD
Zm00001eb300750	DD
Zm00001eb403700	DD
Zm00001eb001970	DD
Zm00001eb260810	DD
Zm00001eb406860	DD
Zm00001eb341970	DD
Zm00001eb200690	DD
Zm00001eb374590	DD
Zm00001eb389290	DD
Zm00001eb103120	DD
Zm00001eb211060	DD
Zm00001eb020470	DD
Zm00001eb050240	DD
Zm00001eb159510	DD
Zm00001eb185990	DD
Zm00001eb228770	DD
Zm00001eb284880	DD
Zm00001eb382280	DD
Zm00001eb421780	DD
Zm00001eb036370	DD
Zm00001eb119310	DD
Zm00001eb305130	DD
Zm00001eb039810	DD
Zm00001eb133740	DD
Zm00001eb019580	DD
Zm00001eb404150	DD
Zm00001eb140420	DD
Zm00001eb002600	DD
Zm00001eb416520	DD
Zm00001eb182210	DD
Zm00001eb201020	DD
Zm00001eb173760	DD
Zm00001eb150430	DD
Zm00001eb310640	DD
Zm00001eb003770	DD
Zm00001eb041260	DD
Zm00001eb306540	DD
Zm00001eb389850	DD
Zm00001eb223900	DD
Zm00001eb279700	DD
Zm00001eb404360	DD
Zm00001eb022950	DD
Zm00001eb321410	DD
Zm00001eb250090	DD
Zm00001eb419570	DD
Zm00001eb085770	DD
Zm00001eb394400	DD
Zm00001eb002770	DD
Zm00001eb266570	DD
Zm00001eb266130	DD
Zm00001eb302030	DD
Zm00001eb371860	DD
Zm00001eb366160	DD
Zm00001eb000450	DD
Zm00001eb068650	DD
Zm00001eb010870	DD
Zm00001eb028580	DD
Zm00001eb307670	DD
Zm00001eb327190	DD
Zm00001eb413800	DD
Zm00001eb107440	DD
Zm00001eb186530	DD
Zm00001eb056770	DD
Zm00001eb115410	DD
Zm00001eb123680	DD
Zm00001eb264320	DD
Zm00001eb264350	DD
Zm00001eb237950	DD
Zm00001eb286770	DD
Zm00001eb127400	DD
Zm00001eb230710	DD
Zm00001eb118400	DD
Zm00001eb129330	DD
Zm00001eb298250	DD
Zm00001eb323430	DD
Zm00001eb129530	DD
Zm00001eb186250	DD
Zm00001eb309810	DD
Zm00001eb281430	DD
Zm00001eb043610	DD
Zm00001eb385310	DD
Zm00001eb253780	DD
Zm00001eb280720	DD
Zm00001eb371540	DD
Zm00001eb065760	DD
Zm00001eb198660	DD
Zm00001eb376690	DD
Zm00001eb055220	DD
Zm00001eb336550	DD
Zm00001eb305350	DD
Zm00001eb111690	DD
Zm00001eb212360	DD
Zm00001eb090260	DD
Zm00001eb165230	DD
Zm00001eb255140	DD
Zm00001eb431850	DD
Zm00001eb085650	DD
Zm00001eb140300	DD
Zm00001eb026820	DD
Zm00001eb274170	DD
Zm00001eb003940	DD
Zm00001eb282270	DD
Zm00001eb065140	DD
Zm00001eb315790	DD
Zm00001eb183880	DD
Zm00001eb163570	DD
Zm00001eb080980	DD
Zm00001eb080990	DD
Zm00001eb243390	DD
Zm00001eb283700	DD
Zm00001eb341660	DD
Zm00001eb349400	DD
Zm00001eb035530	DD
Zm00001eb117110	DD
Zm00001eb183050	DD
Zm00001eb083220	DD
Zm00001eb379220	DD
Zm00001eb112240	DD
Zm00001eb229370	DD
Zm00001eb198820	DD
Zm00001eb310390	DD
Zm00001eb011270	DD
Zm00001eb200860	DD
Zm00001eb076930	DD
Zm00001eb304590	DD
Zm00001eb221940	DD
Zm00001eb287020	DD
Zm00001eb337100	DD
Zm00001eb265330	DD
Zm00001eb287030	DD
Zm00001eb369430	DD
Zm00001eb337090	DD
Zm00001eb396840	DD
Zm00001eb018950	DD
Zm00001eb289760	DD
Zm00001eb044300	DD
Zm00001eb146180	DD
Zm00001eb347370	DD
Zm00001eb107830	DD
Zm00001eb272480	DD
Zm00001eb346160	DD
Zm00001eb297730	DD
Zm00001eb398890	DD
Zm00001eb292710	DD
Zm00001eb130540	DD
Zm00001eb178410	DD
Zm00001eb285120	DD
Zm00001eb393100	DD
Zm00001eb046650	DD
Zm00001eb144950	DD
Zm00001eb190900	DD
Zm00001eb255780	DD
Zm00001eb373610	DD
Zm00001eb064690	DD
Zm00001eb005350	DD
Zm00001eb026270	DD
Zm00001eb051000	DD
Zm00001eb051590	DD
Zm00001eb081420	DD
Zm00001eb270020	DD
Zm00001eb024050	DD
Zm00001eb036800	DD
Zm00001eb077750	DD
Zm00001eb128660	DD
Zm00001eb132890	DD
Zm00001eb303990	DD
Zm00001eb409840	DD
Zm00001eb043290	DD
Zm00001eb046150	DD
Zm00001eb290230	DD
Zm00001eb305400	DD
Zm00001eb346080	DD
Zm00001eb425000	DD
Zm00001eb018650	DD
Zm00001eb106560	DD
Zm00001eb168490	DD
Zm00001eb412870	DD
Zm00001eb186740	DD
Zm00001eb171860	DD
Zm00001eb386760	DD
Zm00001eb058140	DD
Zm00001eb253100	DD
Zm00001eb050980	DD
Zm00001eb068170	DD
Zm00001eb164810	DD
Zm00001eb262550	DD
Zm00001eb305360	DD
Zm00001eb423060	DD
Zm00001eb222230	DD
Zm00001eb116160	DD
Zm00001eb408050	DD
Zm00001eb326230	DD
Zm00001eb116800	DD
Zm00001eb292490	DD
Zm00001eb347700	DD
Zm00001eb306740	DD
Zm00001eb096600	DD
Zm00001eb174840	DD
Zm00001eb287320	DD
Zm00001eb230920	DD
Zm00001eb231080	DD
Zm00001eb434250	DD
Zm00001eb241110	DD
Zm00001eb034510	DD
Zm00001eb017590	DD
Zm00001eb170780	DD
Zm00001eb333620	DD
Zm00001eb084830	DD
Zm00001eb114390	DD
Zm00001eb027500	DD
Zm00001eb426040	DD
Zm00001eb233190	DD
Zm00001eb324140	DD
Zm00001eb131600	DD
Zm00001eb034800	DD
Zm00001eb086960	DD
Zm00001eb294040	DD
Zm00001eb410130	DD
Zm00001eb146530	DD
Zm00001eb203440	DD
Zm00001eb007940	DD
Zm00001eb275040	DD
Zm00001eb053210	DD
Zm00001eb055890	DD
Zm00001eb035810	DD
Zm00001eb165620	DD
Zm00001eb260010	DD
Zm00001eb261620	DD
Zm00001eb110810	DD
Zm00001eb016520	DD
Zm00001eb395010	DD
Zm00001eb400700	DD
Zm00001eb070890	DD
Zm00001eb145480	DD
Zm00001eb142420	DD
Zm00001eb161870	DD
Zm00001eb235330	DD
Zm00001eb061750	DD
Zm00001eb359020	DD
Zm00001eb012680	DD
Zm00001eb006290	DD
Zm00001eb016000	DD
Zm00001eb328010	DD
Zm00001eb011310	DD
Zm00001eb126030	DD
Zm00001eb231320	DD
Zm00001eb250020	DD
Zm00001eb187930	DD
Zm00001eb187940	DD
Zm00001eb312830	DD
Zm00001eb016860	DD
Zm00001eb225830	DD
Zm00001eb232590	DD
Zm00001eb093130	DD
Zm00001eb369320	DD
Zm00001eb112380	DD
Zm00001eb318850	DD
Zm00001eb288130	DD
Zm00001eb094830	DD
Zm00001eb187790	DD
Zm00001eb129400	DD
Zm00001eb197540	DD
Zm00001eb261530	DD
Zm00001eb277880	DD
Zm00001eb019890	DD
Zm00001eb419510	DD
Zm00001eb153050	DD
Zm00001eb076890	DD
Zm00001eb203430	DD
Zm00001eb151550	DD
Zm00001eb157320	DD
Zm00001eb411140	DD
Zm00001eb023810	DD
Zm00001eb377760	DD
Zm00001eb176270	DD
Zm00001eb361350	DD
Zm00001eb212380	DD
Zm00001eb041590	DD
Zm00001eb069240	DD
Zm00001eb264370	DD
Zm00001eb041580	DD
Zm00001eb353770	DD
Zm00001eb134050	DD
Zm00001eb314190	DD
Zm00001eb344050	DD
Zm00001eb125560	DD
Zm00001eb336080	DD
Zm00001eb234430	DD
Zm00001eb115990	DD
Zm00001eb149960	DD
Zm00001eb285520	DD
Zm00001eb389300	DD
Zm00001eb308670	DD
Zm00001eb420840	DD
Zm00001eb303600	DD
Zm00001eb094200	DD
Zm00001eb132680	DD
Zm00001eb066440	DD
Zm00001eb030860	DD
Zm00001eb092060	DD
Zm00001eb092700	DD
Zm00001eb118460	DD
Zm00001eb153640	DD
Zm00001eb197010	DD
Zm00001eb283740	DD
Zm00001eb232370	DD
Zm00001eb241120	DD
Zm00001eb392040	DD
Zm00001eb329420	DD
Zm00001eb354980	DD
Zm00001eb430660	DD
Zm00001eb271500	DD
Zm00001eb387510	DD
Zm00001eb188830	DD
Zm00001eb159580	DD
Zm00001eb202980	DD
Zm00001eb043250	DD
Zm00001eb041650	DD
Zm00001eb253580	DD
Zm00001eb255300	DD
Zm00001eb065710	DD
Zm00001eb198760	DD
Zm00001eb347520	DD
Zm00001eb050050	DD
Zm00001eb287510	DD
Zm00001eb254530	DD
Zm00001eb180270	DD
Zm00001eb018480	DD
Zm00001eb068980	DD
Zm00001eb158140	DD
Zm00001eb413510	DD
Zm00001eb335970	DD
Zm00001eb381100	DD
Zm00001eb182860	DD
Zm00001eb073210	DD
Zm00001eb278910	DD
Zm00001eb128510	DD
Zm00001eb054390	DD
Zm00001eb069260	DD
Zm00001eb010780	DD
Zm00001eb230350	DD
Zm00001eb041700	DD
Zm00001eb042250	DD
Zm00001eb138250	DD
Zm00001eb244700	DD
Zm00001eb199080	DD
Zm00001eb415510	DD
Zm00001eb011150	DD
Zm00001eb327290	DD
Zm00001eb131110	DD
Zm00001eb132080	DD
Zm00001eb260430	DD
Zm00001eb396460	DD
Zm00001eb077070	DD
Zm00001eb013460	DD
Zm00001eb178310	DD
Zm00001eb416670	DD
Zm00001eb025550	DD
Zm00001eb055490	DD
Zm00001eb087890	DD
Zm00001eb155760	DD
Zm00001eb172470	DD
Zm00001eb269000	DD
Zm00001eb307920	DD
Zm00001eb391710	DD
Zm00001eb148370	DD
Zm00001eb092130	DD
Zm00001eb125290	DD
Zm00001eb181590	DD
Zm00001eb372020	DD
Zm00001eb308090	DD
Zm00001eb280210	DD
Zm00001eb371430	DD
Zm00001eb345280	DD
Zm00001eb024650	DD
Zm00001eb178150	DD
Zm00001eb427830	DD
Zm00001eb135810	DD
Zm00001eb201780	DD
Zm00001eb182450	DD
Zm00001eb297860	DD
Zm00001eb345550	DD
Zm00001eb345540	DD
Zm00001eb297870	DD
Zm00001eb111310	DD
Zm00001eb410260	DD
Zm00001eb313120	DD
Zm00001eb396980	DD
Zm00001eb374170	DD
Zm00001eb043190	DD
Zm00001eb240920	DD
Zm00001eb009210	DD
Zm00001eb129260	DD
Zm00001eb254020	DD
Zm00001eb172950	DD
Zm00001eb002370	DD
Zm00001eb295410	DD
Zm00001eb427980	DD
Zm00001eb171210	DD
Zm00001eb152720	DD
Zm00001eb209630	DD
Zm00001eb346170	DD
Zm00001eb425210	DD
Zm00001eb390110	DD
Zm00001eb429490	DD
Zm00001eb091290	DD
Zm00001eb390130	DD
Zm00001eb429500	DD
Zm00001eb029850	DD
Zm00001eb117470	DD
Zm00001eb026970	DD
Zm00001eb187550	DD
Zm00001eb183920	DD
Zm00001eb383150	DD
Zm00001eb385420	DD
Zm00001eb190970	DD
Zm00001eb127270	DD
Zm00001eb275350	DD
Zm00001eb182410	DD
Zm00001eb127250	DD
Zm00001eb226940	DD
Zm00001eb393090	DD
Zm00001eb134410	DD
Zm00001eb155840	DD
Zm00001eb348570	DD
Zm00001eb434530	DD
Zm00001eb088050	DD
Zm00001eb049950	DD
Zm00001eb205920	DD
Zm00001eb109160	DD
Zm00001eb221210	DD
Zm00001eb358820	DD
Zm00001eb411770	DD
Zm00001eb246960	DD
Zm00001eb246980	DD
Zm00001eb404490	DD
Zm00001eb023880	DD
Zm00001eb366630	DD
Zm00001eb325460	DD
Zm00001eb403900	DD
Zm00001eb041060	DD
Zm00001eb243610	DD
Zm00001eb072110	DD
Zm00001eb252130	DD
Zm00001eb297390	DD
Zm00001eb265300	DD
Zm00001eb357770	DD
Zm00001eb179230	DD
Zm00001eb159050	DD
Zm00001eb119370	DD
Zm00001eb130840	DD
Zm00001eb192970	DD
Zm00001eb243430	DD
Zm00001eb156790	DD
Zm00001eb006280	DD
Zm00001eb315770	DD
Zm00001eb342070	DD
Zm00001eb362480	DD
Zm00001eb201500	DD
Zm00001eb003860	DD
Zm00001eb188440	DD
Zm00001eb191570	DD
Zm00001eb272320	DD
Zm00001eb427690	DD
Zm00001eb276950	DD
Zm00001eb146770	DD
Zm00001eb137500	DD
Zm00001eb181740	DD
Zm00001eb422440	DD
Zm00001eb212000	DD
Zm00001eb322770	DD
Zm00001eb428990	DD
Zm00001eb259970	DD
Zm00001eb016980	DD
Zm00001eb200160	DD
Zm00001eb379490	DD
Zm00001eb376020	DD
Zm00001eb077090	DD
Zm00001eb360370	DD
Zm00001eb100730	DD
Zm00001eb202380	DD
Zm00001eb130170	DD
Zm00001eb346130	DD
Zm00001eb411510	DD
Zm00001eb391970	DD
Zm00001eb420320	DD
Zm00001eb422100	DD
Zm00001eb069230	DD
Zm00001eb219980	DD
Zm00001eb143280	DD
Zm00001eb145120	DD
Zm00001eb228300	DD
Zm00001eb397980	DD
Zm00001eb048190	DD
Zm00001eb092610	DD
Zm00001eb370030	DD
Zm00001eb003330	DD
Zm00001eb052880	DD
Zm00001eb102980	DD
Zm00001eb140440	DD
Zm00001eb159630	DD
Zm00001eb169740	DD
Zm00001eb199070	DD
Zm00001eb303920	DD
Zm00001eb315460	DD
Zm00001eb279920	DD
Zm00001eb326090	DD
Zm00001eb377380	DD
Zm00001eb422180	DD
Zm00001eb271200	DD
Zm00001eb376480	DD
Zm00001eb354190	DD
Zm00001eb308510	DD
Zm00001eb418170	DD
Zm00001eb174420	DD
Zm00001eb135600	DD
Zm00001eb320000	DD
Zm00001eb060460	DD
Zm00001eb044490	DD
Zm00001eb064200	DD
Zm00001eb179480	DD
Zm00001eb268820	DD
Zm00001eb326220	DD
Zm00001eb412530	DD
Zm00001eb410740	DD
Zm00001eb161440	DD
Zm00001eb300230	DD
Zm00001eb101610	DD
Zm00001eb223790	DD
Zm00001eb295280	DD
Zm00001eb138740	DD
Zm00001eb390770	DD
Zm00001eb129470	DD
Zm00001eb259390	DD
Zm00001eb363670	DD
Zm00001eb372970	DD
Zm00001eb018340	DD
Zm00001eb424920	DD
Zm00001eb243900	DD
Zm00001eb256140	DD
Zm00001eb154950	DD
Zm00001eb042510	DD
Zm00001eb033850	DD
Zm00001eb053270	DD
Zm00001eb006240	DD
Zm00001eb423000	DD
Zm00001eb130380	DD
Zm00001eb419740	DD
Zm00001eb357500	DD
Zm00001eb366730	DD
Zm00001eb027140	DD
Zm00001eb027760	DD
Zm00001eb339180	DD
Zm00001eb300980	DD
Zm00001eb308230	DD
Zm00001eb077800	DD
Zm00001eb114380	DD
Zm00001eb226970	DD
Zm00001eb161480	DD
Zm00001eb021370	DD
Zm00001eb122590	DD
Zm00001eb157760	DD
Zm00001eb362890	DD
Zm00001eb034250	DD
Zm00001eb012290	DD
Zm00001eb195050	DD
Zm00001eb070540	DD
Zm00001eb380740	DD
Zm00001eb036910	DD
Zm00001eb168600	DD
Zm00001eb072570	DD
Zm00001eb271110	DD
Zm00001eb345490	DD
Zm00001eb332090	DD
Zm00001eb127070	DD
Zm00001eb267550	DD
Zm00001eb305550	DD
Zm00001eb010390	DD
Zm00001eb010380	DD
Zm00001eb426990	DD
Zm00001eb100180	DD
Zm00001eb063190	DD
Zm00001eb031100	DD
Zm00001eb024340	DD
Zm00001eb241640	DD
Zm00001eb160610	DD
Zm00001eb205690	DD
Zm00001eb323540	DD
Zm00001eb164990	DD
Zm00001eb153420	DD
Zm00001eb182080	DD
Zm00001eb361490	DD
Zm00001eb210800	DD
Zm00001eb415690	DD
Zm00001eb104050	DD
Zm00001eb202190	DD
Zm00001eb184280	DD
Zm00001eb118810	DD
Zm00001eb079780	DD
Zm00001eb415310	DD
Zm00001eb199510	DD
Zm00001eb415340	DD
Zm00001eb006140	DD
Zm00001eb048130	DD
Zm00001eb322180	DD
Zm00001eb272720	DD
Zm00001eb111210	DD
Zm00001eb269980	DD
Zm00001eb013770	DD
Zm00001eb092630	DD
Zm00001eb199980	DD
Zm00001eb036930	DD
Zm00001eb414480	DD
Zm00001eb107240	DD
Zm00001eb310280	DD
Zm00001eb269510	DD
Zm00001eb029780	DD
Zm00001eb307160	DD
Zm00001eb027930	DD
Zm00001eb239860	DD
Zm00001eb239900	DD
Zm00001eb388650	DD
Zm00001eb259920	DD
Zm00001eb354780	DD
Zm00001eb137030	DD
Zm00001eb138580	DD
Zm00001eb230190	DD
Zm00001eb327460	DD
Zm00001eb084440	DD
Zm00001eb175530	DD
Zm00001eb124210	DD
Zm00001eb307230	DD
Zm00001eb164020	DD
Zm00001eb203130	DD
Zm00001eb420470	DD
Zm00001eb190780	DD
Zm00001eb028920	DD
Zm00001eb428980	DD
Zm00001eb220890	DD
Zm00001eb309820	DD
Zm00001eb372650	DD
Zm00001eb026340	DD
Zm00001eb163810	DD
Zm00001eb350740	DD
Zm00001eb095890	DD
Zm00001eb048300	DD
Zm00001eb063630	DD
Zm00001eb265130	DD
Zm00001eb265140	DD
Zm00001eb064020	DD
Zm00001eb090720	DD
Zm00001eb209870	DD
Zm00001eb011800	DD
Zm00001eb420110	DD
Zm00001eb388640	DD
Zm00001eb042100	DD
Zm00001eb055960	DD
Zm00001eb235920	DD
Zm00001eb238320	DD
Zm00001eb420150	DD
Zm00001eb378030	DD
Zm00001eb430090	DD
Zm00001eb319150	DD
Zm00001eb306610	DD
Zm00001eb042360	DD
Zm00001eb095720	DD
Zm00001eb181130	DD
Zm00001eb275540	DD
Zm00001eb307440	DD
Zm00001eb138940	DD
Zm00001eb405440	DD
Zm00001eb097520	DD
Zm00001eb003200	DD
Zm00001eb086660	DD
Zm00001eb122010	DD
Zm00001eb233210	DD
Zm00001eb290970	DD
Zm00001eb420480	DD
Zm00001eb139910	DD
Zm00001eb298110	DD
Zm00001eb321360	DD
Zm00001eb301470	DD
Zm00001eb241030	DD
Zm00001eb408570	DD
Zm00001eb009590	DD
Zm00001eb041660	DD
Zm00001eb098750	DD
Zm00001eb289260	DD
Zm00001eb387060	DD
Zm00001eb425940	DD
Zm00001eb363250	DD
Zm00001eb305930	DD
Zm00001eb415260	DD
Zm00001eb154750	DD
Zm00001eb303770	DD
Zm00001eb055610	DD
Zm00001eb259640	DD
Zm00001eb412310	DD
Zm00001eb073960	DD
Zm00001eb086050	DD
Zm00001eb241550	DD
Zm00001eb420570	DD
Zm00001eb162640	DD
Zm00001eb252670	DD
Zm00001eb337310	DD
Zm00001eb285180	DD
Zm00001eb130930	DD
Zm00001eb199440	DD
Zm00001eb293640	DD
Zm00001eb406510	DD
Zm00001eb356230	DD
Zm00001eb061120	DD
Zm00001eb089190	DD
Zm00001eb112980	DD
Zm00001eb249030	DD
Zm00001eb284240	DD
Zm00001eb179100	DD
Zm00001eb419780	DD
Zm00001eb318260	DD
Zm00001eb086380	DD
Zm00001eb270680	DD
Zm00001eb053740	DD
Zm00001eb122270	DD
Zm00001eb305240	DD
Zm00001eb056290	DD
Zm00001eb220620	DD
Zm00001eb371750	DD
Zm00001eb319640	DD
Zm00001eb378490	DD
Zm00001eb005470	DD
Zm00001eb016360	DD
Zm00001eb090270	DD
Zm00001eb115070	DD
Zm00001eb082520	DD
Zm00001eb153690	DD
Zm00001eb175480	DD
Zm00001eb272910	DD
Zm00001eb279080	DD
Zm00001eb118320	DD
Zm00001eb211510	DD
Zm00001eb125770	DD
Zm00001eb143900	DD
Zm00001eb122570	DD
Zm00001eb112830	DD
Zm00001eb143700	DD
Zm00001eb046690	DD
Zm00001eb027920	DD
Zm00001eb146680	DD
Zm00001eb169770	DD
Zm00001eb419480	DD
Zm00001eb098150	DD
Zm00001eb305950	DD
Zm00001eb082450	DD
Zm00001eb336060	DD
Zm00001eb023480	DD
Zm00001eb288470	DD
Zm00001eb082000	DD
Zm00001eb419490	DD
Zm00001eb409040	DD
Zm00001eb394920	DD
Zm00001eb404000	DD
Zm00001eb419960	DD
Zm00001eb016730	DD
Zm00001eb178340	DD
Zm00001eb089770	DD
Zm00001eb342570	DD
Zm00001eb176010	DD
Zm00001eb094910	DD
Zm00001eb172160	DD
Zm00001eb182580	DD
Zm00001eb395780	DD
Zm00001eb078870	DD
Zm00001eb026420	DD
Zm00001eb224110	DD
Zm00001eb150790	DD
Zm00001eb160650	DD
Zm00001eb379430	DD
Zm00001eb093690	DD
Zm00001eb168990	DD
Zm00001eb176610	DD
Zm00001eb302850	DD
Zm00001eb369920	DD
Zm00001eb105870	DD
Zm00001eb131380	DD
Zm00001eb208760	DD
Zm00001eb234010	DD
Zm00001eb234020	DD
Zm00001eb264430	DD
Zm00001eb312320	DD
Zm00001eb060190	DD
Zm00001eb091960	DD
Zm00001eb199670	DD
Zm00001eb004600	DD
Zm00001eb088240	DD
Zm00001eb035520	DD
Zm00001eb386100	DD
Zm00001eb299240	DD
Zm00001eb388370	DD
Zm00001eb339760	DD
Zm00001eb410290	DD
Zm00001eb170040	DD
Zm00001eb046260	DD
Zm00001eb168410	DD
Zm00001eb145010	DD
Zm00001eb224580	DD
Zm00001eb090230	DD
Zm00001eb164750	DD
Zm00001eb082270	DD
Zm00001eb083610	DD
Zm00001eb147950	DD
Zm00001eb178270	DD
Zm00001eb202080	DD
Zm00001eb202040	DD
Zm00001eb387810	DD
Zm00001eb118390	DD
Zm00001eb261750	DD
Zm00001eb416460	DD
Zm00001eb081650	DD
Zm00001eb408400	DD
Zm00001eb160260	DD
Zm00001eb189980	DD
Zm00001eb380190	DD
Zm00001eb279470	DD
Zm00001eb283040	DD
Zm00001eb323050	DD
Zm00001eb346180	DD
Zm00001eb425220	DD
Zm00001eb024410	DD
Zm00001eb026860	DD
Zm00001eb061870	DD
Zm00001eb067090	DD
Zm00001eb045260	DD
Zm00001eb324360	DD
Zm00001eb324920	DD
Zm00001eb004340	DD
Zm00001eb386540	DD
Zm00001eb415250	DD
Zm00001eb042890	DD
Zm00001eb157730	DD
Zm00001eb283200	DD
Zm00001eb271410	DD
Zm00001eb419360	DD
Zm00001eb413380	DD
Zm00001eb312440	DD
Zm00001eb385370	DD
Zm00001eb189220	DD
Zm00001eb230860	DD
Zm00001eb075030	DD
Zm00001eb268110	DD
Zm00001eb313880	DD
Zm00001eb319310	DD
Zm00001eb276710	DD
Zm00001eb129540	DD
Zm00001eb350530	DD
Zm00001eb391950	DD
Zm00001eb212180	DD
Zm00001eb354800	DD
Zm00001eb112350	DD
Zm00001eb016700	DD
Zm00001eb278850	DD
Zm00001eb263060	DD
Zm00001eb229600	DD
Zm00001eb121880	DD
Zm00001eb154910	DD
Zm00001eb304570	DD
Zm00001eb295880	DD
Zm00001eb130740	DD
Zm00001eb340550	DD
Zm00001eb002970	DD
Zm00001eb044120	DD
Zm00001eb063720	DD
Zm00001eb372140	DD
Zm00001eb262670	DD
Zm00001eb009420	DD
Zm00001eb090050	DD
Zm00001eb298040	DD
Zm00001eb094810	DD
Zm00001eb352320	DD
Zm00001eb390670	DD
Zm00001eb416870	DD
Zm00001eb198970	DD
Zm00001eb195340	DD
Zm00001eb066660	DD
Zm00001eb171460	DD
Zm00001eb307450	DD
Zm00001eb193870	DD
Zm00001eb310610	DD
Zm00001eb113330	DD
Zm00001eb363720	DD
Zm00001eb268520	DD
Zm00001eb408790	DD
Zm00001eb129840	DD
Zm00001eb306860	DD
Zm00001eb269750	DD
Zm00001eb045950	DD
Zm00001eb197150	DD
Zm00001eb197070	DD
Zm00001eb262750	DD
Zm00001eb406520	DD
Zm00001eb048970	DD
Zm00001eb270980	DD
Zm00001eb406350	DD
Zm00001eb292050	DD
Zm00001eb145740	DD
Zm00001eb174320	DD
Zm00001eb181280	DD
Zm00001eb248320	DD
Zm00001eb267150	DD
Zm00001eb012940	DD
Zm00001eb278820	DD
Zm00001eb065420	DD
Zm00001eb099610	DD
Zm00001eb125050	DD
Zm00001eb141130	DD
Zm00001eb014840	DD
Zm00001eb020190	DD
Zm00001eb168650	DD
Zm00001eb379860	DD
Zm00001eb004610	DD
Zm00001eb029580	DD
Zm00001eb098200	DD
Zm00001eb212490	DD
Zm00001eb176530	DD
Zm00001eb246030	DD
Zm00001eb185420	DD
Zm00001eb321590	DD
Zm00001eb196190	DD
Zm00001eb352430	DD
Zm00001eb128730	DD
Zm00001eb135650	DD
Zm00001eb224870	DD
Zm00001eb226020	DD
Zm00001eb281700	DD
Zm00001eb327620	DD
Zm00001eb352340	DD
Zm00001eb414250	DD
Zm00001eb005870	DD
Zm00001eb210520	DD
Zm00001eb228680	DD
Zm00001eb364130	DD
Zm00001eb129880	DD
Zm00001eb259780	DD
Zm00001eb348350	DD
Zm00001eb372760	DD
Zm00001eb418710	DD
Zm00001eb246660	DD
Zm00001eb302860	DD
Zm00001eb261850	DD
Zm00001eb022610	DD
Zm00001eb173740	DD
Zm00001eb008790	DD
Zm00001eb100400	DD
Zm00001eb230490	DD
Zm00001eb320990	DD
Zm00001eb261140	DD
Zm00001eb137090	DD
Zm00001eb241050	DD
Zm00001eb276540	DD
Zm00001eb011500	DD
Zm00001eb135030	DD
Zm00001eb211210	DD
Zm00001eb317870	DD
Zm00001eb074490	DD
Zm00001eb122640	DD
Zm00001eb183540	DD
Zm00001eb266950	DD
Zm00001eb294090	DD
Zm00001eb335290	DD
Zm00001eb008590	DD
Zm00001eb020000	DD
Zm00001eb127900	DD
Zm00001eb276770	DD
Zm00001eb344610	DD
Zm00001eb177390	DD
Zm00001eb308560	DD
Zm00001eb013270	DD
Zm00001eb220590	DD
Zm00001eb087530	DD
Zm00001eb133560	DD
Zm00001eb342020	DD
Zm00001eb217270	DD
Zm00001eb122700	DD
Zm00001eb236860	DD
Zm00001eb133860	DD
Zm00001eb308760	DD
Zm00001eb308750	DD
Zm00001eb064260	DD
Zm00001eb270390	DD
Zm00001eb433280	DD
Zm00001eb377350	DD
Zm00001eb010330	DD
Zm00001eb015140	DD
Zm00001eb061240	DD
Zm00001eb145540	DD
Zm00001eb260040	DD
Zm00001eb227360	DD
Zm00001eb298470	DD
Zm00001eb309720	DD
Zm00001eb268800	DD
Zm00001eb177530	DD
Zm00001eb120760	DD
Zm00001eb131630	DD
Zm00001eb230230	DD
Zm00001eb305710	DD
Zm00001eb378270	DD
Zm00001eb088910	DD
Zm00001eb419440	DD
Zm00001eb032660	DD
Zm00001eb265740	DD
Zm00001eb001420	DD
Zm00001eb023320	DD
Zm00001eb226120	DD
Zm00001eb130820	DD
Zm00001eb284840	DD
Zm00001eb297460	DD
Zm00001eb358970	DD
Zm00001eb348960	DD
Zm00001eb296700	DD
Zm00001eb183930	DD
Zm00001eb234800	DD
Zm00001eb071340	DD
Zm00001eb173120	DD
Zm00001eb174800	DD
Zm00001eb353880	DD
Zm00001eb310690	DD
Zm00001eb026000	DD
Zm00001eb410520	DD
Zm00001eb022290	DD
Zm00001eb052220	DD
Zm00001eb200620	DD
Zm00001eb251020	DD
Zm00001eb397410	DD
Zm00001eb312750	DD
Zm00001eb285040	DD
Zm00001eb237960	DD
Zm00001eb380120	DD
Zm00001eb382920	DD
Zm00001eb380110	DD
Zm00001eb037660	DD
Zm00001eb155460	DD
Zm00001eb150520	DD
Zm00001eb348800	DD
Zm00001eb222860	DD
Zm00001eb282340	DD
Zm00001eb247200	DD
Zm00001eb425770	DD
Zm00001eb078750	DD
Zm00001eb133720	DD
Zm00001eb094370	DD
Zm00001eb323130	DD
Zm00001eb357060	DD
Zm00001eb308000	DD
Zm00001eb397530	DD
Zm00001eb025820	DD
Zm00001eb230360	DD
Zm00001eb318510	DD
Zm00001eb209340	DD
Zm00001eb337960	DD
Zm00001eb239990	DD
Zm00001eb095340	DD
Zm00001eb069110	DD
Zm00001eb191180	DD
Zm00001eb192480	DD
Zm00001eb225820	DD
Zm00001eb270530	DD
Zm00001eb280760	DD
Zm00001eb321420	DD
Zm00001eb425400	DD
Zm00001eb080010	DD
Zm00001eb147680	DD
Zm00001eb282030	DD
Zm00001eb277720	DD
Zm00001eb318540	DD
Zm00001eb373440	DD
Zm00001eb150200	DD
Zm00001eb407060	DD
Zm00001eb057270	DD
Zm00001eb416430	DD
Zm00001eb308220	DD
Zm00001eb084250	DD
Zm00001eb000050	DD
Zm00001eb101580	DD
Zm00001eb103280	DD
Zm00001eb203720	DD
Zm00001eb361280	DD
Zm00001eb321490	DD
Zm00001eb366260	DD
Zm00001eb007160	DD
Zm00001eb021580	DD
Zm00001eb024520	DD
Zm00001eb043210	DD
Zm00001eb084210	DD
Zm00001eb203740	DD
Zm00001eb344660	DD
Zm00001eb241480	DD
Zm00001eb282160	DD
Zm00001eb321500	DD
Zm00001eb387990	DD
Zm00001eb084090	DD
Zm00001eb150240	DD
Zm00001eb124520	DD
Zm00001eb399490	DD
Zm00001eb022820	DD
Zm00001eb025570	DD
Zm00001eb336570	DD
Zm00001eb306470	DD
Zm00001eb259980	DD
Zm00001eb065300	DD
Zm00001eb106400	DD
Zm00001eb220710	DD
Zm00001eb264510	DD
Zm00001eb292250	DD
Zm00001eb352910	DD
Zm00001eb304730	DD
Zm00001eb109170	DD
Zm00001eb058080	DD
Zm00001eb264280	DD
Zm00001eb264290	DD
Zm00001eb292290	DD
Zm00001eb288950	DD
Zm00001eb195670	DD
Zm00001eb392870	DD
Zm00001eb034240	DD
Zm00001eb197310	DD
Zm00001eb113380	DD
Zm00001eb224770	DD
Zm00001eb231210	DD
Zm00001eb048880	DD
Zm00001eb293000	DD
Zm00001eb339870	DD
Zm00001eb175570	DD
Zm00001eb358070	DD
Zm00001eb315360	DD
Zm00001eb020700	DD
Zm00001eb239840	DD
Zm00001eb102990	DD
Zm00001eb209730	DD
Zm00001eb193000	DD
Zm00001eb414600	DD
Zm00001eb308540	DD
Zm00001eb036050	DD
Zm00001eb227990	DD
Zm00001eb319220	DD
Zm00001eb177440	DD
Zm00001eb429320	DD
Zm00001eb424950	DD
Zm00001eb093840	DD
Zm00001eb236870	DD
Zm00001eb258420	DD
Zm00001eb276660	DD
Zm00001eb081740	DD
Zm00001eb306760	DD
Zm00001eb034090	DD
Zm00001eb233340	DD
Zm00001eb161530	DD
Zm00001eb229540	DD
Zm00001eb244110	DD
Zm00001eb042970	DD
Zm00001eb028230	DD
Zm00001eb042980	DD
Zm00001eb212340	DD
Zm00001eb030330	DD
Zm00001eb067180	DD
Zm00001eb267060	DD
Zm00001eb315370	DD
Zm00001eb170420	DD
Zm00001eb419610	DD
Zm00001eb042920	DD
Zm00001eb396570	DD
Zm00001eb419920	DD
Zm00001eb030300	DD
Zm00001eb367000	DD
Zm00001eb132570	DD
Zm00001eb206190	DD
Zm00001eb239190	DD
Zm00001eb169650	DD
Zm00001eb171950	DD
Zm00001eb216970	DD
Zm00001eb385180	DD
Zm00001eb424790	DD
Zm00001eb111320	DD
Zm00001eb292960	DD
Zm00001eb359830	DD
Zm00001eb010290	DD
Zm00001eb147190	DD
Zm00001eb138290	DD
Zm00001eb420820	DD
Zm00001eb411170	DD
Zm00001eb055880	DD
Zm00001eb151220	DD
Zm00001eb120300	DD
Zm00001eb358410	DD
Zm00001eb335650	DD
Zm00001eb086190	DD
Zm00001eb172990	DD
Zm00001eb143470	DD
Zm00001eb160670	DD
Zm00001eb269970	DD
Zm00001eb253170	DD
Zm00001eb232640	DD
Zm00001eb409750	DD
Zm00001eb024730	DD
Zm00001eb289540	DD
Zm00001eb124970	DD
Zm00001eb225760	DD
Zm00001eb164580	DD
Zm00001eb310200	DD
Zm00001eb043200	DD
Zm00001eb371890	DD
Zm00001eb326280	DD
Zm00001eb422760	DD
Zm00001eb055480	DD
Zm00001eb302190	DD
Zm00001eb090980	DD
Zm00001eb118310	DD
Zm00001eb424350	DD
Zm00001eb153040	DD
Zm00001eb278720	DD
Zm00001eb050360	DD
Zm00001eb073060	DD
Zm00001eb373360	DD
Zm00001eb047300	DD
Zm00001eb089270	DD
Zm00001eb214270	DD
Zm00001eb244380	DD
Zm00001eb230940	DD
Zm00001eb040600	DD
Zm00001eb132050	DD
Zm00001eb135100	DD
Zm00001eb175750	DD
Zm00001eb373420	DD
Zm00001eb029300	DD
Zm00001eb212130	DD
Zm00001eb195810	DD
Zm00001eb139920	DD
Zm00001eb039750	DD
Zm00001eb231190	DD
Zm00001eb043760	DD
Zm00001eb070580	DD
Zm00001eb109070	DD
Zm00001eb220290	DD
Zm00001eb264500	DD
Zm00001eb381080	DD
Zm00001eb358130	DD
Zm00001eb366920	DD
Zm00001eb180340	DD
Zm00001eb337490	DD
Zm00001eb422540	DD
Zm00001eb094980	DD
Zm00001eb097920	DD
Zm00001eb183680	DD
Zm00001eb195580	DD
Zm00001eb206200	DD
Zm00001eb331670	DD
Zm00001eb008740	DD
Zm00001eb177370	DD
Zm00001eb298640	DD
Zm00001eb239780	DD
Zm00001eb270320	DD
Zm00001eb347810	DD
Zm00001eb244520	DD
Zm00001eb178610	DD
Zm00001eb130250	DD
Zm00001eb177360	DD
Zm00001eb282570	DD
Zm00001eb182660	DD
Zm00001eb013190	DD
Zm00001eb055040	DD
Zm00001eb019110	DD
Zm00001eb156950	DD
Zm00001eb397820	DD
Zm00001eb379120	DD
Zm00001eb084540	DD
Zm00001eb322150	DD
Zm00001eb401620	DD
Zm00001eb350920	DD
Zm00001eb038180	DD
Zm00001eb164050	DD
Zm00001eb228890	DD
Zm00001eb207750	DD
Zm00001eb164060	DD
Zm00001eb188780	DD
Zm00001eb254880	DD
Zm00001eb370740	DD
Zm00001eb140460	DD
Zm00001eb236480	DD
Zm00001eb287400	DD
Zm00001eb189840	DD
Zm00001eb170650	DD
Zm00001eb042710	DD
Zm00001eb205830	DD
Zm00001eb135520	DD
Zm00001eb283400	DD
Zm00001eb336650	DD
Zm00001eb245500	DD
Zm00001eb282170	DD
Zm00001eb407980	DD
Zm00001eb271480	DD
Zm00001eb416160	DD
Zm00001eb096160	DD
Zm00001eb202300	DD
Zm00001eb066710	DD
Zm00001eb418120	DD
Zm00001eb266560	DD
Zm00001eb372730	DD
Zm00001eb094380	DD
Zm00001eb346640	DD
Zm00001eb346650	DD
Zm00001eb419330	DD
Zm00001eb428720	DD
Zm00001eb318840	DD
Zm00001eb028260	DD
Zm00001eb095610	DD
Zm00001eb364600	DD
Zm00001eb046680	DD
Zm00001eb177130	DD
Zm00001eb164410	DD
Zm00001eb413440	DD
Zm00001eb305480	DD
Zm00001eb420610	DD
Zm00001eb143350	DD
Zm00001eb007290	DD
Zm00001eb111950	DD
Zm00001eb139240	DD
Zm00001eb412190	DD
Zm00001eb234190	DD
Zm00001eb008330	DD
Zm00001eb095550	DD
Zm00001eb425840	DD
Zm00001eb179010	DD
Zm00001eb144880	DD
Zm00001eb354350	DD
Zm00001eb053690	DD
Zm00001eb286180	DD
Zm00001eb307560	DD
Zm00001eb340130	DD
Zm00001eb411840	DD
Zm00001eb168660	DD
Zm00001eb179920	DD
Zm00001eb234540	DD
Zm00001eb267850	DD
Zm00001eb391860	DD
Zm00001eb339610	DD
Zm00001eb080780	DD
Zm00001eb348400	DD
Zm00001eb389180	DD
Zm00001eb065290	DD
Zm00001eb096200	DD
Zm00001eb101620	DD
Zm00001eb220260	DD
Zm00001eb225400	DD
Zm00001eb158440	DD
Zm00001eb159240	DD
Zm00001eb178860	DD
Zm00001eb185320	DD
Zm00001eb186030	DD
Zm00001eb207180	DD
Zm00001eb308410	DD
Zm00001eb260680	DD
Zm00001eb271890	DD
Zm00001eb341820	DD
Zm00001eb276550	DD
Zm00001eb286500	DD
Zm00001eb361290	DD
Zm00001eb299810	DD
Zm00001eb396220	DD
Zm00001eb394900	DD
Zm00001eb406980	DD
Zm00001eb361270	DD
Zm00001eb379030	DD
Zm00001eb310500	DD
Zm00001eb004430	DD
Zm00001eb112750	DD
Zm00001eb275670	DD
Zm00001eb305600	DD
Zm00001eb283230	DD
Zm00001eb144140	DD
Zm00001eb179670	DD
Zm00001eb267450	DD
Zm00001eb320720	DD
Zm00001eb287060	DD
Zm00001eb362740	DD
Zm00001eb347090	DD
Zm00001eb096220	DD
Zm00001eb075040	DD
Zm00001eb148430	DD
Zm00001eb208370	DD
Zm00001eb335270	DD
Zm00001eb371470	DD
Zm00001eb224170	DD
Zm00001eb398820	DD
Zm00001eb032190	DD
Zm00001eb221010	DD
Zm00001eb261800	DD
Zm00001eb010800	DD
Zm00001eb101600	DD
Zm00001eb286510	DD
Zm00001eb131670	DD
Zm00001eb254890	DD
Zm00001eb062480	DD
Zm00001eb160290	DD
Zm00001eb246100	DD
Zm00001eb258690	DD
Zm00001eb063600	DD
Zm00001eb160280	DD
Zm00001eb258700	DD
Zm00001eb319860	DD
Zm00001eb100280	DD
Zm00001eb276910	DD
Zm00001eb321100	DD
Zm00001eb180440	DD
Zm00001eb181600	DD
Zm00001eb426610	DD
Zm00001eb206280	DD
Zm00001eb322230	DD
Zm00001eb352490	DD
Zm00001eb362590	DD
Zm00001eb011580	DD
Zm00001eb061840	DD
Zm00001eb271860	DD
Zm00001eb367770	DD
Zm00001eb041210	DD
Zm00001eb190800	DD
Zm00001eb086860	DD
Zm00001eb424050	DD
Zm00001eb317400	DD
Zm00001eb022410	DD
Zm00001eb074740	DD
Zm00001eb251150	DD
Zm00001eb349850	DD
Zm00001eb231430	DD
Zm00001eb341390	DD
Zm00001eb338990	DD
Zm00001eb170640	DD
Zm00001eb068290	DD
Zm00001eb107520	DD
Zm00001eb389370	DD
Zm00001eb386720	DD
Zm00001eb039150	DD
Zm00001eb187470	DD
Zm00001eb282050	DD
Zm00001eb382830	DD
Zm00001eb077150	DD
Zm00001eb111040	DD
Zm00001eb143120	DD
Zm00001eb208720	DD
Zm00001eb232830	DD
Zm00001eb318490	DD
Zm00001eb326980	DD
Zm00001eb418780	DD
Zm00001eb381610	DD
Zm00001eb096450	DD
Zm00001eb109670	DD
Zm00001eb054820	DD
Zm00001eb424600	DD
Zm00001eb049300	DD
Zm00001eb051070	DD
Zm00001eb107760	DD
Zm00001eb298690	DD
Zm00001eb321830	DD
Zm00001eb006780	DD
Zm00001eb006790	DD
Zm00001eb006800	DD
Zm00001eb167540	DD
Zm00001eb283720	DD
Zm00001eb011910	DD
Zm00001eb102960	DD
Zm00001eb007630	DD
Zm00001eb208500	DD
Zm00001eb019650	DD
Zm00001eb429360	DD
Zm00001eb332750	DD
Zm00001eb399640	DD
Zm00001eb027240	DD
Zm00001eb098820	DD
Zm00001eb355320	DD
Zm00001eb313040	DD
Zm00001eb434110	DD
Zm00001eb407070	DD
Zm00001eb227880	DD
Zm00001eb239350	DD
Zm00001eb259500	DD
Zm00001eb318430	DD
Zm00001eb380250	DD
Zm00001eb417130	DD
Zm00001eb023900	DD
Zm00001eb139210	DD
Zm00001eb166680	DD
Zm00001eb383620	DD
Zm00001eb421650	DD
Zm00001eb065400	DD
Zm00001eb190090	DD
Zm00001eb200790	DD
Zm00001eb352930	DD
Zm00001eb336330	DD
Zm00001eb118550	DD
Zm00001eb131810	DD
Zm00001eb283330	DD
Zm00001eb387210	DD
Zm00001eb207610	DD
Zm00001eb430710	DD
Zm00001eb410730	DD
Zm00001eb232700	DD
Zm00001eb288400	DD
Zm00001eb002340	DD
Zm00001eb077050	DD
Zm00001eb293580	DD
Zm00001eb252070	DD
Zm00001eb293590	DD
Zm00001eb345390	DD
Zm00001eb085470	DD
Zm00001eb086550	DD
Zm00001eb201040	DD
Zm00001eb326060	DD
Zm00001eb420000	DD
Zm00001eb079800	DD
Zm00001eb122440	DD
Zm00001eb427750	DD
Zm00001eb067280	DD
Zm00001eb172530	DD
Zm00001eb010810	DD
Zm00001eb098780	DD
Zm00001eb109700	DD
Zm00001eb194720	DD
Zm00001eb324440	DD
Zm00001eb034030	DD
Zm00001eb227290	DD
Zm00001eb247090	DD
Zm00001eb254930	DD
Zm00001eb255000	DD
Zm00001eb313770	DD
Zm00001eb069630	DD
Zm00001eb431560	DD
Zm00001eb130560	DD
Zm00001eb286160	DD
Zm00001eb428860	DD
Zm00001eb079760	DD
Zm00001eb420190	DD
Zm00001eb151540	DD
Zm00001eb174540	DD
Zm00001eb202220	DD
Zm00001eb412140	DD
Zm00001eb172760	DD
Zm00001eb020130	DD
Zm00001eb265470	DD
Zm00001eb377960	DD
Zm00001eb196630	DD
Zm00001eb112190	DD
Zm00001eb235540	DD
Zm00001eb324580	DD
Zm00001eb264480	DD
Zm00001eb285410	DD
Zm00001eb074840	DD
Zm00001eb188720	DD
Zm00001eb241690	DD
Zm00001eb375420	DD
Zm00001eb285170	DD
Zm00001eb202470	DD
Zm00001eb248430	DD
Zm00001eb028450	DD
Zm00001eb186360	DD
Zm00001eb124230	DD
Zm00001eb150080	DD
Zm00001eb363790	DD
Zm00001eb049580	DD
Zm00001eb134890	DD
Zm00001eb177600	DD
Zm00001eb046020	DD
Zm00001eb150770	DD
Zm00001eb228790	DD
Zm00001eb261200	DD
Zm00001eb040770	DD
Zm00001eb218360	DD
Zm00001eb373470	DD
Zm00001eb352370	DD
Zm00001eb104740	DD
Zm00001eb148340	DD
Zm00001eb385130	DD
Zm00001eb417650	DD
Zm00001eb143530	DD
Zm00001eb351450	DD
Zm00001eb351440	DD
Zm00001eb178520	DD
Zm00001eb136600	DD
Zm00001eb209160	DD
Zm00001eb417810	DD
Zm00001eb375260	DD
Zm00001eb043080	DD
Zm00001eb217620	DD
Zm00001eb319300	DD
Zm00001eb116560	DD
Zm00001eb281820	DD
Zm00001eb379330	DD
Zm00001eb417660	DD
Zm00001eb073870	DD
Zm00001eb229760	DD
Zm00001eb280740	DD
Zm00001eb379660	DD
Zm00001eb404510	DD
Zm00001eb122820	DD
Zm00001eb421390	DD
Zm00001eb067550	DD
Zm00001eb130990	DD
Zm00001eb148090	DD
Zm00001eb221510	DD
Zm00001eb258080	DD
Zm00001eb047840	DD
Zm00001eb200020	DD
Zm00001eb218790	DD
Zm00001eb352010	DD
Zm00001eb345360	DD
Zm00001eb407110	DD
Zm00001eb269680	DD
Zm00001eb020230	DD
Zm00001eb036280	DD
Zm00001eb037850	DD
Zm00001eb157930	DD
Zm00001eb097840	DD
Zm00001eb281220	DD
Zm00001eb347890	DD
Zm00001eb254000	DD
Zm00001eb123790	DD
Zm00001eb281610	DD
Zm00001eb282390	DD
Zm00001eb397330	DD
Zm00001eb062000	DD
Zm00001eb207160	DD
Zm00001eb267400	DD
Zm00001eb129940	DD
Zm00001eb208270	DD
Zm00001eb158460	DD
Zm00001eb236130	DD
Zm00001eb374690	DD
Zm00001eb097200	DD
Zm00001eb208450	DD
Zm00001eb188150	DD
Zm00001eb284320	DD
Zm00001eb413220	DD
Zm00001eb240810	DD
Zm00001eb177290	DD
Zm00001eb077850	DD
Zm00001eb123550	DD
Zm00001eb152380	DD
Zm00001eb204510	DD
Zm00001eb026910	DD
Zm00001eb040990	DD
Zm00001eb218070	DD
Zm00001eb284030	DD
Zm00001eb060770	DD
Zm00001eb267760	DD
Zm00001eb288170	DD
Zm00001eb410610	DD
Zm00001eb142770	DD
Zm00001eb133450	DD
Zm00001eb158850	DD
Zm00001eb411760	DD
Zm00001eb383190	DD
Zm00001eb041380	DD
Zm00001eb064660	DD
Zm00001eb154870	DD
Zm00001eb372990	DD
Zm00001eb396480	DD
Zm00001eb146460	DD
Zm00001eb167410	DD
Zm00001eb013030	DD
Zm00001eb154740	DD
Zm00001eb224790	DD
Zm00001eb297700	DD
Zm00001eb048080	DD
Zm00001eb288060	DD
Zm00001eb366150	DD
Zm00001eb334970	DD
Zm00001eb344440	DD
Zm00001eb233440	DD
Zm00001eb015590	DD
Zm00001eb127100	DD
Zm00001eb231180	DD
Zm00001eb011460	DD
Zm00001eb054190	DD
Zm00001eb367250	DD
Zm00001eb047210	DD
Zm00001eb041240	DD
Zm00001eb076480	DD
Zm00001eb226600	DD
Zm00001eb420210	DD
Zm00001eb012970	DD
Zm00001eb022250	DD
Zm00001eb287910	DD
Zm00001eb312400	DD
Zm00001eb401590	DD
Zm00001eb225660	DD
Zm00001eb164760	DD
Zm00001eb059010	DD
Zm00001eb349350	DD
Zm00001eb125110	DD
Zm00001eb249900	DD
Zm00001eb223440	DD
Zm00001eb251240	DD
Zm00001eb092880	DD
Zm00001eb142250	DD
Zm00001eb340300	DD
Zm00001eb340510	DD
Zm00001eb354140	DD
Zm00001eb018880	DD
Zm00001eb113150	DD
Zm00001eb173950	DD
Zm00001eb392640	DD
Zm00001eb109050	DD
Zm00001eb117440	DD
Zm00001eb170680	DD
Zm00001eb271970	DD
Zm00001eb333880	DD
Zm00001eb262690	DD
Zm00001eb276270	DD
Zm00001eb022130	DD
Zm00001eb306110	DD
Zm00001eb307050	DD
Zm00001eb201190	DD
Zm00001eb302100	DD
Zm00001eb088490	DD
Zm00001eb257350	DD
Zm00001eb051030	DD
Zm00001eb370550	DD
Zm00001eb190850	DD
Zm00001eb273740	DD
Zm00001eb028610	DD
Zm00001eb136760	DD
Zm00001eb121100	DD
Zm00001eb015240	DD
Zm00001eb046060	DD
Zm00001eb379370	DD
Zm00001eb054350	DD
Zm00001eb013380	DD
Zm00001eb135420	DD
Zm00001eb068070	DD
Zm00001eb024660	DD
Zm00001eb286740	DD
Zm00001eb029240	DD
Zm00001eb099660	DD
Zm00001eb287800	DD
Zm00001eb327150	DD
Zm00001eb076340	DD
Zm00001eb168100	DD
Zm00001eb343420	DD
Zm00001eb432850	DD
Zm00001eb411100	DD
Zm00001eb118440	DD
Zm00001eb062120	DD
Zm00001eb138360	DD
Zm00001eb401470	DD
Zm00001eb164600	DD
Zm00001eb201370	DD
Zm00001eb310040	DD
Zm00001eb256250	DD
Zm00001eb374140	DD
Zm00001eb290390	DD
Zm00001eb138590	DD
Zm00001eb409480	DD
Zm00001eb286670	DD
Zm00001eb135560	DD
Zm00001eb422800	DD
Zm00001eb228080	DD
Zm00001eb241390	DD
Zm00001eb202050	DD
Zm00001eb408450	DD
Zm00001eb129980	DD
Zm00001eb168170	DD
Zm00001eb169350	DD
Zm00001eb434220	DD
Zm00001eb011180	DD
Zm00001eb110490	DD
Zm00001eb115770	DD
Zm00001eb131200	DD
Zm00001eb196580	DD
Zm00001eb318600	DD
Zm00001eb299830	DD
Zm00001eb299840	DD
Zm00001eb102410	DD
Zm00001eb306390	DD
Zm00001eb093180	DD
Zm00001eb112280	DD
Zm00001eb169460	DD
Zm00001eb169380	DD
Zm00001eb109760	DD
Zm00001eb348130	DD
Zm00001eb131210	DD
Zm00001eb055100	DD
Zm00001eb269260	DD
Zm00001eb216170	DD
Zm00001eb243750	DD
Zm00001eb096550	DD
Zm00001eb049090	DD
Zm00001eb226280	DD
Zm00001eb246540	DD
Zm00001eb023770	DD
Zm00001eb085250	DD
Zm00001eb134550	DD
Zm00001eb363730	DD
Zm00001eb434390	DD
Zm00001eb393370	DD
Zm00001eb045610	DD
Zm00001eb032640	DD
Zm00001eb030080	DD
Zm00001eb424260	DD
Zm00001eb166980	DD
Zm00001eb400980	DD
Zm00001eb384020	DD
Zm00001eb007040	DD
Zm00001eb265700	DD
Zm00001eb389000	DD
Zm00001eb045200	DD
Zm00001eb415470	DD
Zm00001eb249740	DD
Zm00001eb297360	DD
Zm00001eb302980	DD
Zm00001eb333320	DD
Zm00001eb081860	DD
Zm00001eb116550	DD
Zm00001eb185790	DD
Zm00001eb261100	DD
Zm00001eb359520	DD
Zm00001eb365090	DD
Zm00001eb421510	DD
Zm00001eb197610	DD
Zm00001eb291470	DD
Zm00001eb114880	DD
Zm00001eb105760	DD
Zm00001eb112770	DD
Zm00001eb136790	DD
Zm00001eb164940	DD
Zm00001eb174770	DD
Zm00001eb253770	DD
Zm00001eb378400	DD
Zm00001eb165890	DD
Zm00001eb240650	DD
Zm00001eb221410	DD
Zm00001eb385390	DD
Zm00001eb061370	DD
Zm00001eb102660	DD
Zm00001eb102670	DD
Zm00001eb102680	DD
Zm00001eb121910	DD
Zm00001eb261230	DD
Zm00001eb165630	DD
Zm00001eb167530	DD
Zm00001eb181060	DD
Zm00001eb283830	DD
Zm00001eb391250	DD
Zm00001eb391260	DD
Zm00001eb415970	DD
Zm00001eb398150	DD
Zm00001eb408700	DD
Zm00001eb159000	DD
Zm00001eb349320	DD
Zm00001eb218090	DD
Zm00001eb188260	DD
Zm00001eb116810	DD
Zm00001eb065270	DD
Zm00001eb301710	DD
Zm00001eb121760	DD
Zm00001eb307900	DD
Zm00001eb180860	DD
Zm00001eb091340	DD
Zm00001eb260820	DD
Zm00001eb042860	DD
Zm00001eb310960	DD
Zm00001eb167580	DD
Zm00001eb321860	DD
Zm00001eb115480	DD
Zm00001eb146340	DD
Zm00001eb229260	DD
Zm00001eb248120	DD
Zm00001eb000020	DD
Zm00001eb109740	DD
Zm00001eb169970	DD
Zm00001eb161850	DD
Zm00001eb178370	DD
Zm00001eb426440	DD
Zm00001eb419300	DD
Zm00001eb039190	DD
Zm00001eb100970	DD
Zm00001eb228390	DD
Zm00001eb402770	DD
Zm00001eb114250	DD
Zm00001eb129610	DD
Zm00001eb316980	DD
Zm00001eb314430	DD
Zm00001eb114340	DD
Zm00001eb076080	DD
Zm00001eb020920	DD
Zm00001eb284260	DD
Zm00001eb137820	DD
Zm00001eb275300	DD
Zm00001eb092900	DD
Zm00001eb036470	DD
Zm00001eb012060	DD
Zm00001eb164340	DD
Zm00001eb363620	DD
Zm00001eb184260	DD
Zm00001eb307430	DD
Zm00001eb400990	DD
Zm00001eb179180	DD
Zm00001eb204840	DD
Zm00001eb208870	DD
Zm00001eb344850	DD
Zm00001eb412480	DD
Zm00001eb152550	DD
Zm00001eb432830	DD
Zm00001eb097890	DD
Zm00001eb034110	DD
Zm00001eb431670	DD
Zm00001eb198030	DD
Zm00001eb264390	DD
Zm00001eb413470	DD
Zm00001eb073080	DD
Zm00001eb164820	DD
Zm00001eb165990	DD
Zm00001eb317560	DD
Zm00001eb340360	DD
Zm00001eb201350	DD
Zm00001eb023080	DD
Zm00001eb153460	DD
Zm00001eb318240	DD
Zm00001eb385980	DD
Zm00001eb032930	DD
Zm00001eb409710	DD
Zm00001eb409740	DD
Zm00001eb091250	DD
Zm00001eb215410	DD
Zm00001eb044890	DD
Zm00001eb268990	DD
Zm00001eb431660	DD
Zm00001eb235630	DD
Zm00001eb311790	DD
Zm00001eb025360	DD
Zm00001eb038690	DD
Zm00001eb224310	DD
Zm00001eb198740	DD
Zm00001eb281750	DD
Zm00001eb012450	DD
Zm00001eb003270	DD
Zm00001eb224470	DD
Zm00001eb061810	DD
Zm00001eb202350	DD
Zm00001eb366060	DD
Zm00001eb315480	DD
Zm00001eb243910	DD
Zm00001eb116180	DD
Zm00001eb340540	DD
Zm00001eb105900	DD
Zm00001eb074150	DD
Zm00001eb244540	DD
Zm00001eb193770	DD
Zm00001eb252610	DD
Zm00001eb259290	DD
Zm00001eb306410	DD
Zm00001eb129410	DD
Zm00001eb199870	DD
Zm00001eb374070	DD
Zm00001eb306040	DD
Zm00001eb128650	DD
Zm00001eb068790	DD
Zm00001eb092140	DD
Zm00001eb146020	DD
Zm00001eb389340	DD
Zm00001eb323010	DD
Zm00001eb370090	DD
Zm00001eb383140	DD
Zm00001eb145040	DD
Zm00001eb382780	DD
Zm00001eb276870	DD
Zm00001eb385880	DD
Zm00001eb106640	DD
Zm00001eb094550	DD
Zm00001eb308740	DD
Zm00001eb140800	DD
Zm00001eb318140	DD
Zm00001eb375850	DD
Zm00001eb099800	DD
Zm00001eb388820	DD
Zm00001eb010750	DD
Zm00001eb349640	DD
Zm00001eb231940	DD
Zm00001eb003340	DD
Zm00001eb017160	DD
Zm00001eb065650	DD
Zm00001eb068230	DD
Zm00001eb211680	DD
Zm00001eb110010	DD
Zm00001eb143560	DD
Zm00001eb213020	DD
Zm00001eb149920	DD
Zm00001eb226830	DD
Zm00001eb169670	DD
Zm00001eb243540	DD
Zm00001eb300690	DD
Zm00001eb336860	DD
Zm00001eb370280	DD
Zm00001eb372540	DD
Zm00001eb403530	DD
Zm00001eb309090	DD
Zm00001eb378630	DD
Zm00001eb032650	DD
Zm00001eb065510	DD
Zm00001eb163450	DD
Zm00001eb310170	DD
Zm00001eb320450	DD
Zm00001eb372810	DD
Zm00001eb372800	DD
Zm00001eb411800	DD
Zm00001eb220680	DD
Zm00001eb051710	DD
Zm00001eb017710	DD
Zm00001eb229330	DD
Zm00001eb122550	DD
Zm00001eb154680	DD
Zm00001eb304920	DD
Zm00001eb398950	DD
Zm00001eb428090	DD
Zm00001eb189560	DD
Zm00001eb115180	DD
Zm00001eb352900	DD
Zm00001eb214660	DD
Zm00001eb307280	DD
Zm00001eb235670	DD
Zm00001eb334580	DD
Zm00001eb153380	DD
Zm00001eb118660	DD
Zm00001eb198850	DD
Zm00001eb218660	DD
Zm00001eb164240	DD
Zm00001eb094400	DD
Zm00001eb162820	DD
Zm00001eb115920	DD
Zm00001eb118480	DD
Zm00001eb092640	DD
Zm00001eb164210	DD
Zm00001eb223200	DD
Zm00001eb318960	DD
Zm00001eb419230	DD
Zm00001eb148010	DD
Zm00001eb342120	DD
Zm00001eb142560	DD
Zm00001eb256230	DD
Zm00001eb337290	DD
Zm00001eb377160	DD
Zm00001eb028730	DD
Zm00001eb277530	DD
Zm00001eb239530	DD
Zm00001eb256130	DD
Zm00001eb240640	DD
Zm00001eb362030	DD
Zm00001eb371980	DD
Zm00001eb347590	DD
Zm00001eb001010	DD
Zm00001eb163120	DD
Zm00001eb234140	DD
Zm00001eb284350	DD
Zm00001eb307120	DD
Zm00001eb315230	DD
Zm00001eb180400	DD
Zm00001eb392950	DD
Zm00001eb379090	DD
Zm00001eb078830	DD
Zm00001eb408580	DD
Zm00001eb177350	DD
Zm00001eb249630	DD
Zm00001eb237750	DD
Zm00001eb281500	DD
Zm00001eb310950	DD
Zm00001eb395080	DD
Zm00001eb115290	DD
Zm00001eb185730	DD
Zm00001eb030320	DD
Zm00001eb309590	DD
Zm00001eb009000	DD
Zm00001eb027130	DD
Zm00001eb104540	DD
Zm00001eb122030	DD
Zm00001eb174400	DD
Zm00001eb308480	DD
Zm00001eb119580	DD
Zm00001eb037980	DD
Zm00001eb383320	DD
Zm00001eb132910	DD
Zm00001eb410720	DD
Zm00001eb134390	DD
Zm00001eb008990	DD
Zm00001eb320170	DD
Zm00001eb329670	DD
Zm00001eb167490	DD
Zm00001eb080490	DD
Zm00001eb309650	DD
Zm00001eb431630	DD
Zm00001eb293360	DD
Zm00001eb371100	DD
Zm00001eb054910	DD
Zm00001eb216390	DD
Zm00001eb268870	DD
Zm00001eb153070	DD
Zm00001eb138380	DD
Zm00001eb145460	DD
Zm00001eb347950	DD
Zm00001eb003120	DD
Zm00001eb122520	DD
Zm00001eb063110	DD
Zm00001eb160180	DD
Zm00001eb024250	DD
Zm00001eb309500	DD
Zm00001eb409150	DD
Zm00001eb005060	DD
Zm00001eb006460	DD
Zm00001eb020810	DD
Zm00001eb167520	DD
Zm00001eb305590	DD
Zm00001eb177960	DD
Zm00001eb398910	DD
Zm00001eb354320	DD
Zm00001eb022520	DD
Zm00001eb240050	DD
Zm00001eb337840	DD
Zm00001eb237910	DD
Zm00001eb230170	DD
Zm00001eb431440	DD
Zm00001eb413880	DD
Zm00001eb105110	DD
Zm00001eb019200	DD
Zm00001eb124600	DD
Zm00001eb353720	DD
Zm00001eb272080	DD
Zm00001eb324010	DD
Zm00001eb427370	DD
Zm00001eb059330	DD
Zm00001eb162850	DD
Zm00001eb376460	DD
Zm00001eb336430	DD
Zm00001eb420780	DD
Zm00001eb384320	DD
Zm00001eb127830	DD
Zm00001eb241500	DD
Zm00001eb337920	DD
Zm00001eb337910	DD
Zm00001eb088380	DD
Zm00001eb123390	DD
Zm00001eb419590	DD
Zm00001eb045940	DD
Zm00001eb307860	DD
Zm00001eb241340	DD
Zm00001eb357350	DD
Zm00001eb309740	DD
Zm00001eb251930	DD
Zm00001eb031750	DD
Zm00001eb169300	DD
Zm00001eb365620	DD
Zm00001eb388980	DD
Zm00001eb346900	DD
Zm00001eb282900	DD
Zm00001eb316450	DD
Zm00001eb085720	DD
Zm00001eb317150	DD
Zm00001eb235620	DD
Zm00001eb269870	DD
Zm00001eb257130	DD
Zm00001eb311990	DD
Zm00001eb205260	DD
Zm00001eb116010	DD
Zm00001eb410960	DD
Zm00001eb267790	DD
Zm00001eb354240	DD
Zm00001eb304200	DD
Zm00001eb242960	DD
Zm00001eb347210	DD
Zm00001eb242980	DD
Zm00001eb074230	DD
Zm00001eb409030	DD
Zm00001eb004360	DD
Zm00001eb047870	DD
Zm00001eb060360	DD
Zm00001eb102890	DD
Zm00001eb283730	DD
Zm00001eb109580	DD
Zm00001eb201420	DD
Zm00001eb154610	DD
Zm00001eb359750	DD
Zm00001eb278230	DD
Zm00001eb155600	DD
Zm00001eb309900	DD
Zm00001eb327380	DD
Zm00001eb042870	DD
Zm00001eb056990	DD
Zm00001eb068370	DD
Zm00001eb199260	DD
Zm00001eb158880	DD
Zm00001eb279510	DD
Zm00001eb426900	DD
Zm00001eb400370	DD
Zm00001eb077990	DD
Zm00001eb375090	DD
Zm00001eb383850	DD
Zm00001eb026390	DD
Zm00001eb161190	DD
Zm00001eb345700	DD
Zm00001eb235360	DD
Zm00001eb349800	DD
Zm00001eb235490	DD
Zm00001eb170370	DD
Zm00001eb385610	DD
Zm00001eb229840	DD
Zm00001eb345740	DD
Zm00001eb370940	DD
Zm00001eb383240	DD
Zm00001eb032820	DD
Zm00001eb120140	DD
Zm00001eb282560	DD
Zm00001eb408660	DD
Zm00001eb345760	DD
Zm00001eb371950	DD
Zm00001eb184950	DD
Zm00001eb408170	DD
Zm00001eb116020	DD
Zm00001eb404280	DD
Zm00001eb057990	DD
Zm00001eb041050	DD
Zm00001eb238890	DD
Zm00001eb276670	DD
Zm00001eb345790	DD
Zm00001eb005800	DD
Zm00001eb155650	DD
Zm00001eb267640	DD
Zm00001eb270580	DD
Zm00001eb184700	DD
Zm00001eb133980	DD
Zm00001eb136520	DD
Zm00001eb415200	DD
Zm00001eb093920	DD
Zm00001eb065820	DD
Zm00001eb334890	DD
Zm00001eb431490	DD
Zm00001eb281940	DD
Zm00001eb345890	DD
Zm00001eb119200	DD
Zm00001eb281030	DD
Zm00001eb253160	DD
Zm00001eb350240	DD
Zm00001eb345970	DD
Zm00001eb286930	DD
Zm00001eb286920	DD
Zm00001eb213680	DD
Zm00001eb033780	DD
Zm00001eb374470	DD
Zm00001eb059310	DD
Zm00001eb013180	DD
Zm00001eb040810	DD
Zm00001eb160410	DD
Zm00001eb379300	DD
Zm00001eb257220	DD
Zm00001eb095130	DD
Zm00001eb033480	DD
Zm00001eb138430	DD
Zm00001eb264310	DD
Zm00001eb076910	DD
Zm00001eb341690	DD
Zm00001eb088890	DD
Zm00001eb166770	DD
Zm00001eb209330	DD
Zm00001eb219540	DD
Zm00001eb095870	DD
Zm00001eb407170	DD
Zm00001eb133230	DD
Zm00001eb098190	DD
Zm00001eb290740	DD
Zm00001eb228860	DD
Zm00001eb044340	DD
Zm00001eb279590	DD
Zm00001eb001060	DD
Zm00001eb378470	DD
Zm00001eb153900	DD
Zm00001eb029260	DD
Zm00001eb124800	DD
Zm00001eb345780	DD
Zm00001eb128140	DD
Zm00001eb280290	DD
Zm00001eb090090	DD
Zm00001eb143780	DD
Zm00001eb266120	DD
Zm00001eb377360	DD
Zm00001eb001610	DD
Zm00001eb010530	DD
Zm00001eb322740	DD
Zm00001eb170940	DD
Zm00001eb097260	DD
Zm00001eb141120	DD
Zm00001eb347180	DD
Zm00001eb217500	DD
Zm00001eb306530	DD
Zm00001eb116630	DD
Zm00001eb184190	DD
Zm00001eb323110	DD
Zm00001eb042820	DD
Zm00001eb060560	DD
Zm00001eb307020	DD
Zm00001eb109540	DD
Zm00001eb192820	DD
Zm00001eb046330	DD
Zm00001eb407740	DD
Zm00001eb064060	DD
Zm00001eb114210	DD
Zm00001eb038260	DD
Zm00001eb076580	DD
Zm00001eb315720	DD
Zm00001eb221950	DD
Zm00001eb132940	DD
Zm00001eb142020	DD
Zm00001eb099060	DD
Zm00001eb178800	DD
Zm00001eb292950	DD
Zm00001eb210580	DD
Zm00001eb258050	DD
Zm00001eb203240	DD
Zm00001eb241520	DD
Zm00001eb382290	DD
Zm00001eb119510	DD
Zm00001eb085480	DD
Zm00001eb188850	DD
Zm00001eb181620	DD
Zm00001eb187500	DD
Zm00001eb246610	DD
Zm00001eb242370	DD
Zm00001eb084770	DD
Zm00001eb146820	DD
Zm00001eb228210	DD
Zm00001eb281410	DD
Zm00001eb334820	DD
Zm00001eb334410	DD
Zm00001eb099220	DD
Zm00001eb151490	DD
Zm00001eb362430	DD
Zm00001eb086480	DD
Zm00001eb135840	DD
Zm00001eb334390	DD
Zm00001eb179610	DD
Zm00001eb139000	DD
Zm00001eb400870	DD
Zm00001eb334120	DD
Zm00001eb155780	DD
Zm00001eb202810	DD
Zm00001eb169620	DD
Zm00001eb048250	DD
Zm00001eb174780	DD
Zm00001eb140430	DD
Zm00001eb317190	DD
Zm00001eb021150	DD
Zm00001eb096030	DD
Zm00001eb136320	DD
Zm00001eb065330	DD
Zm00001eb045220	DD
Zm00001eb207780	DD
Zm00001eb210250	DD
Zm00001eb111250	DD
Zm00001eb374860	DD
Zm00001eb062410	DD
Zm00001eb202640	DD
Zm00001eb210980	DD
Zm00001eb417200	DD
Zm00001eb285820	DD
Zm00001eb257050	DD
Zm00001eb064800	DD
Zm00001eb323900	DD
Zm00001eb284860	DD
Zm00001eb346120	DD
Zm00001eb282820	DD
Zm00001eb336070	DD
Zm00001eb331130	DD
Zm00001eb121860	DD
Zm00001eb186400	DD
Zm00001eb328640	DD
Zm00001eb152580	DD
Zm00001eb342880	DD
Zm00001eb048460	DD
Zm00001eb333340	DD
Zm00001eb328670	DD
Zm00001eb405710	DD
Zm00001eb286990	DD
Zm00001eb347060	DD
Zm00001eb233650	DD
Zm00001eb068020	DD
Zm00001eb219280	DD
Zm00001eb144300	DD
Zm00001eb311070	DD
Zm00001eb344270	DD
Zm00001eb350950	DD
Zm00001eb389090	DD
Zm00001eb058990	DD
Zm00001eb284920	DD
Zm00001eb210750	DD
Zm00001eb280790	DD
Zm00001eb350350	DD
Zm00001eb290440	DD
Zm00001eb085860	DD
Zm00001eb117790	DD
Zm00001eb040980	DD
Zm00001eb184140	DD
Zm00001eb308060	DD
Zm00001eb414430	DD
Zm00001eb129310	DD
Zm00001eb184900	DD
Zm00001eb280890	DD
Zm00001eb073070	DD
Zm00001eb111240	DD
Zm00001eb170030	DD
Zm00001eb347880	DD
Zm00001eb335830	DD
Zm00001eb071950	DD
Zm00001eb174510	DD
Zm00001eb150410	DD
Zm00001eb431410	DD
Zm00001eb212220	DD
Zm00001eb172060	DD
Zm00001eb369300	DD
Zm00001eb038000	DD
Zm00001eb129340	DD
Zm00001eb286240	DD
Zm00001eb297760	DD
Zm00001eb084460	DD
Zm00001eb268700	DD
Zm00001eb306150	DD
Zm00001eb411440	DD
Zm00001eb137620	DD
Zm00001eb013280	DD
Zm00001eb013290	DD
Zm00001eb110240	DD
Zm00001eb212150	DD
Zm00001eb420520	DD
Zm00001eb232770	DD
Zm00001eb129500	DD
Zm00001eb132340	DD
Zm00001eb264440	DD
Zm00001eb150400	DD
Zm00001eb198080	DD
Zm00001eb237560	DD
Zm00001eb198020	DD
Zm00001eb317230	DD
Zm00001eb341540	DD
Zm00001eb109090	DD
Zm00001eb332270	DD
Zm00001eb413650	DD
Zm00001eb433510	DD
Zm00001eb200430	DD
Zm00001eb000490	DD
Zm00001eb014540	DD
Zm00001eb087170	DD
Zm00001eb108710	DD
Zm00001eb132870	DD
Zm00001eb175390	DD
Zm00001eb206060	DD
Zm00001eb258310	DD
Zm00001eb329150	DD
Zm00001eb091650	DD
Zm00001eb391960	DD
Zm00001eb160420	DD
Zm00001eb048040	DD
Zm00001eb087360	DD
Zm00001eb341950	DD
Zm00001eb118290	DD
Zm00001eb351510	DD
Zm00001eb243220	DD
Zm00001eb068830	DD
Zm00001eb425690	DD
Zm00001eb148840	DD
Zm00001eb215770	DD
Zm00001eb243240	DD
Zm00001eb342210	DD
Zm00001eb404430	DD
Zm00001eb333130	DD
Zm00001eb402900	DD
Zm00001eb288650	DD
Zm00001eb347450	DD
Zm00001eb396350	DD
Zm00001eb099750	DD
Zm00001eb272870	DD
Zm00001eb281350	DD
Zm00001eb045310	DD
Zm00001eb271300	DD
Zm00001eb299000	DD
Zm00001eb207000	DD
Zm00001eb341320	DD
Zm00001eb051840	DD
Zm00001eb093380	DD
Zm00001eb105700	DD
Zm00001eb082310	DD
Zm00001eb177120	DD
Zm00001eb346520	DD
Zm00001eb330500	DD
Zm00001eb236930	DD
Zm00001eb333580	DD
Zm00001eb110290	DD
Zm00001eb330490	DD
Zm00001eb340140	DD
Zm00001eb155660	DD
Zm00001eb288410	DD
Zm00001eb094160	DD
Zm00001eb262790	DD
Zm00001eb025780	DD
Zm00001eb089370	DD
Zm00001eb360560	DD
Zm00001eb301390	DD
Zm00001eb304960	DD
Zm00001eb090990	DD
Zm00001eb080360	DD
Zm00001eb202020	DD
Zm00001eb178920	DD
Zm00001eb182160	DD
Zm00001eb306620	DD
Zm00001eb343330	DD
Zm00001eb306430	DD
Zm00001eb013680	DD
Zm00001eb223770	DD
Zm00001eb274610	DD
Zm00001eb013690	DD
Zm00001eb024500	DD
Zm00001eb345610	DD
Zm00001eb003100	DD
Zm00001eb189310	DD
Zm00001eb127670	DD
Zm00001eb341740	DD
Zm00001eb418520	DD
Zm00001eb409450	DD
Zm00001eb063610	DD
Zm00001eb157620	DD
Zm00001eb058900	DD
Zm00001eb031350	DD
Zm00001eb059450	DD
Zm00001eb081810	DD
Zm00001eb276810	DD
Zm00001eb084710	DD
Zm00001eb139040	DD
Zm00001eb344510	DD
Zm00001eb225310	DD
Zm00001eb269380	DD
Zm00001eb273340	DD
Zm00001eb038330	DD
Zm00001eb142570	DD
Zm00001eb200390	DD
Zm00001eb305680	DD
Zm00001eb043540	DD
Zm00001eb358590	DD
Zm00001eb385760	DD
Zm00001eb306950	DD
Zm00001eb085890	DD
Zm00001eb048240	DD
Zm00001eb191540	DD
Zm00001eb287830	DD
Zm00001eb270730	DD
Zm00001eb284930	DD
Zm00001eb305700	DD
Zm00001eb086520	DD
Zm00001eb084520	DD
Zm00001eb193410	DD
Zm00001eb411590	DD
Zm00001eb319120	DD
Zm00001eb115790	DD
Zm00001eb309140	DD
Zm00001eb023090	DD
Zm00001eb148780	DD
Zm00001eb341910	DD
Zm00001eb231630	DD
Zm00001eb389620	DD
Zm00001eb176240	DD
Zm00001eb417210	DD
Zm00001eb267120	DD
Zm00001eb303540	DD
Zm00001eb114790	DD
Zm00001eb261940	DD
Zm00001eb349680	DD
Zm00001eb365210	DD
Zm00001eb061650	DD
Zm00001eb342610	DD
Zm00001eb278320	DD
Zm00001eb319450	DD
Zm00001eb334930	DD
Zm00001eb175120	DD
Zm00001eb408820	DD
Zm00001eb108260	DD
Zm00001eb115000	DD
Zm00001eb408960	DD
Zm00001eb166380	DD
Zm00001eb242080	DD
Zm00001eb261900	DD
Zm00001eb362520	DD
Zm00001eb282490	DD
Zm00001eb294140	DD
Zm00001eb408590	DD
Zm00001eb011290	DD
Zm00001eb036690	DD
Zm00001eb241250	DD
Zm00001eb399740	DD
Zm00001eb202170	DD
Zm00001eb237010	DD
Zm00001eb083730	DD
Zm00001eb094520	DD
Zm00001eb409870	DD
Zm00001eb177670	DD
Zm00001eb260410	DD
Zm00001eb370400	DD
Zm00001eb093340	DD
Zm00001eb170160	DD
Zm00001eb409890	DD
Zm00001eb182040	DD
Zm00001eb132390	DD
Zm00001eb183570	DD
Zm00001eb269070	DD
Zm00001eb281910	DD
Zm00001eb065340	DD
Zm00001eb411630	DD
Zm00001eb252420	DD
Zm00001eb195040	DD
Zm00001eb263050	DD
Zm00001eb379720	DD
Zm00001eb411680	DD
Zm00001eb418490	DD
Zm00001eb079850	DD
Zm00001eb117400	DD
Zm00001eb199620	DD
Zm00001eb266770	DD
Zm00001eb267950	DD
Zm00001eb381820	DD
Zm00001eb354630	DD
Zm00001eb384100	DD
Zm00001eb053570	DD
Zm00001eb091810	DD
Zm00001eb093190	DD
Zm00001eb361930	DD
Zm00001eb357990	DD
Zm00001eb373240	DD
Zm00001eb114470	DD
Zm00001eb381420	DD
Zm00001eb302520	DD
Zm00001eb272370	DD
Zm00001eb232510	DD
Zm00001eb308110	DD
Zm00001eb387220	DD
Zm00001eb218130	DD
Zm00001eb206110	DD
Zm00001eb367760	DD
Zm00001eb165960	DD
Zm00001eb184970	DD
Zm00001eb277240	DD
Zm00001eb402690	DD
Zm00001eb030670	DD
Zm00001eb349890	DD
Zm00001eb341750	DD
Zm00001eb391220	DD
Zm00001eb276960	DD
Zm00001eb031820	DD
Zm00001eb353420	DD
Zm00001eb419460	DD
Zm00001eb000310	DD
Zm00001eb393750	DD
Zm00001eb415170	DD
Zm00001eb421570	DD
Zm00001eb240070	DD
Zm00001eb241860	DD
Zm00001eb046710	DD
Zm00001eb294350	DD
Zm00001eb052110	DD
Zm00001eb114710	DD
Zm00001eb193500	DD
Zm00001eb134810	DD
Zm00001eb165250	DD
Zm00001eb432010	DD
Zm00001eb430730	DD
Zm00001eb308570	DD
Zm00001eb191370	DD
Zm00001eb028060	DD
Zm00001eb176850	DD
Zm00001eb331030	DD
Zm00001eb411990	DD
Zm00001eb000140	DD
Zm00001eb116070	DD
Zm00001eb336630	DD
Zm00001eb126360	DD
Zm00001eb267730	DD
Zm00001eb022670	DD
Zm00001eb040130	DD
Zm00001eb226250	DD
Zm00001eb317570	DD
Zm00001eb322170	DD
Zm00001eb077110	DD
Zm00001eb246510	DD
Zm00001eb420620	DD
Zm00001eb382710	DD
Zm00001eb136480	DD
Zm00001eb141200	DD
Zm00001eb203290	DD
Zm00001eb345200	DD
Zm00001eb164350	DD
Zm00001eb242530	DD
Zm00001eb112860	DD
Zm00001eb260660	DD
Zm00001eb148460	DD
Zm00001eb260670	DD
Zm00001eb043450	DD
Zm00001eb095570	DD
Zm00001eb115030	DD
Zm00001eb115050	DD
Zm00001eb025510	DD
Zm00001eb028710	DD
Zm00001eb289450	DD
Zm00001eb412440	DD
Zm00001eb325140	DD
Zm00001eb412040	DD
Zm00001eb095800	DD
Zm00001eb257000	DD
Zm00001eb339890	DD
Zm00001eb375330	DD
Zm00001eb068870	DD
Zm00001eb116590	DD
Zm00001eb316870	DD
Zm00001eb092920	DD
Zm00001eb049390	DD
Zm00001eb115800	DD
Zm00001eb328050	DD
Zm00001eb228200	DD
Zm00001eb229280	DD
Zm00001eb345720	DD
Zm00001eb350410	DD
Zm00001eb410990	DD
Zm00001eb030120	DD
Zm00001eb350380	DD
Zm00001eb370750	DD
Zm00001eb058770	DD
Zm00001eb422850	DD
Zm00001eb165690	DD
Zm00001eb170000	DD
Zm00001eb410430	DD
Zm00001eb399410	DD
Zm00001eb162510	DD
Zm00001eb302790	DD
Zm00001eb399400	DD
Zm00001eb210480	DD
Zm00001eb071410	DD
Zm00001eb298900	DD
Zm00001eb086060	DD
Zm00001eb140060	DD
Zm00001eb305690	DD
Zm00001eb377330	DD
Zm00001eb410700	DD
Zm00001eb213350	DD
Zm00001eb028690	DD
Zm00001eb224320	DD
Zm00001eb282330	DD
Zm00001eb195970	DD
Zm00001eb361970	DD
Zm00001eb339190	DD
Zm00001eb015320	DD
Zm00001eb167560	DD
Zm00001eb249370	DD
Zm00001eb056300	DD
Zm00001eb166790	DD
Zm00001eb175090	DD
Zm00001eb238990	DD
Zm00001eb245660	DD
Zm00001eb373410	DD
Zm00001eb332280	DD
Zm00001eb340930	DD
Zm00001eb381320	DD
Zm00001eb209580	DD
Zm00001eb289620	DD
Zm00001eb160270	DD
Zm00001eb163340	DD
Zm00001eb243950	DD
Zm00001eb234890	DD
Zm00001eb237850	DD
Zm00001eb355220	DD
Zm00001eb325310	DD
Zm00001eb257070	DD
Zm00001eb240780	DD
Zm00001eb112820	DD
Zm00001eb070630	DD
Zm00001eb127000	DD
Zm00001eb370760	DD
Zm00001eb347150	DD
Zm00001eb088460	DD
Zm00001eb270690	DD
Zm00001eb424270	DD
Zm00001eb169130	DD
Zm00001eb018490	DD
Zm00001eb299500	DD
Zm00001eb398930	DD
Zm00001eb139330	DD
Zm00001eb201150	DD
Zm00001eb006300	DD
Zm00001eb179620	DD
Zm00001eb009560	DD
Zm00001eb036870	DD
Zm00001eb143330	DD
Zm00001eb129800	DD
Zm00001eb197720	DD
Zm00001eb204330	DD
Zm00001eb279530	DD
Zm00001eb406260	DD
Zm00001eb181710	DD
Zm00001eb243140	DD
Zm00001eb230270	DD
Zm00001eb434290	DD
Zm00001eb164040	DD
Zm00001eb194840	DD
Zm00001eb049500	DD
Zm00001eb355190	DD
Zm00001eb402610	DD
Zm00001eb100820	DD
Zm00001eb310590	DD
Zm00001eb112090	DD
Zm00001eb289940	DD
Zm00001eb265800	DD
Zm00001eb362180	DD
Zm00001eb212720	DD
Zm00001eb125900	DD
Zm00001eb362140	DD
Zm00001eb355840	DD
Zm00001eb019840	DD
Zm00001eb063890	DD
Zm00001eb303710	DD
Zm00001eb345470	DD
Zm00001eb072320	DD
Zm00001eb026950	DD
Zm00001eb137670	DD
Zm00001eb217250	DD
Zm00001eb308200	DD
Zm00001eb319320	DD
Zm00001eb058380	DD
Zm00001eb266670	DD
Zm00001eb192110	DD
Zm00001eb356090	DD
Zm00001eb051890	DD
Zm00001eb341520	DD
Zm00001eb084300	DD
Zm00001eb186850	DD
Zm00001eb028010	DD
Zm00001eb268980	DD
Zm00001eb042600	DD
Zm00001eb400730	DD
Zm00001eb089520	DD
Zm00001eb391920	DD
Zm00001eb413560	DD
Zm00001eb202650	DD
Zm00001eb250660	DD
Zm00001eb344620	DD
Zm00001eb418010	DD
Zm00001eb257110	DD
Zm00001eb096960	DD
Zm00001eb312090	DD
Zm00001eb002140	DD
Zm00001eb097140	DD
Zm00001eb316570	DD
Zm00001eb107570	DD
Zm00001eb271420	DD
Zm00001eb316420	DD
Zm00001eb083930	DD
Zm00001eb199250	DD
Zm00001eb353180	DD
Zm00001eb213390	DD
Zm00001eb286890	DD
Zm00001eb256380	DD
Zm00001eb315490	DD
Zm00001eb011090	DD
Zm00001eb010220	DD
Zm00001eb093210	DD
Zm00001eb286870	DD
Zm00001eb399620	DD
Zm00001eb281950	DD
Zm00001eb122840	DD
Zm00001eb327110	DD
Zm00001eb050740	DD
Zm00001eb206580	DD
Zm00001eb363180	DD
Zm00001eb397970	DD
Zm00001eb217640	DD
Zm00001eb249080	DD
Zm00001eb273010	DD
Zm00001eb319660	DD
Zm00001eb346270	DD
Zm00001eb285110	DD
Zm00001eb382820	DD
Zm00001eb293100	DD
Zm00001eb344840	DD
Zm00001eb379880	DD
Zm00001eb010250	DD
Zm00001eb064540	DD
Zm00001eb187530	DD
Zm00001eb211470	DD
Zm00001eb301980	DD
Zm00001eb354740	DD
Zm00001eb036210	DD
Zm00001eb281330	DD
Zm00001eb382210	DD
Zm00001eb142050	DD
Zm00001eb339060	DD
Zm00001eb169570	DD
Zm00001eb268830	DD
Zm00001eb238720	DD
Zm00001eb051390	DD
Zm00001eb370840	DD
Zm00001eb047720	DD
Zm00001eb037910	DD
Zm00001eb146590	DD
Zm00001eb211810	DD
Zm00001eb221450	DD
Zm00001eb233460	DD
Zm00001eb238700	DD
Zm00001eb233470	DD
Zm00001eb372470	DD
Zm00001eb429020	DD
Zm00001eb015650	DD
Zm00001eb211830	DD
Zm00001eb233480	DD
Zm00001eb238690	DD
Zm00001eb372480	DD
Zm00001eb429010	DD
Zm00001eb342270	DD
Zm00001eb229080	DD
Zm00001eb349700	DD
Zm00001eb012770	DD
Zm00001eb016550	DD
Zm00001eb131550	DD
Zm00001eb285500	DD
Zm00001eb285380	DD
Zm00001eb363420	DD
Zm00001eb387000	DD
Zm00001eb106620	DD
Zm00001eb065500	DD
Zm00001eb063760	DD
Zm00001eb015780	DD
Zm00001eb191760	DD
Zm00001eb214150	DD
Zm00001eb404300	DD
Zm00001eb294820	DD
Zm00001eb341930	DD
Zm00001eb049930	DD
Zm00001eb088550	DD
Zm00001eb140710	DD
Zm00001eb282370	DD
Zm00001eb264560	DD
Zm00001eb124790	DD
Zm00001eb171980	DD
Zm00001eb178540	DD
Zm00001eb424040	DD
Zm00001eb265180	DD
Zm00001eb364720	DD
Zm00001eb339400	DD
Zm00001eb170900	DD
Zm00001eb255120	DD
Zm00001eb389700	DD
Zm00001eb423420	DD
Zm00001eb112680	DD
Zm00001eb275310	DD
Zm00001eb305620	DD
Zm00001eb174960	DD
Zm00001eb187580	DD
Zm00001eb083810	DD
Zm00001eb172730	DD
Zm00001eb276920	DD
Zm00001eb116840	DD
Zm00001eb246450	DD
Zm00001eb424510	DD
Zm00001eb388540	DD
Zm00001eb139870	DD
Zm00001eb181230	DD
Zm00001eb267100	DD
Zm00001eb388830	DD
Zm00001eb096270	DD
Zm00001eb133150	DD
Zm00001eb285200	DD
Zm00001eb297990	DD
Zm00001eb000110	DD
Zm00001eb145030	DD
Zm00001eb207800	DD
Zm00001eb039650	DD
Zm00001eb293950	DD
Zm00001eb246280	DD
Zm00001eb180100	DD
Zm00001eb227390	DD
Zm00001eb339570	DD
Zm00001eb038490	DD
Zm00001eb297550	DD
Zm00001eb381860	DD
Zm00001eb335710	DD
Zm00001eb259450	DD
Zm00001eb264880	DD
Zm00001eb068280	DD
Zm00001eb233010	DD
Zm00001eb278900	DD
Zm00001eb109410	DD
Zm00001eb270290	DD
Zm00001eb355700	DD
Zm00001eb106590	DD
Zm00001eb271670	DD
Zm00001eb312130	DD
Zm00001eb324350	DD
Zm00001eb377230	DD
Zm00001eb023670	DD
Zm00001eb099600	DD
Zm00001eb167370	DD
Zm00001eb004990	DD
Zm00001eb135760	DD
Zm00001eb091760	DD
Zm00001eb236430	DD
Zm00001eb008670	DD
Zm00001eb273290	DD
Zm00001eb155050	DD
Zm00001eb085100	DD
Zm00001eb288210	DD
Zm00001eb399880	DD
Zm00001eb388440	DD
Zm00001eb114720	DD
Zm00001eb278730	DD
Zm00001eb359040	DD
Zm00001eb434570	DD
Zm00001eb096740	DD
Zm00001eb207620	DD
Zm00001eb179030	DD
Zm00001eb055780	DD
Zm00001eb070930	DD
Zm00001eb206240	DD
Zm00001eb174450	DD
Zm00001eb260200	DD
Zm00001eb356650	DD
Zm00001eb165510	DD
Zm00001eb272490	DD
Zm00001eb076650	DD
Zm00001eb084390	DD
Zm00001eb018330	DD
Zm00001eb297420	DD
Zm00001eb286580	DD
Zm00001eb006350	DD
Zm00001eb243640	DD
Zm00001eb138770	DD
Zm00001eb138780	DD
Zm00001eb264210	DD
Zm00001eb271100	DD
Zm00001eb068640	DD
Zm00001eb000480	DD
Zm00001eb049920	DD
Zm00001eb260180	DD
Zm00001eb399280	DD
Zm00001eb137770	DD
Zm00001eb197980	DD
Zm00001eb347610	DD
Zm00001eb390180	DD
Zm00001eb013670	DD
Zm00001eb247870	DD
Zm00001eb148480	DD
Zm00001eb086610	DD
Zm00001eb269250	DD
Zm00001eb329120	DD
Zm00001eb079620	DD
Zm00001eb118060	DD
Zm00001eb216530	DD
Zm00001eb434430	DD
Zm00001eb314710	DD
Zm00001eb348100	DD
Zm00001eb331240	DD
Zm00001eb142120	DD
Zm00001eb077950	DD
Zm00001eb147270	DD
Zm00001eb116690	DD
Zm00001eb127160	DD
Zm00001eb167030	DD
Zm00001eb267420	DD
Zm00001eb318120	DD
Zm00001eb065620	DD
Zm00001eb260730	DD
Zm00001eb105580	DD
Zm00001eb259910	DD
Zm00001eb083770	DD
Zm00001eb145490	DD
Zm00001eb181420	DD
Zm00001eb157820	DD
Zm00001eb129810	DD
Zm00001eb392140	DD
Zm00001eb144010	DD
Zm00001eb268350	DD
Zm00001eb135070	DD
Zm00001eb075930	DD
Zm00001eb074280	DD
Zm00001eb173870	DD
Zm00001eb419160	DD
Zm00001eb363580	DD
Zm00001eb334170	DD
Zm00001eb067490	DD
Zm00001eb013810	DD
Zm00001eb316750	DD
Zm00001eb012510	DD
Zm00001eb214940	DD
Zm00001eb309670	DD
Zm00001eb358790	DD
Zm00001eb136560	DD
Zm00001eb190870	DD
Zm00001eb275290	DD
Zm00001eb271710	DD
Zm00001eb418240	DD
Zm00001eb265960	DD
Zm00001eb219060	DD
Zm00001eb371620	DD
Zm00001eb370250	DD
Zm00001eb081920	DD
Zm00001eb163110	DD
Zm00001eb249480	DD
Zm00001eb360770	DD
Zm00001eb045500	DD
Zm00001eb089160	DD
Zm00001eb160850	DD
Zm00001eb301550	DD
Zm00001eb400450	DD
Zm00001eb042490	DD
Zm00001eb178500	DD
Zm00001eb265540	DD
Zm00001eb376600	DD
Zm00001eb341700	DD
Zm00001eb108570	DD
Zm00001eb300710	DD
Zm00001eb055450	DD
Zm00001eb144860	DD
Zm00001eb216010	DD
Zm00001eb013360	DD
Zm00001eb229190	DD
Zm00001eb375840	DD
Zm00001eb122660	DD
Zm00001eb290270	DD
Zm00001eb349270	DD
Zm00001eb151960	DD
Zm00001eb299740	DD
Zm00001eb216490	DD
Zm00001eb234210	DD
Zm00001eb342220	DD
Zm00001eb286430	DD
Zm00001eb351150	DD
Zm00001eb167550	DD
Zm00001eb113460	DD
Zm00001eb146260	DD
Zm00001eb182910	DD
Zm00001eb367480	DD
Zm00001eb153300	DD
Zm00001eb034230	DD
Zm00001eb081070	DD
Zm00001eb104240	DD
Zm00001eb350660	DD
Zm00001eb122720	DD
Zm00001eb029930	DD
Zm00001eb409070	DD
Zm00001eb318150	DD
Zm00001eb384110	DD
Zm00001eb333240	DD
Zm00001eb260640	DD
Zm00001eb412760	DD
Zm00001eb325340	DD
Zm00001eb106070	DD
Zm00001eb149190	DD
Zm00001eb024790	DD
Zm00001eb296420	DD
Zm00001eb280440	DD
Zm00001eb113180	DD
Zm00001eb352410	DD
Zm00001eb138680	DD
Zm00001eb119700	DD
Zm00001eb382340	DD
Zm00001eb388070	DD
Zm00001eb233070	DD
Zm00001eb014230	DD
Zm00001eb302220	DD
Zm00001eb278050	DD
Zm00001eb248850	DD
Zm00001eb343400	DD
Zm00001eb416000	DD
Zm00001eb222930	DD
Zm00001eb432440	DD
Zm00001eb000990	DD
Zm00001eb153120	DD
Zm00001eb420270	DD
Zm00001eb227140	DD
Zm00001eb069370	DD
Zm00001eb007080	DD
Zm00001eb302590	DD
Zm00001eb043140	DD
Zm00001eb034720	DD
Zm00001eb034710	DD
Zm00001eb013170	DD
Zm00001eb271630	DD
Zm00001eb273590	DD
Zm00001eb015730	DD
Zm00001eb252290	DD
Zm00001eb286130	DD
Zm00001eb238610	DD
Zm00001eb053420	DD
Zm00001eb060280	DD
Zm00001eb370110	DD
Zm00001eb140490	DD
Zm00001eb370100	DD
Zm00001eb087030	DD
Zm00001eb401880	DD
Zm00001eb423400	DD
Zm00001eb201000	DD
Zm00001eb352820	DD
Zm00001eb081090	DD
Zm00001eb339010	DD
Zm00001eb151580	DD
Zm00001eb025340	DD
Zm00001eb004250	DD
Zm00001eb224480	DD
Zm00001eb341030	DD
Zm00001eb358540	DD
Zm00001eb331610	DD
Zm00001eb102820	DD
Zm00001eb383730	DD
Zm00001eb383740	DD
Zm00001eb327490	DD
Zm00001eb121630	DD
Zm00001eb154500	DD
Zm00001eb098040	DD
Zm00001eb130400	DD
Zm00001eb219080	DD
Zm00001eb226110	DD
Zm00001eb405640	DD
Zm00001eb353120	DD
Zm00001eb112060	DD
Zm00001eb295720	DD
Zm00001eb337420	DD
Zm00001eb337430	DD
Zm00001eb138730	DD
Zm00001eb028040	DD
Zm00001eb075610	DD
Zm00001eb075620	DD
Zm00001eb232240	DD
Zm00001eb120680	DD
Zm00001eb127240	DD
Zm00001eb395980	DD
Zm00001eb055160	DD
Zm00001eb124160	DD
Zm00001eb149200	DD
Zm00001eb278080	DD
Zm00001eb009160	DD
Zm00001eb194910	DD
Zm00001eb203780	DD
Zm00001eb230030	DD
Zm00001eb100480	DD
Zm00001eb205650	DD
Zm00001eb239620	DD
Zm00001eb088960	DD
Zm00001eb298500	DD
Zm00001eb348060	DD
Zm00001eb137980	DD
Zm00001eb094840	DD
Zm00001eb127500	DD
Zm00001eb394980	DD
Zm00001eb382140	DD
Zm00001eb132620	DD
Zm00001eb330390	DD
Zm00001eb062270	DD
Zm00001eb127300	DD
Zm00001eb098410	DD
Zm00001eb004960	DD
Zm00001eb278150	DD
Zm00001eb237060	DD
Zm00001eb216750	DD
Zm00001eb307240	DD
Zm00001eb035110	DD
Zm00001eb092110	DD
Zm00001eb120450	DD
Zm00001eb347310	DD
Zm00001eb226080	DD
Zm00001eb406530	DD
Zm00001eb206350	DD
Zm00001eb243520	DD
Zm00001eb425050	DD
Zm00001eb059410	DD
Zm00001eb063050	DD
Zm00001eb084790	DD
Zm00001eb133330	DD
Zm00001eb217030	DD
Zm00001eb377050	DD
Zm00001eb161050	DD
Zm00001eb239700	DD
Zm00001eb361620	DD
Zm00001eb026010	DD
Zm00001eb092210	DD
Zm00001eb201790	DD
Zm00001eb027420	DD
Zm00001eb210420	DD
Zm00001eb072160	DD
Zm00001eb071680	DD
Zm00001eb386810	DD
Zm00001eb346920	DD
Zm00001eb112110	DD
Zm00001eb248400	DD
Zm00001eb229870	DD
Zm00001eb410950	DD
Zm00001eb069470	DD
Zm00001eb095810	DD
Zm00001eb286200	DD
Zm00001eb251970	DD
Zm00001eb313680	DD
Zm00001eb053700	DD
Zm00001eb184370	DD
Zm00001eb076390	DD
Zm00001eb251180	DD
Zm00001eb262880	DD
Zm00001eb162680	DD
Zm00001eb202070	DD
Zm00001eb340960	DD
Zm00001eb407410	DD
Zm00001eb001300	DD
Zm00001eb185280	DD
Zm00001eb298070	DD
Zm00001eb307930	DD
Zm00001eb097510	DD
Zm00001eb178910	DD
Zm00001eb387580	DD
Zm00001eb000960	DD
Zm00001eb025830	DD
Zm00001eb183030	DD
Zm00001eb179470	DD
Zm00001eb159440	DD
Zm00001eb143730	DD
Zm00001eb201060	DD
Zm00001eb223120	DD
Zm00001eb301930	DD
Zm00001eb021120	DD
Zm00001eb245130	DD
Zm00001eb188000	DD
Zm00001eb340260	DD
Zm00001eb024940	DD
Zm00001eb176870	DD
Zm00001eb218520	DD
Zm00001eb121290	DD
Zm00001eb267390	DD
Zm00001eb021930	DD
Zm00001eb063460	DD
Zm00001eb166270	DD
Zm00001eb179950	DD
Zm00001eb279170	DD
Zm00001eb329810	DD
Zm00001eb329820	DD
Zm00001eb360440	DD
Zm00001eb417150	DD
Zm00001eb268310	DD
Zm00001eb236690	DD
Zm00001eb266210	DD
Zm00001eb297820	DD
Zm00001eb122530	DD
Zm00001eb284950	DD
Zm00001eb332820	DD
Zm00001eb153910	DD
Zm00001eb340390	DD
Zm00001eb420140	DD
Zm00001eb385520	DD
Zm00001eb128700	DD
Zm00001eb034500	DD
Zm00001eb269800	DD
Zm00001eb426420	DD
Zm00001eb383250	DD
Zm00001eb370790	DD
Zm00001eb274180	DD
Zm00001eb285900	DD
Zm00001eb410020	DD
Zm00001eb091000	DD
Zm00001eb061430	DD
Zm00001eb305160	DD
Zm00001eb101720	DD
Zm00001eb286050	DD
Zm00001eb003530	DD
Zm00001eb077450	DD
Zm00001eb203300	DD
Zm00001eb353910	DD
Zm00001eb048830	DD
Zm00001eb220960	DD
Zm00001eb374030	DD
Zm00001eb394730	DD
Zm00001eb088540	DD
Zm00001eb178210	DD
Zm00001eb005550	DD
Zm00001eb418370	DD
Zm00001eb020830	DD
Zm00001eb037180	DD
Zm00001eb010850	DD
Zm00001eb095070	DD
Zm00001eb093020	DD
Zm00001eb177380	DD
Zm00001eb242520	DD
Zm00001eb267980	DD
Zm00001eb351620	DD
Zm00001eb119630	DD
Zm00001eb057600	DD
Zm00001eb057610	DD
Zm00001eb308590	DD
Zm00001eb119710	DD
Zm00001eb211380	DD
Zm00001eb408520	DD
Zm00001eb156650	DD
Zm00001eb201940	DD
Zm00001eb077860	DD
Zm00001eb137100	DD
Zm00001eb051700	DD
Zm00001eb403100	DD
Zm00001eb047660	DD
Zm00001eb350620	DD
Zm00001eb028590	DD
Zm00001eb165030	DD
Zm00001eb198880	DD
Zm00001eb163080	DD
Zm00001eb261720	DD
Zm00001eb270720	DD
Zm00001eb086830	DD
Zm00001eb338570	DD
Zm00001eb059070	DD
Zm00001eb017530	DD
Zm00001eb121780	DD
Zm00001eb155120	DD
Zm00001eb081780	DD
Zm00001eb370690	DD
Zm00001eb048790	DD
Zm00001eb096210	DD
Zm00001eb227010	DD
Zm00001eb306450	DD
Zm00001eb227410	DD
Zm00001eb412090	DD
Zm00001eb161490	DD
Zm00001eb297500	DD
Zm00001eb209140	DD
Zm00001eb140040	DD
Zm00001eb038160	DD
Zm00001eb225320	DD
Zm00001eb326840	DD
Zm00001eb146480	DD
Zm00001eb395920	DD
Zm00001eb076520	DD
Zm00001eb329380	DD
Zm00001eb334000	DD
Zm00001eb024420	DD
Zm00001eb432640	DD
Zm00001eb207080	DD
Zm00001eb346040	DD
Zm00001eb282750	DD
Zm00001eb341150	DD
Zm00001eb278090	DD
Zm00001eb308070	DD
Zm00001eb162480	DD
Zm00001eb031890	DD
Zm00001eb345350	DD
Zm00001eb353870	DD
Zm00001eb383060	DD
Zm00001eb026790	DD
Zm00001eb363770	DD
Zm00001eb362300	DD
Zm00001eb408730	DD
Zm00001eb003040	DD
Zm00001eb008820	DD
Zm00001eb266530	DD
Zm00001eb397500	DD
Zm00001eb188570	DD
Zm00001eb109150	DD
Zm00001eb257550	DD
Zm00001eb297650	DD
Zm00001eb260980	DD
Zm00001eb374300	DD
Zm00001eb005030	DD
Zm00001eb403400	DD
Zm00001eb207960	DD
Zm00001eb331940	DD
Zm00001eb065250	DD
Zm00001eb068250	DD
Zm00001eb068260	DD
Zm00001eb214950	DD
Zm00001eb223530	DD
Zm00001eb372280	DD
Zm00001eb240970	DD
Zm00001eb180490	DD
Zm00001eb198440	DD
Zm00001eb369940	DD
Zm00001eb171280	DD
Zm00001eb177970	DD
Zm00001eb120900	DD
Zm00001eb398920	DD
Zm00001eb072250	DD
Zm00001eb407640	DD
Zm00001eb302330	DD
Zm00001eb339530	DD
Zm00001eb036410	DD
Zm00001eb036400	DD
Zm00001eb290240	DD
Zm00001eb302900	DD
Zm00001eb348250	DD
Zm00001eb420510	DD
Zm00001eb433480	DD
Zm00001eb062970	DD
Zm00001eb175010	DD
Zm00001eb426780	DD
Zm00001eb379610	DD
Zm00001eb295200	DD
Zm00001eb318250	DD
Zm00001eb352520	DD
Zm00001eb425520	DD
Zm00001eb270910	DD
Zm00001eb288120	DD
Zm00001eb047560	DD
Zm00001eb293160	DD
Zm00001eb342460	DD
Zm00001eb205080	DD
Zm00001eb243780	DD
Zm00001eb336600	DD
Zm00001eb384150	DD
Zm00001eb026040	DD
Zm00001eb300700	DD
Zm00001eb318280	DD
Zm00001eb320890	DD
Zm00001eb112260	DD
Zm00001eb309200	DD
Zm00001eb098120	DD
Zm00001eb241330	DD
Zm00001eb359230	DD
Zm00001eb345160	DD
Zm00001eb322790	DD
Zm00001eb119760	DD
Zm00001eb236820	DD
Zm00001eb342040	DD
Zm00001eb065280	DD
Zm00001eb309300	DD
Zm00001eb336880	DD
Zm00001eb076660	DD
Zm00001eb371930	DD
Zm00001eb394860	DD
Zm00001eb061900	DD
Zm00001eb065380	DD
Zm00001eb080140	DD
Zm00001eb122470	DD
Zm00001eb167010	DD
Zm00001eb322880	DD
Zm00001eb339590	DD
Zm00001eb348610	DD
Zm00001eb310230	DD
Zm00001eb055230	DD
Zm00001eb239980	DD
Zm00001eb235120	DD
Zm00001eb315540	DD
Zm00001eb325450	DD
Zm00001eb329640	DD
Zm00001eb348920	DD
Zm00001eb395030	DD
Zm00001eb112990	DD
Zm00001eb088220	DD
Zm00001eb053460	DD
Zm00001eb240850	DD
Zm00001eb240860	DD
Zm00001eb375870	DD
Zm00001eb361110	DD
Zm00001eb375880	DD
Zm00001eb425910	DD
Zm00001eb060750	DD
Zm00001eb095420	DD
Zm00001eb086500	DD
Zm00001eb414400	DD
Zm00001eb221490	DD
Zm00001eb287350	DD
Zm00001eb354860	DD
Zm00001eb269830	DD
Zm00001eb307750	DD
Zm00001eb028620	DD
Zm00001eb412230	DD
Zm00001eb414380	DD
Zm00001eb082490	DD
Zm00001eb339580	DD
Zm00001eb384120	DD
Zm00001eb169610	DD
Zm00001eb351640	DD
Zm00001eb116530	DD
Zm00001eb005410	DD
Zm00001eb040030	DD
Zm00001eb066310	DD
Zm00001eb190360	DD
Zm00001eb232880	DD
Zm00001eb328630	DD
Zm00001eb404930	DD
Zm00001eb422990	DD
Zm00001eb297690	DD
Zm00001eb137680	DD
Zm00001eb170860	DD
Zm00001eb035140	DD
Zm00001eb059870	DD
Zm00001eb221360	DD
Zm00001eb399960	DD
Zm00001eb344080	DD
Zm00001eb340380	DD
Zm00001eb110560	DD
Zm00001eb375680	DD
Zm00001eb154320	DD
Zm00001eb235110	DD
Zm00001eb346630	DD
Zm00001eb421620	DD
Zm00001eb094030	DD
Zm00001eb295510	DD
Zm00001eb329200	DD
Zm00001eb231820	DD
Zm00001eb302880	DD
Zm00001eb142870	DD
Zm00001eb354080	DD
Zm00001eb028320	DD
Zm00001eb047710	DD
Zm00001eb099230	DD
Zm00001eb409810	DD
Zm00001eb324380	DD
Zm00001eb345710	DD
Zm00001eb114120	DD
Zm00001eb297260	DD
Zm00001eb345260	DD
Zm00001eb325740	DD
Zm00001eb035350	DD
Zm00001eb278130	DD
Zm00001eb389390	DD
Zm00001eb114290	DD
Zm00001eb062510	DD
Zm00001eb422880	DD
Zm00001eb374350	DD
Zm00001eb391110	DD
Zm00001eb276530	DD
Zm00001eb338730	DD
Zm00001eb383600	DD
Zm00001eb000620	DD
Zm00001eb123280	DD
Zm00001eb168900	DD
Zm00001eb423520	DD
Zm00001eb066300	DD
Zm00001eb187350	DD
Zm00001eb428640	DD
Zm00001eb240800	DD
Zm00001eb228880	DD
Zm00001eb247910	DD
Zm00001eb300020	DD
Zm00001eb181410	DD
Zm00001eb056840	DD
Zm00001eb118650	DD
Zm00001eb270260	DD
Zm00001eb135830	DD
Zm00001eb028880	DD
Zm00001eb185180	DD
Zm00001eb132990	DD
Zm00001eb037410	DD
Zm00001eb091480	DD
Zm00001eb293380	DD
Zm00001eb047690	DD
Zm00001eb300500	DD
Zm00001eb082350	DD
Zm00001eb082360	DD
Zm00001eb172910	DD
Zm00001eb264850	DD
Zm00001eb379780	DD
Zm00001eb042430	DD
Zm00001eb121990	DD
Zm00001eb373400	DD
Zm00001eb041970	DD
Zm00001eb030030	DD
Zm00001eb181210	DD
Zm00001eb198900	DD
Zm00001eb420710	DD
Zm00001eb419390	DD
Zm00001eb343880	DD
Zm00001eb422900	DD
Zm00001eb391090	DD
Zm00001eb026880	DD
Zm00001eb005150	DD
Zm00001eb064830	DD
Zm00001eb349670	DD
Zm00001eb017190	DD
Zm00001eb088120	DD
Zm00001eb260220	DD
Zm00001eb233360	DD
Zm00001eb266000	DD
Zm00001eb266010	DD
Zm00001eb301760	DD
Zm00001eb339690	DD
Zm00001eb086000	DD
Zm00001eb108670	DD
Zm00001eb166140	DD
Zm00001eb127940	DD
Zm00001eb316390	DD
Zm00001eb324800	DD
Zm00001eb429050	DD
Zm00001eb381770	DD
Zm00001eb297430	DD
Zm00001eb016240	DD
Zm00001eb108150	DD
Zm00001eb292560	DD
Zm00001eb250270	DD
Zm00001eb292550	DD
Zm00001eb381390	DD
Zm00001eb367720	DD
Zm00001eb122480	DD
Zm00001eb136210	DD
Zm00001eb142740	DD
Zm00001eb170070	DD
Zm00001eb273980	DD
Zm00001eb417710	DD
Zm00001eb166570	DD
Zm00001eb263140	DD
Zm00001eb276230	DD
Zm00001eb020060	DD
Zm00001eb292320	DD
Zm00001eb369990	DD
Zm00001eb407630	DD
Zm00001eb219630	DD
Zm00001eb243490	DD
Zm00001eb417540	DD
Zm00001eb006840	DD
Zm00001eb378420	DD
Zm00001eb377880	DD
Zm00001eb129150	DD
Zm00001eb016350	DD
Zm00001eb328480	DD
Zm00001eb376050	DD
Zm00001eb382470	DD
Zm00001eb145980	DD
Zm00001eb055970	DD
Zm00001eb169820	DD
Zm00001eb034600	DD
Zm00001eb310760	DD
Zm00001eb134310	DD
Zm00001eb015230	DD
Zm00001eb162730	DD
Zm00001eb236630	DD
Zm00001eb094080	DD
Zm00001eb167440	DD
Zm00001eb186670	DD
Zm00001eb270200	DD
Zm00001eb186500	DD
Zm00001eb102420	DD
Zm00001eb119110	DD
Zm00001eb259490	DD
Zm00001eb138270	DD
Zm00001eb182480	DD
Zm00001eb277050	DD
Zm00001eb030310	DD
Zm00001eb361730	DD
Zm00001eb225560	DD
Zm00001eb047940	DD
Zm00001eb250900	DD
Zm00001eb069010	DD
Zm00001eb303700	DD
Zm00001eb280830	DD
Zm00001eb382330	DD
Zm00001eb134430	DD
Zm00001eb087390	DD
Zm00001eb178330	DD
Zm00001eb216400	DD
Zm00001eb332870	DD
Zm00001eb409250	DD
Zm00001eb396380	DD
Zm00001eb074200	DD
Zm00001eb074190	DD
Zm00001eb117980	DD
Zm00001eb243650	DD
Zm00001eb422820	DD
Zm00001eb125860	DD
Zm00001eb051220	DD
Zm00001eb162720	DD
Zm00001eb090340	DD
Zm00001eb372120	DD
Zm00001eb138480	DD
Zm00001eb035560	DD
Zm00001eb305730	DD
Zm00001eb332550	DD
Zm00001eb093680	DD
Zm00001eb405370	DD
Zm00001eb183180	DD
Zm00001eb357910	DD
Zm00001eb202490	DD
Zm00001eb310150	DD
Zm00001eb092550	DD
Zm00001eb090880	DD
Zm00001eb124050	DD
Zm00001eb204670	DD
Zm00001eb285000	DD
Zm00001eb104560	DD
Zm00001eb012130	DD
Zm00001eb210370	DD
Zm00001eb021850	DD
Zm00001eb127050	DD
Zm00001eb170300	DD
Zm00001eb112720	DD
Zm00001eb279300	DD
Zm00001eb022200	DD
Zm00001eb280270	DD
Zm00001eb337790	DD
Zm00001eb144130	DD
Zm00001eb191360	DD
Zm00001eb292140	DD
Zm00001eb169010	DD
Zm00001eb036350	DD
Zm00001eb420850	DD
Zm00001eb200090	DD
Zm00001eb430070	DD
Zm00001eb392070	DD
Zm00001eb085790	DD
Zm00001eb199990	DD
Zm00001eb219470	DD
Zm00001eb359940	DD
Zm00001eb058120	DD
Zm00001eb325510	DD
Zm00001eb388940	DD
Zm00001eb388930	DD
Zm00001eb039820	DD
Zm00001eb112100	DD
Zm00001eb104770	DD
Zm00001eb387940	DD
Zm00001eb274000	DD
Zm00001eb307030	DD
Zm00001eb172420	DD
Zm00001eb202200	DD
Zm00001eb306700	DD
Zm00001eb412260	DD
Zm00001eb042930	DD
Zm00001eb022460	DD
Zm00001eb153720	DD
Zm00001eb231590	DD
Zm00001eb054180	DD
Zm00001eb338540	DD
Zm00001eb222740	DD
Zm00001eb079380	DD
Zm00001eb291680	DD
Zm00001eb373590	DD
Zm00001eb235090	DD
Zm00001eb242860	DD
Zm00001eb324120	DD
Zm00001eb428970	DD
Zm00001eb002820	DD
Zm00001eb372000	DD
Zm00001eb319280	DD
Zm00001eb390780	DD
Zm00001eb310550	DD
Zm00001eb383990	DD
Zm00001eb068140	DD
Zm00001eb009670	DD
Zm00001eb193020	DD
Zm00001eb412500	DD
Zm00001eb006060	DD
Zm00001eb323440	DD
Zm00001eb386850	DD
Zm00001eb059260	DD
Zm00001eb386450	DD
Zm00001eb367340	DD
Zm00001eb388240	DD
Zm00001eb364250	DD
Zm00001eb181830	DD
Zm00001eb092390	DD
Zm00001eb161890	DD
Zm00001eb410270	DD
Zm00001eb118340	DD
Zm00001eb070560	DD
Zm00001eb130860	DD
Zm00001eb414780	DD
Zm00001eb096100	DD
Zm00001eb416980	DD
Zm00001eb127930	DD
Zm00001eb096560	DD
Zm00001eb095850	DD
Zm00001eb379970	DD
Zm00001eb055530	DD
Zm00001eb419290	DD
Zm00001eb237260	DD
Zm00001eb107720	DD
Zm00001eb069270	DD
Zm00001eb136110	DD
Zm00001eb414990	DD
Zm00001eb070440	DD
Zm00001eb215490	DD
Zm00001eb047650	DD
Zm00001eb425960	DD
Zm00001eb027830	DD
Zm00001eb377900	DD
Zm00001eb375550	DD
Zm00001eb190920	DD
Zm00001eb400190	DD
Zm00001eb314150	DD
Zm00001eb027070	DD
Zm00001eb043990	DD
Zm00001eb271840	DD
Zm00001eb429440	DD
Zm00001eb006960	DD
Zm00001eb427640	DD
Zm00001eb363650	DD
Zm00001eb215660	DD
Zm00001eb420930	DD
Zm00001eb009060	DD
Zm00001eb062810	DD
Zm00001eb132320	DD
Zm00001eb407790	DD
Zm00001eb101390	DD
Zm00001eb403600	DD
Zm00001eb419850	DD
Zm00001eb186260	DD
Zm00001eb287330	DD
Zm00001eb323480	DD
Zm00001eb289490	DD
Zm00001eb086020	DD
Zm00001eb077600	DD
Zm00001eb079150	DD
Zm00001eb039240	DD
Zm00001eb147400	DD
Zm00001eb284440	DD
Zm00001eb069360	DD
Zm00001eb097190	DD
Zm00001eb367540	DD
Zm00001eb215590	DD
Zm00001eb232350	DD
Zm00001eb047350	DD
Zm00001eb259830	DD
Zm00001eb182700	DD
Zm00001eb408160	DD
Zm00001eb281070	DD
Zm00001eb306990	DD
Zm00001eb430700	DD
Zm00001eb030340	DD
Zm00001eb123840	DD
Zm00001eb276440	DD
Zm00001eb024370	DD
Zm00001eb042630	DD
Zm00001eb163190	DD
Zm00001eb406780	DD
Zm00001eb058190	DD
Zm00001eb225810	DD
Zm00001eb299730	DD
Zm00001eb304150	DD
Zm00001eb412010	DD
Zm00001eb145210	DD
Zm00001eb318050	DD
Zm00001eb086180	DD
Zm00001eb412130	DD
Zm00001eb006190	DD
Zm00001eb335960	DD
Zm00001eb088740	DD
Zm00001eb086090	DD
Zm00001eb237800	DD
Zm00001eb150750	DD
Zm00001eb230200	DD
Zm00001eb276280	DD
Zm00001eb215570	DD
Zm00001eb302000	DD
Zm00001eb303640	DD
Zm00001eb378620	DD
Zm00001eb161070	DD
Zm00001eb192590	DD
Zm00001eb181030	DD
Zm00001eb129720	DD
Zm00001eb137660	DD
Zm00001eb337580	DD
Zm00001eb385560	DD
Zm00001eb101740	DD
Zm00001eb131300	DD
Zm00001eb216180	DD
Zm00001eb237940	DD
Zm00001eb410650	DD
Zm00001eb163820	DD
Zm00001eb292160	DD
Zm00001eb375630	DD
Zm00001eb333250	DD
Zm00001eb294930	DD
Zm00001eb363590	DD
Zm00001eb016210	DD
Zm00001eb173800	DD
Zm00001eb100150	DD
Zm00001eb239740	DD
Zm00001eb106610	DD
Zm00001eb133140	DD
Zm00001eb162320	DD
Zm00001eb123080	DD
Zm00001eb274140	DD
Zm00001eb247260	DD
Zm00001eb311570	DD
Zm00001eb196390	DD
Zm00001eb291780	DD
Zm00001eb091610	DD
Zm00001eb277500	DD
Zm00001eb385360	DD
Zm00001eb091600	DD
Zm00001eb091590	DD
Zm00001eb096070	DD
Zm00001eb225580	DD
Zm00001eb090030	DD
Zm00001eb269020	DD
Zm00001eb018060	DD
Zm00001eb076060	DD
Zm00001eb108870	DD
Zm00001eb173550	DD
Zm00001eb186160	DD
Zm00001eb303310	DD
Zm00001eb249460	DD
Zm00001eb259770	DD
Zm00001eb273190	DD
Zm00001eb368730	DD
Zm00001eb420680	DD
Zm00001eb049150	DD
Zm00001eb007190	DD
Zm00001eb068720	DD
Zm00001eb084650	DD
Zm00001eb354130	DD
Zm00001eb124130	DD
Zm00001eb395620	DD
Zm00001eb384030	DD
Zm00001eb417100	DD
Zm00001eb130700	DD
Zm00001eb028960	DD
Zm00001eb335250	DD
Zm00001eb027430	DD
Zm00001eb004570	DD
Zm00001eb313260	DD
Zm00001eb130420	DD
Zm00001eb339250	DD
Zm00001eb114180	DD
Zm00001eb046950	DD
Zm00001eb357300	DD
Zm00001eb075350	DD
Zm00001eb235610	DD
Zm00001eb337200	DD
Zm00001eb112510	DD
Zm00001eb377020	DD
Zm00001eb046670	DD
Zm00001eb377030	DD
Zm00001eb032750	DD
Zm00001eb161580	DD
Zm00001eb403860	DD
Zm00001eb008540	DD
Zm00001eb027150	DD
Zm00001eb134930	DD
Zm00001eb358810	DD
Zm00001eb413040	DD
Zm00001eb268290	DD
Zm00001eb411390	DD
Zm00001eb106330	DD
Zm00001eb069200	DD
Zm00001eb330930	DD
Zm00001eb365320	DD
Zm00001eb169960	DD
Zm00001eb412150	DD
Zm00001eb411900	DD
Zm00001eb412020	DD
Zm00001eb160580	DD
Zm00001eb160570	DD
Zm00001eb082320	DD
Zm00001eb136780	DD
Zm00001eb071660	DD
Zm00001eb167760	DD
Zm00001eb346970	DD
Zm00001eb404750	DD
Zm00001eb205360	DD
Zm00001eb277060	DD
Zm00001eb167220	DD
Zm00001eb092190	DD
Zm00001eb238880	DD
Zm00001eb119500	DD
Zm00001eb242850	DD
Zm00001eb307530	DD
Zm00001eb006600	DD
Zm00001eb182170	DD
Zm00001eb250440	DD
Zm00001eb396150	DD
Zm00001eb000150	DD
Zm00001eb350560	DD
Zm00001eb182530	DD
Zm00001eb176020	DD
Zm00001eb352000	DD
Zm00001eb423270	DD
Zm00001eb157330	DD
Zm00001eb343750	DD
Zm00001eb352620	DD
Zm00001eb196950	DD
Zm00001eb144120	DD
Zm00001eb235580	DD
Zm00001eb418550	DD
Zm00001eb027080	DD
Zm00001eb269890	DD
Zm00001eb307800	DD
Zm00001eb308490	DD
Zm00001eb006660	DD
Zm00001eb274480	DD
Zm00001eb315200	DD
Zm00001eb079960	DD
Zm00001eb332310	DD
Zm00001eb085560	DD
Zm00001eb305760	DD
Zm00001eb202900	DD
Zm00001eb252370	DD
Zm00001eb321150	DD
Zm00001eb331730	DD
Zm00001eb253880	DD
Zm00001eb265770	DD
Zm00001eb087060	DD
Zm00001eb420280	DD
Zm00001eb022190	DD
Zm00001eb240680	DD
Zm00001eb177140	DD
Zm00001eb425500	DD
Zm00001eb242110	DD
Zm00001eb369240	DD
Zm00001eb210990	DD
Zm00001eb388230	DD
Zm00001eb131730	DD
Zm00001eb085640	DD
Zm00001eb366200	DD
Zm00001eb335730	DD
Zm00001eb060240	DD
Zm00001eb145130	DD
Zm00001eb223150	DD
Zm00001eb344860	DD
Zm00001eb283190	DD
Zm00001eb175710	DD
Zm00001eb235870	DD
Zm00001eb026470	DD
Zm00001eb236650	DD
Zm00001eb262930	DD
Zm00001eb385850	DD
Zm00001eb085910	DD
Zm00001eb180970	DD
Zm00001eb268720	DD
Zm00001eb026640	DD
Zm00001eb095470	DD
Zm00001eb212200	DD
Zm00001eb406280	DD
Zm00001eb383090	DD
Zm00001eb086120	DD
Zm00001eb238130	DD
Zm00001eb288830	DD
Zm00001eb422170	DD
Zm00001eb177470	DD
Zm00001eb223700	DD
Zm00001eb236770	DD
Zm00001eb026610	DD
Zm00001eb331810	DD
Zm00001eb346820	DD
Zm00001eb267130	DD
Zm00001eb147570	DD
Zm00001eb023310	DD
Zm00001eb378920	DD
Zm00001eb211480	DD
Zm00001eb224720	DD
Zm00001eb188770	DD
Zm00001eb019440	DD
Zm00001eb088970	DD
Zm00001eb270870	DD
Zm00001eb347260	DD
Zm00001eb126460	DD
Zm00001eb236660	DD
Zm00001eb143840	DD
Zm00001eb235370	DD
Zm00001eb389640	DD
Zm00001eb188140	DD
Zm00001eb264970	DD
Zm00001eb306810	DD
Zm00001eb347470	DD
Zm00001eb334850	DD
Zm00001eb017630	DD
Zm00001eb195840	DD
Zm00001eb006480	DD
Zm00001eb189040	DD
Zm00001eb256410	DD
Zm00001eb170250	DD
Zm00001eb217510	DD
Zm00001eb095510	DD
Zm00001eb227840	DD
Zm00001eb274730	DD
Zm00001eb433920	DD
Zm00001eb404810	DD
Zm00001eb071750	DD
Zm00001eb010650	DD
Zm00001eb019320	DD
Zm00001eb025240	DD
Zm00001eb025700	DD
Zm00001eb032320	DD
Zm00001eb076040	DD
Zm00001eb129580	DD
Zm00001eb279350	DD
Zm00001eb225250	DD
Zm00001eb293520	DD
Zm00001eb277960	DD
Zm00001eb281640	DD
Zm00001eb296450	DD
Zm00001eb297580	DD
Zm00001eb406960	DD
Zm00001eb007230	DD
Zm00001eb132920	DD
Zm00001eb006730	DD
Zm00001eb199350	DD
Zm00001eb059400	DD
Zm00001eb231380	DD
Zm00001eb274840	DD
Zm00001eb006070	DD
Zm00001eb199680	DD
Zm00001eb365220	DD
Zm00001eb017070	DD
Zm00001eb020800	DD
Zm00001eb287630	DD
Zm00001eb132260	DD
Zm00001eb111960	DD
Zm00001eb142690	DD
Zm00001eb197330	DD
Zm00001eb269850	DD
Zm00001eb342060	DD
Zm00001eb241540	DD
Zm00001eb066530	DD
Zm00001eb409670	DD
Zm00001eb034010	DD
Zm00001eb018980	DD
Zm00001eb181040	DD
Zm00001eb116200	DD
Zm00001eb296050	DD
Zm00001eb330860	DD
Zm00001eb349440	DD
Zm00001eb182120	DD
Zm00001eb085590	DD
Zm00001eb328850	DD
Zm00001eb409880	DD
Zm00001eb400270	DD
Zm00001eb383100	DD
Zm00001eb029070	DD
Zm00001eb181050	DD
Zm00001eb190070	DD
Zm00001eb234630	DD
Zm00001eb267220	DD
Zm00001eb380870	DD
Zm00001eb425380	DD
Zm00001eb046300	DD
Zm00001eb011190	DD
Zm00001eb270710	DD
Zm00001eb082290	DD
Zm00001eb260350	DD
Zm00001eb271080	DD
Zm00001eb079110	DD
Zm00001eb377850	DD
Zm00001eb089610	DD
Zm00001eb139200	DD
Zm00001eb031120	DD
Zm00001eb200660	DD
Zm00001eb406190	DD
Zm00001eb205530	DD
Zm00001eb228950	DD
Zm00001eb363990	DD
Zm00001eb363980	DD
Zm00001eb066590	DD
Zm00001eb210710	DD
Zm00001eb259690	DD
Zm00001eb250420	DD
Zm00001eb265920	DD
Zm00001eb319180	DD
Zm00001eb340200	DD
Zm00001eb378210	DD
Zm00001eb123430	DD
Zm00001eb231770	DD
Zm00001eb040440	DD
Zm00001eb031050	DD
Zm00001eb013090	DD
Zm00001eb172580	DD
Zm00001eb416110	DD
Zm00001eb143920	DD
Zm00001eb393770	DD
Zm00001eb241020	DD
Zm00001eb079920	DD
Zm00001eb094480	DD
Zm00001eb177610	DD
Zm00001eb414420	DD
Zm00001eb383430	DD
Zm00001eb293060	DD
Zm00001eb230550	DD
Zm00001eb416900	DD
Zm00001eb003730	DD
Zm00001eb057800	DD
Zm00001eb180320	DD
Zm00001eb182320	DD
Zm00001eb023570	DD
Zm00001eb071420	DD
Zm00001eb082370	DD
Zm00001eb087310	DD
Zm00001eb312220	DD
Zm00001eb139390	DD
Zm00001eb333900	DD
Zm00001eb049040	DD
Zm00001eb254100	DD
Zm00001eb411300	DD
Zm00001eb031180	DD
Zm00001eb096530	DD
Zm00001eb235160	DD
Zm00001eb129200	DD
Zm00001eb123770	DD
Zm00001eb153230	DD
Zm00001eb361860	DD
Zm00001eb092250	DD
Zm00001eb111800	DD
Zm00001eb181630	DD
Zm00001eb126090	DD
Zm00001eb422050	DD
Zm00001eb421680	DD
Zm00001eb229350	DD
Zm00001eb080720	DD
Zm00001eb023240	DD
Zm00001eb024380	DD
Zm00001eb390390	DD
Zm00001eb069840	DD
Zm00001eb074980	DD
Zm00001eb307840	DD
Zm00001eb339140	DD
Zm00001eb033760	DD
Zm00001eb269450	DD
Zm00001eb378720	DD
Zm00001eb066600	DD
Zm00001eb049230	DD
Zm00001eb063140	DD
Zm00001eb413830	DD
Zm00001eb409600	DD
Zm00001eb378160	DD
Zm00001eb060290	DD
Zm00001eb097820	DD
Zm00001eb139790	DD
Zm00001eb340310	DD
Zm00001eb115810	DD
Zm00001eb167400	DD
Zm00001eb205800	DD
Zm00001eb426950	DD
Zm00001eb342250	DD
Zm00001eb308810	DD
Zm00001eb126700	DD
Zm00001eb152140	DD
Zm00001eb382640	DD
Zm00001eb375390	DD
Zm00001eb211930	DD
Zm00001eb262570	DD
Zm00001eb043000	DD
Zm00001eb273400	DD
Zm00001eb109220	DD
Zm00001eb154480	DD
Zm00001eb112920	DD
Zm00001eb341850	DD
Zm00001eb414720	DD
Zm00001eb002060	DD
Zm00001eb269230	DD
Zm00001eb013390	DD
Zm00001eb128480	DD
Zm00001eb140150	DD
Zm00001eb186960	DD
Zm00001eb360860	DD
Zm00001eb001240	DD
Zm00001eb419200	DD
Zm00001eb052300	DD
Zm00001eb373020	DD
Zm00001eb042340	DD
Zm00001eb111460	DD
Zm00001eb302130	DD
Zm00001eb028910	DD
Zm00001eb210070	DD
Zm00001eb304800	DD
Zm00001eb411520	DD
Zm00001eb418460	DD
Zm00001eb071600	DD
Zm00001eb008920	DD
Zm00001eb379770	DD
Zm00001eb195900	DD
Zm00001eb330130	DD
Zm00001eb345040	DD
Zm00001eb054990	DD
Zm00001eb016340	DD
Zm00001eb241830	DD
Zm00001eb087970	DD
Zm00001eb338750	DD
Zm00001eb350640	DD
Zm00001eb433630	DD
Zm00001eb041920	DD
Zm00001eb085080	DD
Zm00001eb433430	DD
Zm00001eb004400	DD
Zm00001eb228910	DD
Zm00001eb106570	DD
Zm00001eb113540	DD
Zm00001eb097530	DD
Zm00001eb107340	DD
Zm00001eb380920	DD
Zm00001eb088850	DD
Zm00001eb132350	DD
Zm00001eb301960	DD
Zm00001eb052190	DD
Zm00001eb038610	DD
Zm00001eb157840	DD
Zm00001eb046560	DD
Zm00001eb085450	DD
Zm00001eb395610	DD
Zm00001eb031780	DD
Zm00001eb225590	DD
Zm00001eb277800	DD
Zm00001eb224150	DD
Zm00001eb041680	DD
Zm00001eb067600	DD
Zm00001eb353810	DD
Zm00001eb281420	DD
Zm00001eb294320	DD
Zm00001eb392350	DD
Zm00001eb104940	DD
Zm00001eb345050	DD
Zm00001eb320360	DD
Zm00001eb415230	DD
Zm00001eb063320	DD
Zm00001eb312200	DD
Zm00001eb350020	DD
Zm00001eb176880	DD
Zm00001eb130780	DD
Zm00001eb189870	DD
Zm00001eb167920	DD
Zm00001eb392520	DD
Zm00001eb154530	DD
Zm00001eb203870	DD
Zm00001eb338960	DD
Zm00001eb295000	DD
Zm00001eb349900	DD
Zm00001eb378770	DD
Zm00001eb291100	DD
Zm00001eb107290	DD
Zm00001eb268760	DD
Zm00001eb418760	DD
Zm00001eb121080	DD
Zm00001eb402960	DD
Zm00001eb312040	DD
Zm00001eb357070	DD
Zm00001eb095500	DD
Zm00001eb245550	DD
Zm00001eb213470	DD
Zm00001eb003790	DD
Zm00001eb412630	DD
Zm00001eb342520	DD
Zm00001eb419470	DD
Zm00001eb364640	DD
Zm00001eb253570	DD
Zm00001eb426110	DD
Zm00001eb406020	DD
Zm00001eb137950	DD
Zm00001eb418900	DD
Zm00001eb223970	DD
Zm00001eb292100	DD
Zm00001eb168320	DD
Zm00001eb203660	DD
Zm00001eb404500	DD
Zm00001eb063950	DD
Zm00001eb092380	DD
Zm00001eb255470	DD
Zm00001eb326600	DD
Zm00001eb022380	DD
Zm00001eb224200	DD
Zm00001eb087380	DD
Zm00001eb107750	DD
Zm00001eb244570	DD
Zm00001eb415060	DD
Zm00001eb433360	DD
Zm00001eb384800	DD
Zm00001eb072880	DD
Zm00001eb124870	DD
Zm00001eb375720	DD
Zm00001eb328330	DD
Zm00001eb134680	DD
Zm00001eb288180	DD
Zm00001eb418000	DD
Zm00001eb347580	DD
Zm00001eb080420	DD
Zm00001eb089020	DD
Zm00001eb228460	DD
Zm00001eb136680	DD
Zm00001eb232420	DD
Zm00001eb423360	DD
Zm00001eb290700	DD
Zm00001eb135020	DD
Zm00001eb127540	DD
Zm00001eb066790	DD
Zm00001eb149440	DD
Zm00001eb120780	DD
Zm00001eb211980	DD
Zm00001eb149390	DD
Zm00001eb238870	DD
Zm00001eb380160	DD
Zm00001eb342390	DD
Zm00001eb265360	DD
Zm00001eb424470	DD
Zm00001eb125680	DD
Zm00001eb183660	DD
Zm00001eb165040	DD
Zm00001eb033040	DD
Zm00001eb222360	DD
Zm00001eb363970	DD
Zm00001eb080660	DD
Zm00001eb133620	DD
Zm00001eb023760	DD
Zm00001eb036700	DD
Zm00001eb053070	DD
Zm00001eb202510	DD
Zm00001eb296740	DD
Zm00001eb170140	DD
Zm00001eb097210	DD
Zm00001eb316760	DD
Zm00001eb333030	DD
Zm00001eb225380	DD
Zm00001eb126060	DD
Zm00001eb247480	DD
Zm00001eb351660	DD
Zm00001eb351900	DD
Zm00001eb350140	DD
Zm00001eb125550	DD
Zm00001eb021910	DD
Zm00001eb361920	DD
Zm00001eb064380	DD
Zm00001eb030350	DD
Zm00001eb022580	DD
Zm00001eb370970	DD
Zm00001eb110900	DD
Zm00001eb350770	DD
Zm00001eb337620	DD
Zm00001eb308500	DD
Zm00001eb308970	DD
Zm00001eb362900	DD
Zm00001eb286030	DD
Zm00001eb347460	DD
Zm00001eb201270	DD
Zm00001eb077480	DD
Zm00001eb285620	DD
Zm00001eb355630	DD
Zm00001eb092260	DD
Zm00001eb167140	DD
Zm00001eb201450	DD
Zm00001eb375640	DD
Zm00001eb334010	DD
Zm00001eb430060	DD
Zm00001eb049710	DD
Zm00001eb206120	DD
Zm00001eb275090	DD
Zm00001eb432140	DD
Zm00001eb420590	DD
Zm00001eb178400	DD
Zm00001eb248770	DD
Zm00001eb171750	DD
Zm00001eb213060	DD
Zm00001eb059040	DD
Zm00001eb191550	DD
Zm00001eb293900	DD
Zm00001eb353830	DD
Zm00001eb189100	DD
Zm00001eb230330	DD
Zm00001eb019020	DD
Zm00001eb201970	DD
Zm00001eb183520	DD
Zm00001eb312570	DD
Zm00001eb168290	DD
Zm00001eb130890	DD
Zm00001eb064650	DD
Zm00001eb289000	DD
Zm00001eb308700	DD
Zm00001eb106530	DD
Zm00001eb319020	DD
Zm00001eb322570	DD
Zm00001eb412290	DD
Zm00001eb259840	DD
Zm00001eb000850	DD
Zm00001eb290470	DD
Zm00001eb192380	DD
Zm00001eb285480	DD
Zm00001eb434170	DD
Zm00001eb133700	DD
Zm00001eb264860	DD
Zm00001eb020450	DD
Zm00001eb123070	DD
Zm00001eb419430	DD
Zm00001eb130920	DD
Zm00001eb174590	DD
Zm00001eb051670	DD
Zm00001eb424730	DD
Zm00001eb214330	DD
Zm00001eb411870	DD
Zm00001eb371840	DD
Zm00001eb405340	DD
Zm00001eb089470	DD
Zm00001eb412200	DD
Zm00001eb334520	DD
Zm00001eb198870	DD
Zm00001eb154340	DD
Zm00001eb238360	DD
Zm00001eb255740	DD
Zm00001eb339780	DD
Zm00001eb138970	DD
Zm00001eb262900	DD
Zm00001eb336360	DD
Zm00001eb414010	DD
Zm00001eb219580	DD
Zm00001eb378790	DD
Zm00001eb070680	DD
Zm00001eb116510	DD
Zm00001eb197300	DD
Zm00001eb348500	DD
Zm00001eb090730	DD
Zm00001eb084950	DD
Zm00001eb264200	DD
Zm00001eb240830	DD
Zm00001eb223130	DD
Zm00001eb339090	DD
Zm00001eb159610	DD
Zm00001eb220690	DD
Zm00001eb032010	DD
Zm00001eb150050	DD
Zm00001eb239040	DD
Zm00001eb338170	DD
Zm00001eb086490	DD
Zm00001eb179360	DD
Zm00001eb203230	DD
Zm00001eb201520	DD
Zm00001eb112650	DD
Zm00001eb048820	DD
Zm00001eb421880	DD
Zm00001eb297180	DD
Zm00001eb023410	DD
Zm00001eb250570	DD
Zm00001eb029030	DD
Zm00001eb081410	DD
Zm00001eb416330	DD
Zm00001eb250910	DD
Zm00001eb073240	DD
Zm00001eb378600	DD
Zm00001eb319110	DD
Zm00001eb002760	DD
Zm00001eb429630	DD
Zm00001eb408280	DD
Zm00001eb126040	DD
Zm00001eb238150	DD
Zm00001eb364300	DD
Zm00001eb241090	DD
Zm00001eb214990	DD
Zm00001eb235460	DD
Zm00001eb160150	DD
Zm00001eb279940	DD
Zm00001eb394320	DD
Zm00001eb390790	DD
Zm00001eb240740	DD
Zm00001eb177690	DD
Zm00001eb033730	DD
Zm00001eb027040	DD
Zm00001eb096760	DD
Zm00001eb261690	DD
Zm00001eb369580	DD
Zm00001eb025920	DD
Zm00001eb059460	DD
Zm00001eb319100	DD
Zm00001eb305940	DD
Zm00001eb382500	DD
Zm00001eb304660	DD
Zm00001eb186210	DD
Zm00001eb308050	DD
Zm00001eb108820	DD
Zm00001eb327010	DD
Zm00001eb278460	DD
Zm00001eb140780	DD
Zm00001eb237920	DD
Zm00001eb060690	DD
Zm00001eb423540	DD
Zm00001eb220190	DD
Zm00001eb240870	DD
Zm00001eb351560	DD
Zm00001eb237820	DD
Zm00001eb237810	DD
Zm00001eb297190	DD
Zm00001eb404450	DD
Zm00001eb404470	DD
Zm00001eb044270	DD
Zm00001eb260050	DD
Zm00001eb109180	DD
Zm00001eb218670	DD
Zm00001eb277950	DD
Zm00001eb282860	DD
Zm00001eb347550	DD
Zm00001eb377930	DD
Zm00001eb245270	DD
Zm00001eb156490	DD
Zm00001eb126420	DD
Zm00001eb309660	DD
Zm00001eb370590	DD
Zm00001eb428710	DD
Zm00001eb177640	DD
Zm00001eb344480	DD
Zm00001eb357810	DD
Zm00001eb121640	DD
Zm00001eb413020	DD
Zm00001eb045590	DD
Zm00001eb382680	DD
Zm00001eb036390	DD
Zm00001eb136440	DD
Zm00001eb365430	DD
Zm00001eb304810	DD
Zm00001eb165210	DD
Zm00001eb204640	DD
Zm00001eb392900	DD
Zm00001eb160380	DD
Zm00001eb377470	DD
Zm00001eb217280	DD
Zm00001eb154990	DD
Zm00001eb277260	DD
Zm00001eb401070	DD
Zm00001eb202930	DD
Zm00001eb222180	DD
Zm00001eb203670	DD
Zm00001eb195680	DD
Zm00001eb329930	DD
Zm00001eb114590	DD
Zm00001eb419500	DD
Zm00001eb144920	DD
Zm00001eb077760	DD
Zm00001eb101820	DD
Zm00001eb300430	DD
Zm00001eb339620	DD
Zm00001eb371440	DD
Zm00001eb041160	DD
Zm00001eb159540	DD
Zm00001eb396780	DD
Zm00001eb250360	DD
Zm00001eb285930	DD
Zm00001eb347430	DD
Zm00001eb089080	DD
Zm00001eb275740	DD
Zm00001eb355040	DD
Zm00001eb107040	DD
Zm00001eb310790	DD
Zm00001eb126210	DD
Zm00001eb055670	DD
Zm00001eb129190	DD
Zm00001eb231410	DD
Zm00001eb084620	DD
Zm00001eb248980	DD
Zm00001eb324320	DD
Zm00001eb232040	DD
Zm00001eb256340	DD
Zm00001eb273080	DD
Zm00001eb341190	DD
Zm00001eb007880	DD
Zm00001eb220160	DD
Zm00001eb220170	DD
Zm00001eb400070	DD
Zm00001eb233730	DD
Zm00001eb421160	DD
Zm00001eb296610	DD
Zm00001eb320300	DD
Zm00001eb319170	DD
Zm00001eb221570	DD
Zm00001eb091460	DD
Zm00001eb174050	DD
Zm00001eb025960	DD
Zm00001eb350940	DD
Zm00001eb040970	DD
Zm00001eb031400	DD
Zm00001eb103220	DD
Zm00001eb314200	DD
Zm00001eb273730	DD
Zm00001eb381310	DD
Zm00001eb232740	DD
Zm00001eb133530	DD
Zm00001eb127920	DD
Zm00001eb411850	DD
Zm00001eb337610	DD
Zm00001eb011510	DD
Zm00001eb270470	DD
Zm00001eb103420	DD
Zm00001eb228330	DD
Zm00001eb420080	DD
Zm00001eb085730	DD
Zm00001eb343250	DD
Zm00001eb084400	DD
Zm00001eb145700	DD
Zm00001eb424900	DD
Zm00001eb100940	DD
Zm00001eb185380	DD
Zm00001eb012260	DD
Zm00001eb035080	DD
Zm00001eb119360	DD
Zm00001eb057280	DD
Zm00001eb334260	DD
Zm00001eb417960	DD
Zm00001eb342010	DD
Zm00001eb221690	DD
Zm00001eb411410	DD
Zm00001eb055550	DD
Zm00001eb098250	DD
Zm00001eb305310	DD
Zm00001eb291330	DD
Zm00001eb350960	DD
Zm00001eb321380	DD
Zm00001eb385430	DD
Zm00001eb411700	DD
Zm00001eb109870	DD
Zm00001eb248420	DD
Zm00001eb264760	DD
Zm00001eb242010	DD
Zm00001eb000100	DD
Zm00001eb136870	DD
Zm00001eb144500	DD
Zm00001eb335040	DD
Zm00001eb178750	DD
Zm00001eb209470	DD
Zm00001eb342830	DD
Zm00001eb406200	DD
Zm00001eb128790	DD
Zm00001eb355200	DD
Zm00001eb095150	DD
Zm00001eb403830	DD
Zm00001eb189090	DD
Zm00001eb182310	DD
Zm00001eb368450	DD
Zm00001eb301370	DD
Zm00001eb301610	DD
Zm00001eb395140	DD
Zm00001eb125040	DD
Zm00001eb291950	DD
Zm00001eb414610	DD
Zm00001eb240390	DD
Zm00001eb400200	DD
Zm00001eb317320	DD
Zm00001eb196080	DD
Zm00001eb384170	DD
Zm00001eb286730	DD
Zm00001eb041250	DD
Zm00001eb207830	DD
Zm00001eb028890	DD
Zm00001eb028900	DD
Zm00001eb294460	DD
Zm00001eb315550	DD
Zm00001eb086710	DD
Zm00001eb380820	DD
Zm00001eb004590	DD
Zm00001eb199770	DD
Zm00001eb057370	DD
Zm00001eb064560	DD
Zm00001eb292470	DD
Zm00001eb343390	DD
Zm00001eb283510	DD
Zm00001eb160010	DD
Zm00001eb302250	DD
Zm00001eb073940	DD
Zm00001eb036830	DD
Zm00001eb088010	DD
Zm00001eb238500	DD
Zm00001eb354070	DD
Zm00001eb364990	DD
Zm00001eb226520	DD
Zm00001eb418440	DD
Zm00001eb077100	DD
Zm00001eb235430	DD
Zm00001eb213520	DD
Zm00001eb297060	DD
Zm00001eb032040	DD
Zm00001eb137520	DD
Zm00001eb143940	DD
Zm00001eb307200	DD
Zm00001eb348370	DD
Zm00001eb170850	DD
Zm00001eb016220	DD
Zm00001eb062910	DD
Zm00001eb148250	DD
Zm00001eb105210	DD
Zm00001eb004080	DD
Zm00001eb046270	DD
Zm00001eb300210	DD
Zm00001eb242210	DD
Zm00001eb389250	DD
Zm00001eb240140	DD
Zm00001eb412850	DD
Zm00001eb377800	DD
Zm00001eb146580	DD
Zm00001eb001250	DD
Zm00001eb255530	DD
Zm00001eb151370	DD
Zm00001eb114300	DD
Zm00001eb076830	DD
Zm00001eb059620	DD
Zm00001eb225290	DD
Zm00001eb296960	DD
Zm00001eb043970	DD
Zm00001eb148890	DD
Zm00001eb070960	DD
Zm00001eb321800	DD
Zm00001eb390150	DD
Zm00001eb418630	DD
Zm00001eb205960	DD
Zm00001eb203560	DD
Zm00001eb334310	DD
Zm00001eb387760	DD
Zm00001eb162310	DD
Zm00001eb042650	DD
Zm00001eb397780	DD
Zm00001eb030190	DD
Zm00001eb050120	DD
Zm00001eb028750	DD
Zm00001eb203810	DD
Zm00001eb357480	DD
Zm00001eb329910	DD
Zm00001eb033090	DD
Zm00001eb000900	DD
Zm00001eb177810	DD
Zm00001eb357230	DD
Zm00001eb063910	DD
Zm00001eb077350	DD
Zm00001eb247430	DD
Zm00001eb243410	DD
Zm00001eb375400	DD
Zm00001eb085620	DD
Zm00001eb056430	DD
Zm00001eb327950	DD
Zm00001eb151260	DD
Zm00001eb009970	DD
Zm00001eb055420	DD
Zm00001eb095180	DD
Zm00001eb357460	DD
Zm00001eb299310	DD
Zm00001eb034360	DD
Zm00001eb170130	DD
Zm00001eb243250	DD
Zm00001eb314640	DD
Zm00001eb339210	DD
Zm00001eb039660	DD
Zm00001eb119570	DD
Zm00001eb411820	DD
Zm00001eb091830	DD
Zm00001eb395880	DD
Zm00001eb028110	DD
Zm00001eb223630	DD
Zm00001eb094690	DD
Zm00001eb134490	DD
Zm00001eb418850	DD
Zm00001eb108120	DD
Zm00001eb341280	DD
Zm00001eb350120	DD
Zm00001eb401200	DD
Zm00001eb383940	DD
Zm00001eb109340	DD
Zm00001eb053230	DD
Zm00001eb308470	DD
Zm00001eb051990	DD
Zm00001eb008040	DD
Zm00001eb206670	DD
Zm00001eb385690	DD
Zm00001eb188300	DD
Zm00001eb091430	DD
Zm00001eb062710	DD
Zm00001eb054690	DD
Zm00001eb090160	DD
Zm00001eb214770	DD
Zm00001eb265950	DD
Zm00001eb222770	DD
Zm00001eb300270	DD
Zm00001eb432040	DD
Zm00001eb320460	DD
Zm00001eb138200	DD
Zm00001eb322890	DD
Zm00001eb323670	DD
Zm00001eb431550	DD
Zm00001eb064970	DD
Zm00001eb337550	DD
Zm00001eb357570	DD
Zm00001eb077390	DD
Zm00001eb320350	DD
Zm00001eb409130	DD
Zm00001eb040020	DD
Zm00001eb169240	DD
Zm00001eb121210	DD
Zm00001eb350330	DD
Zm00001eb029990	DD
Zm00001eb019900	DD
Zm00001eb167040	DD
Zm00001eb025950	DD
Zm00001eb170840	DD
Zm00001eb267180	DD
Zm00001eb391290	DD
Zm00001eb306710	DD
Zm00001eb392670	DD
Zm00001eb099310	DD
Zm00001eb049140	DD
Zm00001eb045380	DD
Zm00001eb091280	DD
Zm00001eb181200	DD
Zm00001eb089120	DD
Zm00001eb236880	DD
Zm00001eb173900	DD
Zm00001eb044180	DD
Zm00001eb305510	DD
Zm00001eb217530	DD
Zm00001eb038750	DD
Zm00001eb321480	DD
Zm00001eb164160	DD
Zm00001eb046320	DD
Zm00001eb066950	DD
Zm00001eb028850	DD
Zm00001eb262970	DD
Zm00001eb110110	DD
Zm00001eb159120	DD
Zm00001eb164550	DD
Zm00001eb298420	DD
Zm00001eb341230	DD
Zm00001eb281150	DD
Zm00001eb430270	DD
Zm00001eb198770	DD
Zm00001eb321980	DD
Zm00001eb106470	DD
Zm00001eb217460	DD
Zm00001eb101290	DD
Zm00001eb164720	DD
Zm00001eb021520	DD
Zm00001eb364530	DD
Zm00001eb046660	DD
Zm00001eb201160	DD
Zm00001eb372460	DD
Zm00001eb287410	DD
Zm00001eb120350	DD
Zm00001eb383360	DD
Zm00001eb307270	DD
Zm00001eb254700	DD
Zm00001eb254830	DD
Zm00001eb046400	DD
Zm00001eb001640	DD
Zm00001eb114050	DD
Zm00001eb284680	DD
Zm00001eb392030	DD
Zm00001eb087700	DD
Zm00001eb167050	DD
Zm00001eb027280	DD
Zm00001eb392600	DD
Zm00001eb394890	DD
Zm00001eb157920	DD
Zm00001eb157910	DD
Zm00001eb000080	DD
Zm00001eb378140	DD
Zm00001eb338130	DD
Zm00001eb413490	DD
Zm00001eb416850	DD
Zm00001eb169250	DD
Zm00001eb196860	DD
Zm00001eb413480	DD
Zm00001eb416860	DD
Zm00001eb192850	DD
Zm00001eb416880	DD
Zm00001eb085880	DD
Zm00001eb341710	DD
Zm00001eb288590	DD
Zm00001eb063850	DD
Zm00001eb282380	DD
Zm00001eb276940	DD
Zm00001eb395770	DD
Zm00001eb401600	DD
Zm00001eb256760	DD
Zm00001eb301010	DD
Zm00001eb028030	DD
Zm00001eb214680	DD
Zm00001eb130910	DD
Zm00001eb176780	DD
Zm00001eb319430	DD
Zm00001eb340910	DD
Zm00001eb403120	DD
Zm00001eb127120	DD
Zm00001eb272210	DD
Zm00001eb005390	DD
Zm00001eb259210	DD
Zm00001eb279220	DD
Zm00001eb010690	DD
Zm00001eb318370	DD
Zm00001eb164070	DD
Zm00001eb107450	DD
Zm00001eb398520	DD
Zm00001eb025760	DD
Zm00001eb095880	DD
Zm00001eb091040	DD
Zm00001eb231480	DD
Zm00001eb044070	DD
Zm00001eb322470	DD
Zm00001eb298980	DD
Zm00001eb004050	DD
Zm00001eb297120	DD
Zm00001eb244390	DD
Zm00001eb418870	DD
Zm00001eb081520	DD
Zm00001eb400060	DD
Zm00001eb307990	DD
Zm00001eb045600	DD
Zm00001eb164950	DD
Zm00001eb130460	DD
Zm00001eb307570	DD
Zm00001eb074040	DD
Zm00001eb266850	DD
Zm00001eb079560	DD
Zm00001eb377220	DD
Zm00001eb053160	DD
Zm00001eb202990	DD
Zm00001eb268440	DD
Zm00001eb405090	DD
Zm00001eb070690	DD
Zm00001eb389580	DD
Zm00001eb183260	DD
Zm00001eb227760	DD
Zm00001eb144370	DD
Zm00001eb148470	DD
Zm00001eb057880	DD
Zm00001eb421560	DD
Zm00001eb009820	DD
Zm00001eb241470	DD
Zm00001eb330420	DD
Zm00001eb383800	DD
Zm00001eb207340	DD
Zm00001eb327980	DD
Zm00001eb414200	DD
Zm00001eb404630	DD
Zm00001eb135340	DD
Zm00001eb271610	DD
Zm00001eb314280	DD
Zm00001eb071650	DD
Zm00001eb203620	DD
Zm00001eb310890	DD
Zm00001eb411910	DD
Zm00001eb040590	DD
Zm00001eb086350	DD
Zm00001eb356330	DD
Zm00001eb304370	DD
Zm00001eb303880	DD
Zm00001eb024240	DD
Zm00001eb410900	DD
Zm00001eb121790	DD
Zm00001eb300600	DD
Zm00001eb195060	DD
Zm00001eb278710	DD
Zm00001eb359050	DD
Zm00001eb205560	DD
Zm00001eb082410	DD
Zm00001eb216780	DD
Zm00001eb406490	DD
Zm00001eb043300	DD
Zm00001eb108740	DD
Zm00001eb243570	DD
Zm00001eb314740	DD
Zm00001eb365380	DD
Zm00001eb271820	DD
Zm00001eb259410	DD
Zm00001eb140740	DD
Zm00001eb025520	DD
Zm00001eb108620	DD
Zm00001eb332060	DD
Zm00001eb383660	DD
Zm00001eb283220	DD
Zm00001eb316110	DD
Zm00001eb291240	DD
Zm00001eb024400	DD
Zm00001eb043900	DD
Zm00001eb261250	DD
Zm00001eb419910	DD
Zm00001eb319710	DD
Zm00001eb000360	DD
Zm00001eb136570	DD
Zm00001eb136580	DD
Zm00001eb181950	DD
Zm00001eb239320	DD
Zm00001eb387690	DD
Zm00001eb423030	DD
Zm00001eb016310	DD
Zm00001eb187000	DD
Zm00001eb357600	DD
Zm00001eb388950	DD
Zm00001eb236400	DD
Zm00001eb288960	DD
Zm00001eb062300	DD
Zm00001eb108600	DD
Zm00001eb335330	DD
Zm00001eb043790	DD
Zm00001eb145570	DD
Zm00001eb031720	DD
Zm00001eb020310	DD
Zm00001eb374090	DD
Zm00001eb190790	DD
Zm00001eb111990	DD
Zm00001eb401680	DD
Zm00001eb097760	DD
Zm00001eb388710	DD
Zm00001eb312340	DD
Zm00001eb290870	DD
Zm00001eb306180	DD
Zm00001eb379410	DD
Zm00001eb020930	DD
Zm00001eb276310	DD
Zm00001eb170620	DD
Zm00001eb261950	DD
Zm00001eb070070	DD
Zm00001eb041490	DD
Zm00001eb027510	DD
Zm00001eb352960	DD
Zm00001eb013310	DD
Zm00001eb278650	DD
Zm00001eb138620	DD
Zm00001eb259660	DD
Zm00001eb139370	DD
Zm00001eb262700	DD
Zm00001eb382070	DD
Zm00001eb262660	DD
Zm00001eb362400	DD
Zm00001eb268930	DD
Zm00001eb268940	DD
Zm00001eb012220	DD
Zm00001eb022640	DD
Zm00001eb304300	DD
Zm00001eb421760	DD
Zm00001eb125780	DD
Zm00001eb385330	DD
Zm00001eb063750	DD
Zm00001eb349190	DD
Zm00001eb271760	DD
Zm00001eb334780	DD
Zm00001eb095600	DD
Zm00001eb217200	DD
Zm00001eb333790	DD
Zm00001eb365830	DD
Zm00001eb218230	DD
Zm00001eb317960	DD
Zm00001eb176890	DD
Zm00001eb200570	DD
Zm00001eb070080	DD
Zm00001eb136690	DD
Zm00001eb136700	DD
Zm00001eb423350	DD
Zm00001eb066090	DD
Zm00001eb338250	DD
Zm00001eb057290	DD
Zm00001eb304950	DD
Zm00001eb278780	DD
Zm00001eb186680	DD
Zm00001eb059570	DD
Zm00001eb211820	DD
Zm00001eb281980	DD
Zm00001eb393850	DD
Zm00001eb091550	DD
Zm00001eb158760	DD
Zm00001eb025120	DD
Zm00001eb179760	DD
Zm00001eb118900	DD
Zm00001eb275790	DD
Zm00001eb336140	DD
Zm00001eb412080	DD
Zm00001eb168740	DD
Zm00001eb068570	DD
Zm00001eb282610	DD
Zm00001eb352640	DD
Zm00001eb110220	DD
Zm00001eb257740	DD
Zm00001eb305330	DD
Zm00001eb275420	DD
Zm00001eb127140	DD
Zm00001eb172560	DD
Zm00001eb164970	DD
Zm00001eb072550	DD
Zm00001eb207280	DD
Zm00001eb034400	DD
Zm00001eb203680	DD
Zm00001eb309460	DD
Zm00001eb025980	DD
Zm00001eb068080	DD
Zm00001eb357090	DD
Zm00001eb319980	DD
Zm00001eb104900	DD
Zm00001eb203590	DD
Zm00001eb131610	DD
Zm00001eb250840	DD
Zm00001eb261780	DD
Zm00001eb408840	DD
Zm00001eb287460	DD
Zm00001eb368890	DD
Zm00001eb177620	DD
Zm00001eb218570	DD
Zm00001eb226540	DD
Zm00001eb229110	DD
Zm00001eb281270	DD
Zm00001eb351080	DD
Zm00001eb284530	DD
Zm00001eb236030	DD
Zm00001eb203280	DD
Zm00001eb216540	DD
Zm00001eb356350	DD
Zm00001eb204080	DD
Zm00001eb235230	DD
Zm00001eb434240	DD
Zm00001eb339260	DD
Zm00001eb079160	DD
Zm00001eb379400	DD
Zm00001eb081630	DD
Zm00001eb365000	DD
Zm00001eb372260	DD
Zm00001eb017460	DD
Zm00001eb276160	DD
Zm00001eb305050	DD
Zm00001eb305120	DD
Zm00001eb286470	DD
Zm00001eb351190	DD
Zm00001eb421440	DD
Zm00001eb226610	DD
Zm00001eb239300	DD
Zm00001eb086760	DD
Zm00001eb279410	DD
Zm00001eb322380	DD
Zm00001eb405420	DD
Zm00001eb156980	DD
Zm00001eb280870	DD
Zm00001eb180540	DD
Zm00001eb373830	DD
Zm00001eb338830	DD
Zm00001eb422630	DD
Zm00001eb139120	DD
Zm00001eb419880	DD
Zm00001eb200800	DD
Zm00001eb240310	DD
Zm00001eb215830	DD
Zm00001eb191320	DD
Zm00001eb270500	DD
Zm00001eb086100	DD
Zm00001eb143890	DD
Zm00001eb086540	DD
Zm00001eb391510	DD
Zm00001eb237840	DD
Zm00001eb350690	DD
Zm00001eb225930	DD
Zm00001eb203920	DD
Zm00001eb350580	DD
Zm00001eb192840	DD
Zm00001eb383270	DD
Zm00001eb380100	DD
Zm00001eb204030	DD
Zm00001eb373320	DD
Zm00001eb039180	DD
Zm00001eb238220	DD
Zm00001eb034910	DD
Zm00001eb353220	DD
Zm00001eb258640	DD
Zm00001eb232090	DD
Zm00001eb338220	DD
Zm00001eb266200	DD
Zm00001eb202030	DD
Zm00001eb318410	DD
Zm00001eb165010	DD
Zm00001eb167600	DD
Zm00001eb025010	DD
Zm00001eb356570	DD
Zm00001eb246840	DD
Zm00001eb085740	DD
Zm00001eb243710	DD
Zm00001eb273030	DD
Zm00001eb233330	DD
Zm00001eb317980	DD
Zm00001eb197190	DD
Zm00001eb311880	DD
Zm00001eb311890	DD
Zm00001eb182600	DD
Zm00001eb174180	DD
Zm00001eb109850	DD
Zm00001eb105480	DD
Zm00001eb183630	DD
Zm00001eb008900	DD
Zm00001eb101970	DD
Zm00001eb338120	DD
Zm00001eb041420	DD
Zm00001eb285570	DD
Zm00001eb346200	DD
Zm00001eb028170	DD
Zm00001eb112520	DD
Zm00001eb112530	DD
Zm00001eb306090	DD
Zm00001eb101440	DD
Zm00001eb119380	DD
Zm00001eb234910	DD
Zm00001eb130660	DD
Zm00001eb094880	DD
Zm00001eb383040	DD
Zm00001eb122610	DD
Zm00001eb297800	DD
Zm00001eb238120	DD
Zm00001eb006020	DD
Zm00001eb385870	DD
Zm00001eb042680	DD
Zm00001eb208880	DD
Zm00001eb354940	DD
Zm00001eb139880	DD
Zm00001eb106520	DD
Zm00001eb385570	DD
Zm00001eb219130	DD
Zm00001eb224330	DD
Zm00001eb429590	DD
Zm00001eb336840	DD
Zm00001eb110420	DD
Zm00001eb260090	DD
Zm00001eb383510	DD
Zm00001eb202950	DD
Zm00001eb034640	DD
Zm00001eb207360	DD
Zm00001eb289030	DD
Zm00001eb063680	DD
Zm00001eb103780	DD
Zm00001eb073700	DD
Zm00001eb330950	DD
Zm00001eb246400	DD
Zm00001eb280220	DD
Zm00001eb072430	DD
Zm00001eb404090	DD
Zm00001eb386800	DD
Zm00001eb154900	DD
Zm00001eb026230	DD
Zm00001eb185910	DD
Zm00001eb038170	DD
Zm00001eb296300	DD
Zm00001eb321550	DD
Zm00001eb367650	DD
Zm00001eb385860	DD
Zm00001eb211570	DD
Zm00001eb249060	DD
Zm00001eb017340	DD
Zm00001eb241210	DD
Zm00001eb362060	DD
Zm00001eb049020	DD
Zm00001eb235600	DD
Zm00001eb373810	DD
Zm00001eb072950	DD
Zm00001eb087880	DD
Zm00001eb181650	DD
Zm00001eb090210	DD
Zm00001eb072070	DD
Zm00001eb221320	DD
Zm00001eb349030	DD
Zm00001eb311710	DD
Zm00001eb420460	DD
Zm00001eb391910	DD
Zm00001eb321780	DD
Zm00001eb047290	DD
Zm00001eb408600	DD
Zm00001eb168270	DD
Zm00001eb164010	DD
Zm00001eb246680	DD
Zm00001eb377990	DD
Zm00001eb244190	DD
Zm00001eb059000	DD
Zm00001eb054260	DD
Zm00001eb041480	DD
Zm00001eb165200	DD
Zm00001eb343890	DD
Zm00001eb391100	DD
Zm00001eb422890	DD
Zm00001eb338260	DD
Zm00001eb043670	DD
Zm00001eb239440	DD
Zm00001eb379360	DD
Zm00001eb315800	DD
Zm00001eb227420	DD
Zm00001eb306590	DD
Zm00001eb365030	DD
Zm00001eb025500	DD
Zm00001eb274430	DD
Zm00001eb308830	DD
Zm00001eb132450	DD
Zm00001eb082010	DD
Zm00001eb186110	DD
Zm00001eb008190	DD
Zm00001eb128950	DD
Zm00001eb137160	DD
Zm00001eb266480	DD
Zm00001eb083410	DD
Zm00001eb311400	DD
Zm00001eb006260	DD
Zm00001eb016710	DD
Zm00001eb278860	DD
Zm00001eb058180	DD
Zm00001eb351260	DD
Zm00001eb232290	DD
Zm00001eb230010	DD
Zm00001eb174170	DD
Zm00001eb179970	DD
Zm00001eb192920	DD
Zm00001eb022990	DD
Zm00001eb072730	DD
Zm00001eb035610	DD
Zm00001eb163870	DD
Zm00001eb432130	DD
Zm00001eb345030	DD
Zm00001eb003540	DD
Zm00001eb175920	DD
Zm00001eb214480	DD
Zm00001eb389310	DD
Zm00001eb242190	DD
Zm00001eb196370	DD
Zm00001eb185270	DD
Zm00001eb224340	DD
Zm00001eb057460	DD
Zm00001eb185550	DD
Zm00001eb242790	DD
Zm00001eb392800	DD
Zm00001eb086070	DD
Zm00001eb416120	DD
Zm00001eb174810	DD
Zm00001eb275480	DD
Zm00001eb310920	DD
Zm00001eb287140	DD
Zm00001eb117950	DD
Zm00001eb300650	DD
Zm00001eb331820	DD
Zm00001eb157390	DD
Zm00001eb389610	DD
Zm00001eb179520	DD
Zm00001eb335180	DD
Zm00001eb261130	DD
Zm00001eb268600	DD
Zm00001eb043560	DD
Zm00001eb243660	DD
Zm00001eb234590	DD
Zm00001eb228490	DD
Zm00001eb390250	DD
Zm00001eb213720	DD
Zm00001eb299440	DD
Zm00001eb116980	DD
Zm00001eb268190	DD
Zm00001eb108160	DD
Zm00001eb003840	DD
Zm00001eb130830	DD
Zm00001eb100740	DD
Zm00001eb081790	DD
Zm00001eb268680	DD
Zm00001eb412120	DD
Zm00001eb187400	DD
Zm00001eb031480	DD
Zm00001eb195720	DD
Zm00001eb403010	DD
Zm00001eb039270	DD
Zm00001eb278160	DD
Zm00001eb354690	DD
Zm00001eb212160	DD
Zm00001eb042060	DD
Zm00001eb372620	DD
Zm00001eb077040	DD
Zm00001eb238520	DD
Zm00001eb280450	DD
Zm00001eb287360	DD
Zm00001eb151600	DD
Zm00001eb310800	DD
Zm00001eb133960	DD
Zm00001eb359270	DD
Zm00001eb243670	DD
Zm00001eb387850	DD
Zm00001eb209270	DD
Zm00001eb313220	DD
Zm00001eb281200	DD
Zm00001eb084010	DD
Zm00001eb317630	DD
Zm00001eb279040	DD
Zm00001eb141590	DD
Zm00001eb382910	DD
Zm00001eb348260	DD
Zm00001eb154570	DD
Zm00001eb046830	DD
Zm00001eb230580	DD
Zm00001eb319480	DD
Zm00001eb423080	DD
Zm00001eb028770	DD
Zm00001eb080370	DD
Zm00001eb228030	DD
Zm00001eb264950	DD
Zm00001eb100030	DD
Zm00001eb184840	DD
Zm00001eb232660	DD
Zm00001eb247900	DD
Zm00001eb396170	DD
Zm00001eb113840	DD
Zm00001eb168630	DD
Zm00001eb284280	DD
Zm00001eb073910	DD
Zm00001eb172040	DD
Zm00001eb247940	DD
Zm00001eb247970	DD
Zm00001eb247980	DD
Zm00001eb011340	DD
Zm00001eb247960	DD
Zm00001eb398250	DD
Zm00001eb005500	DD
Zm00001eb379280	DD
Zm00001eb017240	DD
Zm00001eb347120	DD
Zm00001eb044040	DD
Zm00001eb354870	DD
Zm00001eb359910	DD
Zm00001eb076980	DD
Zm00001eb292270	DD
Zm00001eb193750	DD
Zm00001eb279800	DD
Zm00001eb381850	DD
Zm00001eb124010	DD
Zm00001eb039160	DD
Zm00001eb033220	DD
Zm00001eb360870	DD
Zm00001eb103140	DD
Zm00001eb021720	DD
Zm00001eb040420	DD
Zm00001eb090290	DD
Zm00001eb095920	DD
Zm00001eb211220	DD
Zm00001eb169020	DD
Zm00001eb268150	DD
Zm00001eb024000	DD
Zm00001eb056620	DD
Zm00001eb385910	DD
Zm00001eb303870	DD
Zm00001eb070150	DD
Zm00001eb111500	DD
Zm00001eb180130	DD
Zm00001eb065390	DD
Zm00001eb046050	DD
Zm00001eb221910	DD
Zm00001eb064030	DD
Zm00001eb038830	DD
Zm00001eb248070	DD
Zm00001eb045450	DD
Zm00001eb369740	DD
Zm00001eb343280	DD
Zm00001eb006370	DD
Zm00001eb091410	DD
Zm00001eb083480	DD
Zm00001eb198040	DD
Zm00001eb317880	DD
Zm00001eb377820	DD
Zm00001eb395830	DD
Zm00001eb406880	DD
Zm00001eb198750	DD
Zm00001eb260250	DD
Zm00001eb415440	DD
Zm00001eb001830	DD
Zm00001eb369490	DD
Zm00001eb381150	DD
Zm00001eb083160	DD
Zm00001eb121570	DD
Zm00001eb397020	DD
Zm00001eb168400	DD
Zm00001eb293090	DD
Zm00001eb428520	DD
Zm00001eb048700	DD
Zm00001eb174020	DD
Zm00001eb267460	DD
Zm00001eb183020	DD
Zm00001eb050560	DD
Zm00001eb381070	DD
Zm00001eb186870	DD
Zm00001eb271510	DD
Zm00001eb303230	DD
Zm00001eb004280	DD
Zm00001eb170120	DD
Zm00001eb023000	DD
Zm00001eb181220	DD
Zm00001eb021100	DD
Zm00001eb032100	DD
Zm00001eb365900	DD
Zm00001eb340100	DD
Zm00001eb017040	DD
Zm00001eb197290	DD
Zm00001eb336200	DD
Zm00001eb148200	DD
Zm00001eb346530	DD
Zm00001eb354420	DD
Zm00001eb338200	DD
Zm00001eb102870	DD
Zm00001eb303350	DD
Zm00001eb138100	DD
Zm00001eb409270	DD
Zm00001eb263650	DD
Zm00001eb264040	DD
Zm00001eb262360	DD
Zm00001eb263510	DD
Zm00001eb263630	DD
Zm00001eb263640	DD
Zm00001eb263660	DD
Zm00001eb263680	DD
Zm00001eb263690	DD
Zm00001eb263710	DD
Zm00001eb263730	DD
Zm00001eb263750	DD
Zm00001eb263920	DD
Zm00001eb263930	DD
Zm00001eb263960	DD
Zm00001eb263980	DD
Zm00001eb264020	DD
Zm00001eb411360	DD
Zm00001eb263420	DD
Zm00001eb263490	DD
Zm00001eb263940	DD
Zm00001eb180730	DD
Zm00001eb351280	DD
Zm00001eb417940	DD
Zm00001eb174270	DD
Zm00001eb408550	DD
Zm00001eb068500	DD
Zm00001eb299710	DD
Zm00001eb171350	DD
Zm00001eb259860	DD
Zm00001eb099850	DD
Zm00001eb165180	DD
Zm00001eb197860	DD
Zm00001eb262410	DD
Zm00001eb262440	DD
Zm00001eb262450	DD
Zm00001eb088300	DD
Zm00001eb138070	DD
Zm00001eb270040	DD
Zm00001eb149320	DD
Zm00001eb119530	DD
Zm00001eb400930	DD
Zm00001eb166410	DD
Zm00001eb175590	DD
Zm00001eb219680	DD
Zm00001eb138710	DD
Zm00001eb113910	DD
Zm00001eb279110	DD
Zm00001eb287050	DD
Zm00001eb265580	DD
Zm00001eb351670	DD
Zm00001eb076500	DD
Zm00001eb354960	DD
Zm00001eb372850	DD
Zm00001eb111400	DD
Zm00001eb123620	DD
Zm00001eb282120	DD
Zm00001eb124220	DD
Zm00001eb388430	DD
Zm00001eb123720	DD
Zm00001eb353990	DD
Zm00001eb210560	DD
Zm00001eb340110	DD
Zm00001eb156160	DD
Zm00001eb226980	DD
Zm00001eb362130	DD
Zm00001eb424860	DD
Zm00001eb068060	DD
Zm00001eb015920	DD
Zm00001eb272990	DD
Zm00001eb419380	DD
Zm00001eb279790	DD
Zm00001eb354400	DD
Zm00001eb125490	DD
Zm00001eb384090	DD
Zm00001eb132730	DD
Zm00001eb130450	DD
Zm00001eb340730	DD
Zm00001eb109490	DD
Zm00001eb027120	DD
Zm00001eb412250	DD
Zm00001eb383610	DD
Zm00001eb362920	DD
Zm00001eb138720	DD
Zm00001eb374820	DD
Zm00001eb169980	DD
Zm00001eb162650	DD
Zm00001eb173290	DD
Zm00001eb076140	DD
Zm00001eb320120	DD
Zm00001eb141460	DD
Zm00001eb293990	DD
Zm00001eb412790	DD
Zm00001eb180480	DD
Zm00001eb046190	DD
Zm00001eb147930	DD
Zm00001eb000740	DD
Zm00001eb126990	DD
Zm00001eb022860	DD
Zm00001eb042570	DD
Zm00001eb132500	DD
Zm00001eb123980	DD
Zm00001eb249190	DD
Zm00001eb182150	DD
Zm00001eb236390	DD
Zm00001eb374990	DD
Zm00001eb071210	DD
Zm00001eb249790	DD
Zm00001eb174070	DD
Zm00001eb270550	DD
Zm00001eb240220	DD
Zm00001eb337480	DD
Zm00001eb098810	DD
Zm00001eb105920	DD
Zm00001eb368110	DD
Zm00001eb131920	DD
Zm00001eb376670	DD
Zm00001eb055110	DD
Zm00001eb094010	DD
Zm00001eb010540	DD
Zm00001eb065160	DD
Zm00001eb024590	DD
Zm00001eb430340	DD
Zm00001eb058000	DD
Zm00001eb335480	DD
Zm00001eb057440	DD
Zm00001eb379190	DD
Zm00001eb083000	DD
Zm00001eb201480	DD
Zm00001eb182930	DD
Zm00001eb106370	DD
Zm00001eb023940	DD
Zm00001eb376510	DD
Zm00001eb108990	DD
Zm00001eb268750	DD
Zm00001eb304090	DD
Zm00001eb126130	DD
Zm00001eb045210	DD
Zm00001eb310620	DD
Zm00001eb433710	DD
Zm00001eb285090	DD
Zm00001eb347200	DD
Zm00001eb378880	DD
Zm00001eb412100	DD
Zm00001eb205270	DD
Zm00001eb339450	DD
Zm00001eb160530	DD
Zm00001eb113300	DD
Zm00001eb309450	DD
Zm00001eb120410	DD
Zm00001eb165650	DD
Zm00001eb377270	DD
Zm00001eb308010	DD
Zm00001eb329940	DD
Zm00001eb386030	DD
Zm00001eb093090	DD
Zm00001eb063080	DD
Zm00001eb220430	DD
Zm00001eb225840	DD
Zm00001eb156990	DD
Zm00001eb290190	DD
Zm00001eb048390	DD
Zm00001eb046310	DD
Zm00001eb427550	DD
Zm00001eb237650	DD
Zm00001eb350680	DD
Zm00001eb181730	DD
Zm00001eb055580	DD
Zm00001eb355600	DD
Zm00001eb343530	DD
Zm00001eb192060	DD
Zm00001eb421670	DD
Zm00001eb226420	DD
Zm00001eb023470	DD
Zm00001eb223690	DD
Zm00001eb320650	DD
Zm00001eb030010	DD
Zm00001eb173440	DD
Zm00001eb022500	DD
Zm00001eb157050	DD
Zm00001eb372580	DD
Zm00001eb318680	DD
Zm00001eb121340	DD
Zm00001eb080320	DD
Zm00001eb351270	DD
Zm00001eb342160	DD
Zm00001eb168110	DD
Zm00001eb222750	DD
Zm00001eb259650	DD
Zm00001eb307420	DD
Zm00001eb217770	DD
Zm00001eb359710	DD
Zm00001eb138810	DD
Zm00001eb060710	DD
Zm00001eb196440	DD
Zm00001eb122000	DD
Zm00001eb259990	DD
Zm00001eb063940	DD
Zm00001eb107860	DD
Zm00001eb001100	DD
Zm00001eb411180	DD
Zm00001eb109200	DD
Zm00001eb226060	DD
Zm00001eb315810	DD
Zm00001eb181430	DD
Zm00001eb386940	DD
Zm00001eb283640	DD
Zm00001eb283800	DD
Zm00001eb095270	DD
Zm00001eb272100	DD
Zm00001eb372350	DD
Zm00001eb389930	DD
Zm00001eb210260	DD
Zm00001eb305500	DD
Zm00001eb409490	DD
Zm00001eb236750	DD
Zm00001eb159720	DD
Zm00001eb013350	DD
Zm00001eb081180	DD
Zm00001eb387540	DD
Zm00001eb067680	DD
Zm00001eb233980	DD
Zm00001eb372630	DD
Zm00001eb389160	DD
Zm00001eb297210	DD
Zm00001eb300200	DD
Zm00001eb297220	DD
Zm00001eb300190	DD
Zm00001eb392360	DD
Zm00001eb388770	DD
Zm00001eb169170	DD
Zm00001eb009750	DD
Zm00001eb019490	DD
Zm00001eb173750	DD
Zm00001eb042280	DD
Zm00001eb120490	DD
Zm00001eb126550	DD
Zm00001eb082420	DD
Zm00001eb053760	DD
Zm00001eb132660	DD
Zm00001eb114100	DD
Zm00001eb296980	DD
Zm00001eb042380	DD
Zm00001eb132550	DD
Zm00001eb341870	DD
Zm00001eb277810	DD
Zm00001eb168130	DD
Zm00001eb386580	DD
Zm00001eb256400	DD
Zm00001eb117600	DD
Zm00001eb203180	DD
Zm00001eb247410	DD
Zm00001eb086880	DD
Zm00001eb385900	DD
Zm00001eb196850	DD
Zm00001eb091100	DD
Zm00001eb377190	DD
Zm00001eb266700	DD
Zm00001eb101110	DD
Zm00001eb278170	DD
Zm00001eb267720	DD
Zm00001eb284200	DD
Zm00001eb176150	DD
Zm00001eb385380	DD
Zm00001eb298280	DD
Zm00001eb282920	DD
Zm00001eb337810	DD
Zm00001eb211610	DD
Zm00001eb169440	DD
Zm00001eb283930	DD
Zm00001eb203840	DD
Zm00001eb024860	DD
Zm00001eb335440	DD
Zm00001eb087950	DD
Zm00001eb086130	DD
Zm00001eb223430	DD
Zm00001eb265720	DD
Zm00001eb252270	DD
Zm00001eb249820	DD
Zm00001eb087570	DD
Zm00001eb267020	DD
Zm00001eb019990	DD
Zm00001eb266790	DD
Zm00001eb045870	DD
Zm00001eb032540	DD
Zm00001eb019770	DD
Zm00001eb166820	DD
Zm00001eb356160	DD
Zm00001eb069620	DD
Zm00001eb091240	DD
Zm00001eb323950	DD
Zm00001eb244580	DD
Zm00001eb044290	DD
Zm00001eb169810	DD
Zm00001eb306870	DD
Zm00001eb098840	DD
Zm00001eb021570	DD
Zm00001eb378780	DD
Zm00001eb309240	DD
Zm00001eb379730	DD
Zm00001eb128800	DD
Zm00001eb088160	DD
Zm00001eb102130	DD
Zm00001eb214780	DD
Zm00001eb419730	DD
Zm00001eb054470	DD
Zm00001eb190390	DD
Zm00001eb340210	DD
Zm00001eb378580	DD
Zm00001eb008350	DD
Zm00001eb167020	DD
Zm00001eb128380	DD
Zm00001eb379820	DD
Zm00001eb371520	DD
Zm00001eb381410	DD
Zm00001eb279500	DD
Zm00001eb353630	DD
Zm00001eb012560	DD
Zm00001eb028300	DD
Zm00001eb123530	DD
Zm00001eb032770	DD
Zm00001eb043100	DD
Zm00001eb315680	DD
Zm00001eb347740	DD
Zm00001eb381880	DD
Zm00001eb169000	DD
Zm00001eb334020	DD
Zm00001eb417040	DD
Zm00001eb252530	DD
Zm00001eb212290	DD
Zm00001eb129080	DD
Zm00001eb203980	DD
Zm00001eb071900	DD
Zm00001eb078790	DD
Zm00001eb166300	DD
Zm00001eb433140	DD
Zm00001eb191430	DD
Zm00001eb409780	DD
Zm00001eb384210	DD
Zm00001eb369980	DD
Zm00001eb345950	DD
Zm00001eb350250	DD
Zm00001eb290490	DD
Zm00001eb185140	DD
Zm00001eb130980	DD
Zm00001eb388840	DD
Zm00001eb035770	DD
Zm00001eb133420	DD
Zm00001eb412620	DD
Zm00001eb032740	DD
Zm00001eb287570	DD
Zm00001eb146630	DD
Zm00001eb218240	DD
Zm00001eb270900	DD
Zm00001eb094260	DD
Zm00001eb063500	DD
Zm00001eb126620	DD
Zm00001eb356190	DD
Zm00001eb163290	DD
Zm00001eb347040	DD
Zm00001eb164650	DD
Zm00001eb355100	DD
Zm00001eb319360	DD
Zm00001eb339320	DD
Zm00001eb416830	DD
Zm00001eb406540	DD
Zm00001eb227520	DD
Zm00001eb118070	DD
Zm00001eb298730	DD
Zm00001eb129920	DD
Zm00001eb277460	DD
Zm00001eb220780	DD
Zm00001eb160390	DD
Zm00001eb403610	DD
Zm00001eb419860	DD
Zm00001eb165410	DD
Zm00001eb122200	DD
Zm00001eb004640	DD
Zm00001eb346000	DD
Zm00001eb350630	DD
Zm00001eb095940	DD
Zm00001eb133900	DD
Zm00001eb065410	DD
Zm00001eb117630	DD
Zm00001eb022690	DD
Zm00001eb330140	DD
Zm00001eb385300	DD
Zm00001eb116650	DD
Zm00001eb123820	DD
Zm00001eb120570	DD
Zm00001eb431010	DD
Zm00001eb053930	DD
Zm00001eb240910	DD
Zm00001eb368900	DD
Zm00001eb018170	DD
Zm00001eb346010	DD
Zm00001eb230770	DD
Zm00001eb363310	DD
Zm00001eb285450	DD
Zm00001eb420170	DD
Zm00001eb066140	DD
Zm00001eb346370	DD
Zm00001eb276860	DD
Zm00001eb125140	DD
Zm00001eb320580	DD
Zm00001eb414750	DD
Zm00001eb334060	DD
Zm00001eb334050	DD
Zm00001eb272860	DD
Zm00001eb382100	DD
Zm00001eb211920	DD
Zm00001eb390430	DD
Zm00001eb185170	DD
Zm00001eb194790	DD
Zm00001eb317670	DD
Zm00001eb345670	DD
Zm00001eb430950	DD
Zm00001eb092970	DD
Zm00001eb290170	DD
Zm00001eb270830	DD
Zm00001eb110200	DD
Zm00001eb206570	DD
Zm00001eb049750	DD
Zm00001eb303420	DD
Zm00001eb400850	DD
Zm00001eb207240	DD
Zm00001eb308360	DD
Zm00001eb038600	DD
Zm00001eb383810	DD
Zm00001eb122330	DD
Zm00001eb236610	DD
Zm00001eb205720	DD
Zm00001eb396800	DD
Zm00001eb136290	DD
Zm00001eb044510	DD
Zm00001eb412690	DD
Zm00001eb115730	DD
Zm00001eb134790	DD
Zm00001eb020250	DD
Zm00001eb356280	DD
Zm00001eb322710	DD
Zm00001eb302370	DD
Zm00001eb377300	DD
Zm00001eb380030	DD
Zm00001eb264890	DD
Zm00001eb112710	DD
Zm00001eb097240	DD
Zm00001eb350590	DD
Zm00001eb143040	DD
Zm00001eb297850	DD
Zm00001eb160560	DD
Zm00001eb292510	DD
Zm00001eb095740	DD
Zm00001eb011820	DD
Zm00001eb214590	DD
Zm00001eb348470	DD
Zm00001eb007250	DD
Zm00001eb130300	DD
Zm00001eb157600	DD
Zm00001eb207120	DD
Zm00001eb411890	DD
Zm00001eb016990	DD
Zm00001eb285920	DD
Zm00001eb224730	DD
Zm00001eb233700	DD
Zm00001eb268620	DD
Zm00001eb430140	DD
Zm00001eb208540	DD
Zm00001eb249890	DD
Zm00001eb338140	DD
Zm00001eb063470	DD
Zm00001eb430980	DD
Zm00001eb021670	DD
Zm00001eb130370	DD
Zm00001eb315530	DD
Zm00001eb166810	DD
Zm00001eb273430	DD
Zm00001eb261160	DD
Zm00001eb387180	DD
Zm00001eb160880	DD
Zm00001eb240060	DD
Zm00001eb404970	DD
Zm00001eb405230	DD
Zm00001eb001660	DD
Zm00001eb000910	DD
Zm00001eb130030	DD
Zm00001eb194570	DD
Zm00001eb002000	DD
Zm00001eb175130	DD
Zm00001eb138210	DD
Zm00001eb262580	DD
Zm00001eb409630	DD
Zm00001eb173670	DD
Zm00001eb180460	DD
Zm00001eb386090	DD
Zm00001eb176180	DD
Zm00001eb405320	DD
Zm00001eb038640	DD
Zm00001eb132780	DD
Zm00001eb087590	DD
Zm00001eb138420	DD
Zm00001eb219910	DD
Zm00001eb219920	DD
Zm00001eb227070	DD
Zm00001eb369970	DD
Zm00001eb285030	DD
Zm00001eb346150	DD
Zm00001eb057620	DD
Zm00001eb054220	DD
Zm00001eb352390	DD
Zm00001eb071380	DD
Zm00001eb055510	DD
Zm00001eb144310	DD
Zm00001eb008650	DD
Zm00001eb431400	DD
Zm00001eb087370	DD
Zm00001eb059440	DD
Zm00001eb005100	DD
Zm00001eb403450	DD
Zm00001eb066730	DD
Zm00001eb267930	DD
Zm00001eb311600	DD
Zm00001eb262910	DD
Zm00001eb051130	DD
Zm00001eb158710	DD
Zm00001eb074000	DD
Zm00001eb079690	DD
Zm00001eb135610	DD
Zm00001eb250850	DD
Zm00001eb353170	DD
Zm00001eb306820	DD
Zm00001eb040570	DD
Zm00001eb170590	DD
Zm00001eb400740	DD
Zm00001eb224280	DD
Zm00001eb353080	DD
Zm00001eb002740	DD
Zm00001eb120220	DD
Zm00001eb196740	DD
Zm00001eb112840	DD
Zm00001eb135190	DD
Zm00001eb208590	DD
Zm00001eb360890	DD
Zm00001eb199450	DD
Zm00001eb163010	DD
Zm00001eb359060	DD
Zm00001eb206070	DD
Zm00001eb029210	DD
Zm00001eb196270	DD
Zm00001eb232720	DD
Zm00001eb045280	DD
Zm00001eb378040	DD
Zm00001eb098240	DD
Zm00001eb339100	DD
Zm00001eb393560	DD
Zm00001eb285870	DD
Zm00001eb122730	DD
Zm00001eb072520	DD
Zm00001eb222580	DD
Zm00001eb336150	DD
Zm00001eb114780	DD
Zm00001eb433570	DD
Zm00001eb367010	DD
Zm00001eb329710	DD
Zm00001eb202090	DD
Zm00001eb183240	DD
Zm00001eb229980	DD
Zm00001eb002070	DD
Zm00001eb036670	DD
Zm00001eb152510	DD
Zm00001eb240660	DD
Zm00001eb023290	DD
Zm00001eb157220	DD
Zm00001eb153390	DD
Zm00001eb157200	DD
Zm00001eb157230	DD
Zm00001eb423630	DD
Zm00001eb423620	DD
Zm00001eb295360	DD
Zm00001eb227530	DD
Zm00001eb261370	DD
Zm00001eb109920	DD
Zm00001eb223360	DD
Zm00001eb374490	DD
Zm00001eb062790	DD
Zm00001eb393230	DD
Zm00001eb344570	DD
Zm00001eb023990	DD
Zm00001eb112880	DD
Zm00001eb117090	DD
Zm00001eb286420	DD
Zm00001eb414410	DD
Zm00001eb014140	DD
Zm00001eb346950	DD
Zm00001eb283600	DD
Zm00001eb038460	DD
Zm00001eb040850	DD
Zm00001eb365130	DD
Zm00001eb165430	DD
Zm00001eb176640	DD
Zm00001eb159890	DD
Zm00001eb086790	DD
Zm00001eb153890	DD
Zm00001eb066360	DD
Zm00001eb221340	DD
Zm00001eb111440	DD
Zm00001eb342450	DD
Zm00001eb418450	DD
Zm00001eb041440	DD
Zm00001eb098470	DD
Zm00001eb023820	DD
Zm00001eb182590	DD
Zm00001eb256350	DD
Zm00001eb284720	DD
Zm00001eb154450	DD
Zm00001eb127360	DD
Zm00001eb021900	DD
Zm00001eb096290	DD
Zm00001eb047630	DD
Zm00001eb259440	DD
Zm00001eb226760	DD
Zm00001eb229920	DD
Zm00001eb137750	DD
Zm00001eb302610	DD
Zm00001eb302600	DD
Zm00001eb032860	DD
Zm00001eb044170	DD
Zm00001eb404110	DD
Zm00001eb056280	DD
Zm00001eb257320	DD
Zm00001eb201510	DD
Zm00001eb357980	DD
Zm00001eb117970	DD
Zm00001eb056630	DD
Zm00001eb301290	DD
Zm00001eb217790	DD
Zm00001eb088840	DD
Zm00001eb338070	DD
Zm00001eb168820	DD
Zm00001eb254030	DD
Zm00001eb287810	DD
Zm00001eb149060	DD
Zm00001eb037750	DD
Zm00001eb347000	DD
Zm00001eb317650	DD
Zm00001eb379540	DD
Zm00001eb001790	DD
Zm00001eb369590	DD
Zm00001eb231510	DD
Zm00001eb282040	DD
Zm00001eb283290	DD
Zm00001eb203550	DD
Zm00001eb278340	DD
Zm00001eb112450	DD
Zm00001eb115740	DD
Zm00001eb302240	DD
Zm00001eb257180	DD
Zm00001eb302230	DD
Zm00001eb215460	DD
Zm00001eb171070	DD
Zm00001eb140100	DD
Zm00001eb431650	DD
Zm00001eb362110	DD
Zm00001eb398140	DD
Zm00001eb106480	DD
Zm00001eb120270	DD
Zm00001eb264230	DD
Zm00001eb419970	DD
Zm00001eb029000	DD
Zm00001eb260780	DD
Zm00001eb411010	DD
Zm00001eb134000	DD
Zm00001eb116430	DD
Zm00001eb003390	DD
Zm00001eb065180	DD
Zm00001eb133680	DD
Zm00001eb244820	DD
Zm00001eb197460	DD
Zm00001eb336190	DD
Zm00001eb325060	DD
Zm00001eb078540	DD
Zm00001eb259760	DD
Zm00001eb142410	DD
Zm00001eb233990	DD
Zm00001eb356120	DD
Zm00001eb310460	DD
Zm00001eb405050	DD
Zm00001eb141610	DD
Zm00001eb423500	DD
Zm00001eb365120	DD
Zm00001eb423490	DD
Zm00001eb302970	DD
Zm00001eb134830	DD
Zm00001eb412570	DD
Zm00001eb242970	DD
Zm00001eb347220	DD
Zm00001eb122080	DD
Zm00001eb204160	DD
Zm00001eb365780	DD
Zm00001eb228440	DD
Zm00001eb181110	DD
Zm00001eb325490	DD
Zm00001eb304970	DD
Zm00001eb087610	DD
Zm00001eb320710	DD
Zm00001eb044020	DD
Zm00001eb272440	DD
Zm00001eb352290	DD
Zm00001eb199800	DD
Zm00001eb387880	DD
Zm00001eb094610	DD
Zm00001eb174340	DD
Zm00001eb064510	DD
Zm00001eb287530	DD
Zm00001eb306050	DD
Zm00001eb354330	DD
Zm00001eb094710	DD
Zm00001eb290030	DD
Zm00001eb366000	DD
Zm00001eb309490	DD
Zm00001eb317280	DD
Zm00001eb168540	DD
Zm00001eb307550	DD
Zm00001eb003510	DD
Zm00001eb350420	DD
Zm00001eb216030	DD
Zm00001eb345340	DD
Zm00001eb360350	DD
Zm00001eb299550	DD
Zm00001eb405200	DD
Zm00001eb368290	DD
Zm00001eb215960	DD
Zm00001eb361710	DD
Zm00001eb308980	DD
Zm00001eb344460	DD
Zm00001eb268120	DD
Zm00001eb378900	DD
Zm00001eb166440	DD
Zm00001eb393190	DD
Zm00001eb122770	DD
Zm00001eb071150	DD
Zm00001eb322400	DD
Zm00001eb105280	DD
Zm00001eb243030	DD
Zm00001eb249310	DD
Zm00001eb176220	DD
Zm00001eb341810	DD
Zm00001eb321290	DD
Zm00001eb149150	DD
Zm00001eb234090	DD
Zm00001eb174620	DD
Zm00001eb287440	DD
Zm00001eb088930	DD
Zm00001eb325550	DD
Zm00001eb165950	DD
Zm00001eb223890	DD
Zm00001eb146320	DD
Zm00001eb095440	DD
Zm00001eb201250	DD
Zm00001eb252780	DD
Zm00001eb291490	DD
Zm00001eb414650	DD
Zm00001eb165980	DD
Zm00001eb270950	DD
Zm00001eb376660	DD
Zm00001eb033240	DD
Zm00001eb065630	DD
Zm00001eb008490	DD
Zm00001eb400330	DD
Zm00001eb029090	DD
Zm00001eb424560	DD
Zm00001eb427330	DD
Zm00001eb028160	DD
Zm00001eb272010	DD
Zm00001eb097830	DD
Zm00001eb198210	DD
Zm00001eb379380	DD
Zm00001eb037380	DD
Zm00001eb086740	DD
Zm00001eb382270	DD
Zm00001eb054310	DD
Zm00001eb295070	DD
Zm00001eb245360	DD
Zm00001eb171690	DD
Zm00001eb056720	DD
Zm00001eb217850	DD
Zm00001eb395820	DD
Zm00001eb234080	DD
Zm00001eb009150	DD
Zm00001eb208950	DD
Zm00001eb433780	DD
Zm00001eb070880	DD
Zm00001eb271030	DD
Zm00001eb411860	DD
Zm00001eb371200	DD
Zm00001eb091210	DD
Zm00001eb209780	DD
Zm00001eb046180	DD
Zm00001eb373690	DD
Zm00001eb361940	DD
Zm00001eb109530	DD
Zm00001eb234730	DD
Zm00001eb374100	DD
Zm00001eb040410	DD
Zm00001eb156960	DD
Zm00001eb366280	DD
Zm00001eb063170	DD
Zm00001eb346240	DD
Zm00001eb116750	DD
Zm00001eb350070	DD
Zm00001eb099690	DD
Zm00001eb206640	DD
Zm00001eb371600	DD
Zm00001eb398960	DD
Zm00001eb062290	DD
Zm00001eb026400	DD
Zm00001eb376860	DD
Zm00001eb372670	DD
Zm00001eb019460	DD
Zm00001eb293920	DD
Zm00001eb350520	DD
Zm00001eb393510	DD
Zm00001eb392310	DD
Zm00001eb207470	DD
Zm00001eb366680	DD
Zm00001eb167000	DD
Zm00001eb279980	DD
Zm00001eb029460	DD
Zm00001eb036080	DD
Zm00001eb065490	DD
Zm00001eb327280	DD
Zm00001eb282720	DD
Zm00001eb425980	DD
Zm00001eb003490	DD
Zm00001eb210620	DD
Zm00001eb338210	DD
Zm00001eb225960	DD
Zm00001eb327440	DD
Zm00001eb314830	DD
Zm00001eb280200	DD
Zm00001eb376390	DD
Zm00001eb156000	DD
Zm00001eb329650	DD
Zm00001eb043660	DD
Zm00001eb283410	DD
Zm00001eb020220	DD
Zm00001eb186390	DD
Zm00001eb285600	DD
Zm00001eb042780	DD
Zm00001eb064350	DD
Zm00001eb335630	DD
Zm00001eb249880	DD
Zm00001eb288990	DD
Zm00001eb115330	DD
Zm00001eb385010	DD
Zm00001eb413110	DD
Zm00001eb087110	DD
Zm00001eb236550	DD
Zm00001eb302420	DD
Zm00001eb137460	DD
Zm00001eb358520	DD
Zm00001eb056480	DD
Zm00001eb161840	DD
Zm00001eb172650	DD
Zm00001eb359970	DD
Zm00001eb408940	DD
Zm00001eb176790	DD
Zm00001eb302450	DD
Zm00001eb198300	DD
Zm00001eb070790	DD
Zm00001eb161380	DD
Zm00001eb224440	DD
Zm00001eb261870	DD
Zm00001eb028840	DD
Zm00001eb321190	DD
Zm00001eb309320	DD
Zm00001eb074120	DD
Zm00001eb003380	DD
Zm00001eb087910	DD
Zm00001eb101960	DD
Zm00001eb360380	DD
Zm00001eb191120	DD
Zm00001eb334300	DD
Zm00001eb249700	DD
Zm00001eb375710	DD
Zm00001eb227190	DD
Zm00001eb042070	DD
Zm00001eb264550	DD
Zm00001eb087090	DD
Zm00001eb114090	DD
Zm00001eb331690	DD
Zm00001eb053150	DD
Zm00001eb113520	DD
Zm00001eb053400	DD
Zm00001eb230250	DD
Zm00001eb162900	DD
Zm00001eb031630	DD
Zm00001eb000010	DD
Zm00001eb140110	DD
Zm00001eb411080	DD
Zm00001eb278240	DD
Zm00001eb064840	DD
Zm00001eb283940	DD
Zm00001eb111380	DD
Zm00001eb226460	DD
Zm00001eb407570	DD
Zm00001eb411220	DD
Zm00001eb414490	DD
Zm00001eb035740	DD
Zm00001eb144750	DD
Zm00001eb003570	DD
Zm00001eb200960	DD
Zm00001eb084960	DD
Zm00001eb385140	DD
Zm00001eb065310	DD
Zm00001eb195760	DD
Zm00001eb110800	DD
Zm00001eb097230	DD
Zm00001eb117550	DD
Zm00001eb138060	DD
Zm00001eb164030	DD
Zm00001eb233640	DD
Zm00001eb396860	DD
Zm00001eb182670	DD
Zm00001eb139230	DD
Zm00001eb187860	DD
Zm00001eb108640	DD
Zm00001eb280570	DD
Zm00001eb086820	DD
Zm00001eb367710	DD
Zm00001eb323500	DD
Zm00001eb323630	DD
Zm00001eb127560	DD
Zm00001eb117540	DD
Zm00001eb237550	DD
Zm00001eb207980	DD
Zm00001eb272070	DD
Zm00001eb427360	DD
Zm00001eb016900	DD
Zm00001eb059320	DD
Zm00001eb049220	DD
Zm00001eb402860	DD
Zm00001eb423240	DD
Zm00001eb042840	DD
Zm00001eb219170	DD
Zm00001eb173000	DD
Zm00001eb036820	DD
Zm00001eb372170	DD
Zm00001eb045520	DD
Zm00001eb122350	DD
Zm00001eb128320	DD
Zm00001eb187780	DD
Zm00001eb312310	DD
Zm00001eb071330	DD
Zm00001eb361570	DD
Zm00001eb089930	DD
Zm00001eb418570	DD
Zm00001eb258070	DD
Zm00001eb251360	DD
Zm00001eb209180	DD
Zm00001eb134260	DD
Zm00001eb304770	DD
Zm00001eb020770	DD
Zm00001eb170820	DD
Zm00001eb074110	DD
Zm00001eb028080	DD
Zm00001eb285190	DD
Zm00001eb017780	DD
Zm00001eb342820	DD
Zm00001eb130750	DD
Zm00001eb184060	DD
Zm00001eb211030	DD
Zm00001eb025060	DD
Zm00001eb329560	DD
Zm00001eb359100	DD
Zm00001eb048200	DD
Zm00001eb122680	DD
Zm00001eb351210	DD
Zm00001eb287230	DD
Zm00001eb362690	DD
Zm00001eb362680	DD
Zm00001eb210040	DD
Zm00001eb051570	DD
Zm00001eb073540	DD
Zm00001eb092810	DD
Zm00001eb195500	DD
Zm00001eb246850	DD
Zm00001eb327430	DD
Zm00001eb303610	DD
Zm00001eb308990	DD
Zm00001eb063120	DD
Zm00001eb139620	DD
Zm00001eb118360	DD
Zm00001eb171160	DD
Zm00001eb282790	DD
Zm00001eb165270	DD
Zm00001eb105750	DD
Zm00001eb098060	DD
Zm00001eb397030	DD
Zm00001eb155980	DD
Zm00001eb118700	DD
Zm00001eb163470	DD
Zm00001eb305750	DD
Zm00001eb196040	DD
Zm00001eb058920	DD
Zm00001eb251650	DD
Zm00001eb130870	DD
Zm00001eb340450	DD
Zm00001eb078900	DD
Zm00001eb037680	DD
Zm00001eb161720	DD
Zm00001eb241100	DD
Zm00001eb227660	DD
Zm00001eb194750	DD
Zm00001eb272680	DD
Zm00001eb278760	DD
Zm00001eb077780	DD
Zm00001eb347240	DD
Zm00001eb079550	DD
Zm00001eb069250	DD
Zm00001eb189880	DD
Zm00001eb364040	DD
Zm00001eb007060	DD
Zm00001eb275030	DD
Zm00001eb244750	DD
Zm00001eb419180	DD
Zm00001eb098830	DD
Zm00001eb156450	DD
Zm00001eb261730	DD
Zm00001eb076360	DD
Zm00001eb110480	DD
Zm00001eb314400	DD
Zm00001eb226630	DD
Zm00001eb341060	DD
Zm00001eb294100	DD
Zm00001eb367020	DD
Zm00001eb312660	DD
Zm00001eb005480	DD
Zm00001eb090200	DD
Zm00001eb203200	DD
Zm00001eb064230	DD
Zm00001eb292260	DD
Zm00001eb172460	DD
Zm00001eb280780	DD
Zm00001eb111260	DD
Zm00001eb390380	DD
Zm00001eb330460	DD
Zm00001eb203610	DD
Zm00001eb371450	DD
Zm00001eb375430	DD
Zm00001eb049260	DD
Zm00001eb072150	DD
Zm00001eb320660	DD
Zm00001eb333410	DD
Zm00001eb155110	DD
Zm00001eb381790	DD
Zm00001eb282840	DD
Zm00001eb264990	DD
Zm00001eb122040	DD
Zm00001eb346930	DD
Zm00001eb343700	DD
Zm00001eb121900	DD
Zm00001eb136000	DD
Zm00001eb098080	DD
Zm00001eb120980	DD
Zm00001eb256900	DD
Zm00001eb362500	DD
Zm00001eb411130	DD
Zm00001eb382120	DD
Zm00001eb419990	DD
Zm00001eb246460	DD
Zm00001eb221460	DD
Zm00001eb113210	DD
Zm00001eb335980	DD
Zm00001eb182550	DD
Zm00001eb232430	DD
Zm00001eb020520	DD
Zm00001eb122650	DD
Zm00001eb215060	DD
Zm00001eb367800	DD
Zm00001eb379800	DD
Zm00001eb236260	DD
Zm00001eb411570	DD
Zm00001eb411560	DD
Zm00001eb237900	DD
Zm00001eb395460	DD
Zm00001eb236850	DD
Zm00001eb188090	DD
Zm00001eb251140	DD
Zm00001eb196880	DD
Zm00001eb414740	DD
Zm00001eb431790	DD
Zm00001eb039610	DD
Zm00001eb089820	DD
Zm00001eb160730	DD
Zm00001eb201310	DD
Zm00001eb260830	DD
Zm00001eb316480	DD
Zm00001eb217260	DD
Zm00001eb124110	DD
Zm00001eb347420	DD
Zm00001eb127180	DD
Zm00001eb172840	DD
Zm00001eb085090	DD
Zm00001eb346090	DD
Zm00001eb282450	DD
Zm00001eb338970	DD
Zm00001eb345660	DD
Zm00001eb107600	DD
Zm00001eb365460	DD
Zm00001eb242720	DD
Zm00001eb344170	DD
Zm00001eb132710	DD
Zm00001eb308370	DD
Zm00001eb380970	DD
Zm00001eb301300	DD
Zm00001eb290450	DD
Zm00001eb041190	DD
Zm00001eb186580	DD
Zm00001eb128430	DD
Zm00001eb283300	DD
Zm00001eb369570	DD
Zm00001eb303860	DD
Zm00001eb370440	DD
Zm00001eb353050	DD
Zm00001eb306670	DD
Zm00001eb417900	DD
Zm00001eb131760	DD
Zm00001eb090780	DD
Zm00001eb131980	DD
Zm00001eb179990	DD
Zm00001eb085800	DD
Zm00001eb346620	DD
Zm00001eb243690	DD
Zm00001eb174970	DD
Zm00001eb124740	DD
Zm00001eb196600	DD
Zm00001eb124620	DD
Zm00001eb095750	DD
Zm00001eb316540	DD
Zm00001eb383690	DD
Zm00001eb304900	DD
Zm00001eb328370	DD
Zm00001eb213690	DD
Zm00001eb165170	DD
Zm00001eb296590	DD
Zm00001eb209090	DD
Zm00001eb028090	DD
Zm00001eb219960	DD
Zm00001eb125090	DD
Zm00001eb121770	DD
Zm00001eb017050	DD
Zm00001eb387270	DD
Zm00001eb149910	DD
Zm00001eb113140	DD
Zm00001eb092890	DD
Zm00001eb345600	DD
Zm00001eb238160	DD
Zm00001eb161500	DD
Zm00001eb252080	DD
Zm00001eb412880	DD
Zm00001eb233160	DD
Zm00001eb030220	DD
Zm00001eb398550	DD
Zm00001eb283340	DD
Zm00001eb296080	DD
Zm00001eb296900	DD
Zm00001eb330480	DD
Zm00001eb284630	DD
Zm00001eb287500	DD
Zm00001eb332890	DD
Zm00001eb337000	DD
Zm00001eb362710	DD
Zm00001eb157520	DD
Zm00001eb284430	DD
Zm00001eb307130	DD
Zm00001eb162500	DD
Zm00001eb230560	DD
Zm00001eb348170	DD
Zm00001eb376710	DD
Zm00001eb348190	DD
Zm00001eb348180	DD
Zm00001eb376720	DD
Zm00001eb289370	DD
Zm00001eb088940	DD
Zm00001eb275750	DD
Zm00001eb115980	DD
Zm00001eb148900	DD
Zm00001eb202570	DD
Zm00001eb422470	DD
Zm00001eb220130	DD
Zm00001eb170970	DD
Zm00001eb289270	DD
Zm00001eb186140	DD
Zm00001eb156320	DD
Zm00001eb025690	DD
Zm00001eb421190	DD
Zm00001eb191020	DD
Zm00001eb158920	DD
Zm00001eb376840	DD
Zm00001eb060740	DD
Zm00001eb215100	DD
Zm00001eb377100	DD
Zm00001eb395930	DD
Zm00001eb299540	DD
Zm00001eb139940	DD
Zm00001eb407200	DD
Zm00001eb427940	DD
Zm00001eb115440	DD
Zm00001eb225500	DD
Zm00001eb057830	DD
Zm00001eb286700	DD
Zm00001eb284900	DD
Zm00001eb307460	DD
Zm00001eb029900	DD
Zm00001eb291700	DD
Zm00001eb195230	DD
Zm00001eb408610	DD
Zm00001eb334530	DD
Zm00001eb194490	DD
Zm00001eb364120	DD
Zm00001eb433160	DD
Zm00001eb285390	DD
Zm00001eb285420	DD
Zm00001eb155370	DD
Zm00001eb033510	DD
Zm00001eb015110	DD
Zm00001eb016070	DD
Zm00001eb032700	DD
Zm00001eb290280	DD
Zm00001eb076950	DD
Zm00001eb224610	DD
Zm00001eb005210	DD
Zm00001eb369260	DD
Zm00001eb326440	DD
Zm00001eb139850	DD
Zm00001eb349620	DD
Zm00001eb095360	DD
Zm00001eb358190	DD
Zm00001eb292420	DD
Zm00001eb151750	DD
Zm00001eb272160	DD
Zm00001eb177850	DD
Zm00001eb244400	DD
Zm00001eb322930	DD
Zm00001eb258090	DD
Zm00001eb045700	DD
Zm00001eb129450	DD
Zm00001eb282310	DD
Zm00001eb084640	DD
Zm00001eb421750	DD
Zm00001eb133370	DD
Zm00001eb142010	DD
Zm00001eb281040	DD
Zm00001eb333080	DD
Zm00001eb208240	DD
Zm00001eb210700	DD
Zm00001eb320740	DD
Zm00001eb097680	DD
Zm00001eb028490	DD
Zm00001eb248000	DD
Zm00001eb403950	DD
Zm00001eb120950	DD
Zm00001eb362230	DD
Zm00001eb246110	DD
Zm00001eb027740	DD
Zm00001eb139900	DD
Zm00001eb131870	DD
Zm00001eb121840	DD
Zm00001eb362460	DD
Zm00001eb377420	DD
Zm00001eb346880	DD
Zm00001eb094060	DD
Zm00001eb297270	DD
Zm00001eb277290	DD
Zm00001eb400010	DD
Zm00001eb318270	DD
Zm00001eb228380	DD
Zm00001eb288810	DD
Zm00001eb154650	DD
Zm00001eb161670	DD
Zm00001eb274190	DD
Zm00001eb165490	DD
Zm00001eb410050	DD
Zm00001eb083020	DD
Zm00001eb160660	DD
Zm00001eb016170	DD
Zm00001eb392000	DD
Zm00001eb317340	DD
Zm00001eb113020	DD
Zm00001eb276450	DD
Zm00001eb126490	DD
Zm00001eb356620	DD
Zm00001eb237880	DD
Zm00001eb088270	DD
Zm00001eb258790	DD
Zm00001eb381590	DD
Zm00001eb203270	DD
Zm00001eb284380	DD
Zm00001eb027640	DD
Zm00001eb229640	DD
Zm00001eb223730	DD
Zm00001eb128160	DD
Zm00001eb299030	DD
Zm00001eb087790	DD
Zm00001eb156340	DD
Zm00001eb134730	DD
Zm00001eb008050	DD
Zm00001eb133180	DD
Zm00001eb228160	DD
Zm00001eb004220	DD
Zm00001eb221230	DD
Zm00001eb092150	DD
Zm00001eb164330	DD
Zm00001eb122070	DD
Zm00001eb304210	DD
Zm00001eb426240	DD
Zm00001eb144460	DD
Zm00001eb183500	DD
Zm00001eb210130	DD
Zm00001eb286790	DD
Zm00001eb392760	DD
Zm00001eb121500	DD
Zm00001eb351060	DD
Zm00001eb304380	DD
Zm00001eb268890	DD
Zm00001eb427010	DD
Zm00001eb270840	DD
Zm00001eb282960	DD
Zm00001eb000300	DD
Zm00001eb292870	DD
Zm00001eb216280	DD
Zm00001eb122150	DD
Zm00001eb403850	DD
Zm00001eb159300	DD
Zm00001eb325980	DD
Zm00001eb323980	DD
Zm00001eb344370	DD
Zm00001eb392170	DD
Zm00001eb407540	DD
Zm00001eb270600	DD
Zm00001eb010630	DD
Zm00001eb155290	DD
Zm00001eb314170	DD
Zm00001eb009280	DD
Zm00001eb408310	DD
Zm00001eb268140	DD
Zm00001eb063710	DD
Zm00001eb051100	DD
Zm00001eb199100	DD
Zm00001eb168510	DD
Zm00001eb301990	DD
Zm00001eb136340	DD
Zm00001eb212080	DD
Zm00001eb408030	DD
Zm00001eb002870	DD
Zm00001eb420970	DD
Zm00001eb064160	DD
Zm00001eb351750	DD
Zm00001eb143860	DD
Zm00001eb390010	DD
Zm00001eb297540	DD
Zm00001eb061590	DD
Zm00001eb152730	DD
Zm00001eb392280	DD
Zm00001eb039380	DD
Zm00001eb004070	DD
Zm00001eb086220	DD
Zm00001eb236670	DD
Zm00001eb151500	DD
Zm00001eb214130	DD
Zm00001eb197380	DD
Zm00001eb120190	DD
Zm00001eb128180	DD
Zm00001eb368480	DD
Zm00001eb097590	DD
Zm00001eb399130	DD
Zm00001eb054570	DD
Zm00001eb243190	DD
Zm00001eb367130	DD
Zm00001eb423290	DD
Zm00001eb245050	DD
Zm00001eb305660	DD
Zm00001eb086620	DD
Zm00001eb365510	DD
Zm00001eb300440	DD
Zm00001eb353020	DD
Zm00001eb347530	DD
Zm00001eb364170	DD
Zm00001eb343480	DD
Zm00001eb305250	DD
Zm00001eb123240	DD
Zm00001eb225900	DD
Zm00001eb319630	DD
Zm00001eb142110	DD
Zm00001eb033370	DD
Zm00001eb306840	DD
Zm00001eb276610	DD
Zm00001eb317530	DD
Zm00001eb019330	DD
Zm00001eb079660	DD
Zm00001eb307060	DD
Zm00001eb006870	DD
Zm00001eb323860	DD
Zm00001eb410280	DD
Zm00001eb274350	DD
Zm00001eb292700	DD
Zm00001eb354390	DD
Zm00001eb026320	DD
Zm00001eb031960	DD
Zm00001eb373770	DD
Zm00001eb008770	DD
Zm00001eb020430	DD
Zm00001eb299060	DD
Zm00001eb098030	DD
Zm00001eb245100	DD
Zm00001eb319780	DD
Zm00001eb171270	DD
Zm00001eb158030	DD
Zm00001eb348200	DD
Zm00001eb285360	DD
Zm00001eb088830	DD
Zm00001eb420010	DD
Zm00001eb236900	DD
Zm00001eb301150	DD
Zm00001eb280970	DD
Zm00001eb031390	DD
Zm00001eb050590	DD
Zm00001eb400940	DD
Zm00001eb282280	DD
Zm00001eb408190	DD
Zm00001eb416590	DD
Zm00001eb027210	DD
Zm00001eb386290	DD
Zm00001eb311620	DD
Zm00001eb081710	DD
Zm00001eb049620	DD
Zm00001eb136140	DD
Zm00001eb409170	DD
Zm00001eb190680	DD
Zm00001eb401990	DD
Zm00001eb412840	DD
Zm00001eb026060	DD
Zm00001eb302270	DD
Zm00001eb078230	DD
Zm00001eb354480	DD
Zm00001eb187260	DD
Zm00001eb337140	DD
Zm00001eb281280	DD
Zm00001eb190120	DD
Zm00001eb095860	DD
Zm00001eb398980	DD
Zm00001eb287960	DD
Zm00001eb095310	DD
Zm00001eb364900	DD
Zm00001eb382930	DD
Zm00001eb280540	DD
Zm00001eb263790	DD
Zm00001eb098770	DD
Zm00001eb287480	DD
Zm00001eb070350	DD
Zm00001eb254230	DD
Zm00001eb422930	DD
Zm00001eb332680	DD
Zm00001eb153260	DD
Zm00001eb316440	DD
Zm00001eb354590	DD
Zm00001eb345990	DD
Zm00001eb155100	DD
Zm00001eb177730	DD
Zm00001eb243110	DD
Zm00001eb382530	DD
Zm00001eb067210	DD
Zm00001eb124560	DD
Zm00001eb281380	DD
Zm00001eb281400	DD
Zm00001eb150690	DD
Zm00001eb126370	DD
Zm00001eb054120	DD
Zm00001eb289130	DD
Zm00001eb121230	DD
Zm00001eb223830	DD
Zm00001eb043010	DD
Zm00001eb235140	DD
Zm00001eb167250	DD
Zm00001eb342480	DD
Zm00001eb365640	DD
Zm00001eb224970	DD
Zm00001eb301910	DD
Zm00001eb124890	DD
Zm00001eb090490	DD
Zm00001eb277870	DD
Zm00001eb227430	DD
Zm00001eb344690	DD
Zm00001eb355480	DD
Zm00001eb372930	DD
Zm00001eb220310	DD
Zm00001eb184880	DD
Zm00001eb154070	DD
Zm00001eb203700	DD
Zm00001eb354120	DD
Zm00001eb138170	DD
Zm00001eb193620	DD
Zm00001eb391010	DD
Zm00001eb190990	DD
Zm00001eb011070	DD
Zm00001eb071200	DD
Zm00001eb095540	DD
Zm00001eb346250	DD
Zm00001eb167780	DD
Zm00001eb277070	DD
Zm00001eb310080	DD
Zm00001eb087200	DD
Zm00001eb091310	DD
Zm00001eb110460	DD
Zm00001eb276190	DD
Zm00001eb036030	DD
Zm00001eb382300	DD
Zm00001eb083500	DD
Zm00001eb236290	DD
Zm00001eb151120	DD
Zm00001eb276510	DD
Zm00001eb150600	DD
Zm00001eb319270	DD
Zm00001eb151080	DD
Zm00001eb065200	DD
Zm00001eb190500	DD
Zm00001eb273270	DD
Zm00001eb309040	DD
Zm00001eb296140	DD
Zm00001eb184230	DD
Zm00001eb253860	DD
Zm00001eb270670	DD
Zm00001eb397590	DD
Zm00001eb086870	DD
Zm00001eb274200	DD
Zm00001eb000630	DD
Zm00001eb109230	DD
Zm00001eb251230	DD
Zm00001eb035230	DD
Zm00001eb065460	DD
Zm00001eb024040	DD
Zm00001eb075080	DD
Zm00001eb253630	DD
Zm00001eb026570	DD
Zm00001eb186550	DD
Zm00001eb156670	DD
Zm00001eb056170	DD
Zm00001eb111790	DD
Zm00001eb022790	DD
Zm00001eb144180	DD
Zm00001eb170610	DD
Zm00001eb177950	DD
Zm00001eb406870	DD
Zm00001eb084970	DD
Zm00001eb371690	DD
Zm00001eb014040	DD
Zm00001eb197110	DD
Zm00001eb108720	DD
Zm00001eb073260	DD
Zm00001eb068580	DD
Zm00001eb092520	DD
Zm00001eb403710	DD
Zm00001eb395800	DD
Zm00001eb394040	DD
Zm00001eb000650	DD
Zm00001eb012640	DD
Zm00001eb198720	DD
Zm00001eb238550	DD
Zm00001eb068240	DD
Zm00001eb347110	DD
Zm00001eb328930	DD
Zm00001eb051870	DD
Zm00001eb400880	DD
Zm00001eb374020	DD
Zm00001eb131770	DD
Zm00001eb311870	DD
Zm00001eb014580	DD
Zm00001eb414820	DD
Zm00001eb185870	DD
Zm00001eb202330	DD
Zm00001eb337690	DD
Zm00001eb176130	DD
Zm00001eb271700	DD
Zm00001eb273960	DD
Zm00001eb068840	DD
Zm00001eb093620	DD
Zm00001eb372310	DD
Zm00001eb237040	DD
Zm00001eb218440	DD
Zm00001eb267890	DD
Zm00001eb094430	DD
Zm00001eb083920	DD
Zm00001eb139260	DD
Zm00001eb082530	DD
Zm00001eb396290	DD
Zm00001eb128280	DD
Zm00001eb015830	DD
Zm00001eb144980	DD
Zm00001eb278140	DD
Zm00001eb059340	DD
Zm00001eb162980	DD
Zm00001eb176170	DD
Zm00001eb383700	DD
Zm00001eb361690	DD
Zm00001eb154100	DD
Zm00001eb256980	DD
Zm00001eb349940	DD
Zm00001eb391420	DD
Zm00001eb211590	DD
Zm00001eb398760	DD
Zm00001eb341670	DD
Zm00001eb114350	DD
Zm00001eb253290	DD
Zm00001eb215760	DD
Zm00001eb408690	DD
Zm00001eb228430	DD
Zm00001eb427190	DD
Zm00001eb281110	DD
Zm00001eb420120	DD
Zm00001eb163070	DD
Zm00001eb006710	DD
Zm00001eb063340	DD
Zm00001eb328430	DD
Zm00001eb264800	DD
Zm00001eb263120	DD
Zm00001eb422370	DD
Zm00001eb273420	DD
Zm00001eb200440	DD
Zm00001eb046930	DD
Zm00001eb003810	DD
Zm00001eb005070	DD
Zm00001eb094230	DD
Zm00001eb158240	DD
Zm00001eb044060	DD
Zm00001eb358850	DD
Zm00001eb022750	DD
Zm00001eb096120	DD
Zm00001eb403980	DD
Zm00001eb195190	DD
Zm00001eb242450	DD
Zm00001eb303730	DD
Zm00001eb381960	DD
Zm00001eb419270	DD
Zm00001eb099540	DD
Zm00001eb329700	DD
Zm00001eb222210	DD
Zm00001eb016820	DD
Zm00001eb286410	DD
Zm00001eb061520	DD
Zm00001eb318450	DD
Zm00001eb139570	DD
Zm00001eb277670	DD
Zm00001eb149410	DD
Zm00001eb297600	DD
Zm00001eb118590	DD
Zm00001eb036680	DD
Zm00001eb404040	DD
Zm00001eb277830	DD
Zm00001eb406890	DD
Zm00001eb421110	DD
Zm00001eb028650	DD
Zm00001eb201120	DD
Zm00001eb165450	DD
Zm00001eb325430	DD
Zm00001eb319970	DD
Zm00001eb212250	DD
Zm00001eb347930	DD
Zm00001eb194920	DD
Zm00001eb003590	DD
Zm00001eb310430	DD
Zm00001eb133070	DD
Zm00001eb318790	DD
Zm00001eb138530	DD
Zm00001eb138650	DD
Zm00001eb424650	DD
Zm00001eb248290	DD
Zm00001eb138120	DD
Zm00001eb166450	DD
Zm00001eb017470	DD
Zm00001eb138150	DD
Zm00001eb252720	DD
Zm00001eb206970	DD
Zm00001eb066230	DD
Zm00001eb410160	DD
Zm00001eb002650	DD
Zm00001eb259630	DD
Zm00001eb080060	DD
Zm00001eb410410	DD
Zm00001eb165760	DD
Zm00001eb154580	DD
Zm00001eb014940	DD
Zm00001eb137840	DD
Zm00001eb047930	DD
Zm00001eb225600	DD
Zm00001eb137760	DD
Zm00001eb008140	DD
Zm00001eb070140	DD
Zm00001eb138410	DD
Zm00001eb173810	DD
Zm00001eb265940	DD
Zm00001eb293780	DD
Zm00001eb089410	DD
Zm00001eb382800	DD
Zm00001eb061130	DD
Zm00001eb223480	DD
Zm00001eb177920	DD
Zm00001eb183730	DD
Zm00001eb177820	DD
Zm00001eb180260	DD
Zm00001eb176730	DD
Zm00001eb370610	DD
Zm00001eb158970	DD
Zm00001eb178020	DD
Zm00001eb362050	DD
Zm00001eb020070	DD
Zm00001eb413120	DD
Zm00001eb414190	DD
Zm00001eb413370	DD
Zm00001eb105850	DD
Zm00001eb109430	DD
Zm00001eb276890	DD
Zm00001eb177870	DD
Zm00001eb309260	DD
Zm00001eb108350	DD
Zm00001eb350110	DD
Zm00001eb182920	DD
Zm00001eb153410	DD
Zm00001eb337900	DD
Zm00001eb095790	DD
Zm00001eb068780	DD
Zm00001eb053000	DD
Zm00001eb417700	DD
Zm00001eb169360	DD
Zm00001eb318480	DD
Zm00001eb327250	DD
Zm00001eb378890	DD
Zm00001eb086370	DD
Zm00001eb420440	DD
Zm00001eb420310	DD
Zm00001eb245970	DD
Zm00001eb057360	DD
Zm00001eb017100	DD
Zm00001eb412070	DD
Zm00001eb162330	DD
Zm00001eb281810	DD
Zm00001eb120310	DD
Zm00001eb129170	DD
Zm00001eb388800	DD
Zm00001eb134980	DD
Zm00001eb379200	DD
Zm00001eb108630	DD
Zm00001eb137870	DD
Zm00001eb410000	DD
Zm00001eb253310	DD
Zm00001eb337820	DD
Zm00001eb423780	DD
Zm00001eb049180	DD
Zm00001eb089240	DD
Zm00001eb249710	DD
Zm00001eb411540	DD
Zm00001eb235590	DD
Zm00001eb143130	DD
Zm00001eb434500	DD
Zm00001eb368820	DD
Zm00001eb218780	DD
Zm00001eb283180	DD
Zm00001eb250890	DD
Zm00001eb103900	DD
Zm00001eb164860	DD
Zm00001eb380730	DD
Zm00001eb085020	DD
Zm00001eb220380	DD
Zm00001eb395890	DD
Zm00001eb331440	DD
Zm00001eb224140	DD
Zm00001eb106800	DD
Zm00001eb104250	DD
Zm00001eb272700	DD
Zm00001eb180590	DD
Zm00001eb086340	DD
Zm00001eb210340	DD
Zm00001eb085850	DD
Zm00001eb290250	DD
Zm00001eb008730	DD
Zm00001eb039790	DD
Zm00001eb141620	DD
Zm00001eb172370	DD
Zm00001eb284690	DD
Zm00001eb265870	DD
Zm00001eb071350	DD
Zm00001eb231000	DD
Zm00001eb170270	DD
Zm00001eb121320	DD
Zm00001eb004800	DD
Zm00001eb068100	DD
Zm00001eb341560	DD
Zm00001eb432270	DD
Zm00001eb081120	DD
Zm00001eb083740	DD
Zm00001eb235510	DD
Zm00001eb139690	DD
Zm00001eb138180	DD
Zm00001eb057040	DD
Zm00001eb348680	DD
Zm00001eb433700	DD
Zm00001eb376030	DD
Zm00001eb403760	DD
Zm00001eb144480	DD
Zm00001eb034790	DD
Zm00001eb196920	DD
Zm00001eb021940	DD
Zm00001eb258250	DD
Zm00001eb429700	DD
Zm00001eb216840	DD
Zm00001eb324990	DD
Zm00001eb017440	DD
Zm00001eb386610	DD
Zm00001eb197550	DD
Zm00001eb231580	DD
Zm00001eb019810	DD
Zm00001eb244480	DD
Zm00001eb245750	DD
Zm00001eb272260	DD
Zm00001eb015580	DD
Zm00001eb324590	DD
Zm00001eb429110	DD
Zm00001eb227810	DD
Zm00001eb091300	DD
Zm00001eb230100	DD
Zm00001eb053980	DD
Zm00001eb259220	DD
Zm00001eb001290	DD
Zm00001eb120130	DD
Zm00001eb259170	DD
Zm00001eb229230	DD
Zm00001eb138550	DD
Zm00001eb067790	DD
Zm00001eb126110	DD
Zm00001eb218260	DD
Zm00001eb044370	DD
Zm00001eb230020	DD
Zm00001eb416150	DD
Zm00001eb342700	DD
Zm00001eb080880	DD
Zm00001eb381400	DD
Zm00001eb207330	DD
Zm00001eb308400	DD
Zm00001eb259730	DD
Zm00001eb220720	DD
Zm00001eb180170	DD
Zm00001eb121670	DD
Zm00001eb121690	DD
Zm00001eb121700	DD
Zm00001eb322340	DD
Zm00001eb123420	DD
Zm00001eb234350	DD
Zm00001eb044330	DD
Zm00001eb166740	DD
Zm00001eb194970	DD
Zm00001eb297330	DD
Zm00001eb379320	DD
Zm00001eb091840	DD
Zm00001eb367450	DD
Zm00001eb000180	DD
Zm00001eb000270	DD
Zm00001eb000600	DD
Zm00001eb000670	DD
Zm00001eb000770	DD
Zm00001eb000810	DD
Zm00001eb000840	DD
Zm00001eb001020	DD
Zm00001eb001170	DD
Zm00001eb001180	DD
Zm00001eb001410	DD
Zm00001eb001490	DD
Zm00001eb001620	DD
Zm00001eb002050	DD
Zm00001eb002410	DD
Zm00001eb002880	DD
Zm00001eb002890	DD
Zm00001eb002900	DD
Zm00001eb002980	DD
Zm00001eb003190	DD
Zm00001eb003220	DD
Zm00001eb003710	DD
Zm00001eb003720	DD
Zm00001eb004040	DD
Zm00001eb004490	DD
Zm00001eb004510	DD
Zm00001eb005020	DD
Zm00001eb005140	DD
Zm00001eb005190	DD
Zm00001eb005420	DD
Zm00001eb005610	DD
Zm00001eb006030	DD
Zm00001eb006520	DD
Zm00001eb006880	DD
Zm00001eb007100	DD
Zm00001eb007130	DD
Zm00001eb007840	DD
Zm00001eb007970	DD
Zm00001eb008220	DD
Zm00001eb008240	DD
Zm00001eb008560	DD
Zm00001eb008710	DD
Zm00001eb008890	DD
Zm00001eb008910	DD
Zm00001eb008970	DD
Zm00001eb009270	DD
Zm00001eb009300	DD
Zm00001eb009520	DD
Zm00001eb009640	DD
Zm00001eb009650	DD
Zm00001eb009800	DD
Zm00001eb010230	DD
Zm00001eb010320	DD
Zm00001eb010350	DD
Zm00001eb010730	DD
Zm00001eb011030	DD
Zm00001eb011420	DD
Zm00001eb011570	DD
Zm00001eb011700	DD
Zm00001eb012010	DD
Zm00001eb012090	DD
Zm00001eb012410	DD
Zm00001eb012420	DD
Zm00001eb012750	DD
Zm00001eb012990	DD
Zm00001eb013060	DD
Zm00001eb013370	DD
Zm00001eb013550	DD
Zm00001eb013630	DD
Zm00001eb013880	DD
Zm00001eb014550	DD
Zm00001eb014670	DD
Zm00001eb014710	DD
Zm00001eb015100	DD
Zm00001eb015260	DD
Zm00001eb015330	DD
Zm00001eb015370	DD
Zm00001eb015640	DD
Zm00001eb015860	DD
Zm00001eb016190	DD
Zm00001eb016270	DD
Zm00001eb016810	DD
Zm00001eb017020	DD
Zm00001eb017080	DD
Zm00001eb017410	DD
Zm00001eb017500	DD
Zm00001eb017540	DD
Zm00001eb017600	DD
Zm00001eb017750	DD
Zm00001eb017820	DD
Zm00001eb017900	DD
Zm00001eb017990	DD
Zm00001eb018100	DD
Zm00001eb018450	DD
Zm00001eb018990	DD
Zm00001eb019090	DD
Zm00001eb019100	DD
Zm00001eb019230	DD
Zm00001eb019300	DD
Zm00001eb019800	DD
Zm00001eb019850	DD
Zm00001eb019970	DD
Zm00001eb020490	DD
Zm00001eb021230	DD
Zm00001eb021830	DD
Zm00001eb022630	DD
Zm00001eb022930	DD
Zm00001eb023340	DD
Zm00001eb023980	DD
Zm00001eb024150	DD
Zm00001eb024210	DD
Zm00001eb024710	DD
Zm00001eb024800	DD
Zm00001eb024990	DD
Zm00001eb025000	DD
Zm00001eb025220	DD
Zm00001eb025230	DD
Zm00001eb025280	DD
Zm00001eb025300	DD
Zm00001eb025370	DD
Zm00001eb025490	DD
Zm00001eb025600	DD
Zm00001eb025620	DD
Zm00001eb025660	DD
Zm00001eb025680	DD
Zm00001eb026260	DD
Zm00001eb026290	DD
Zm00001eb026410	DD
Zm00001eb026540	DD
Zm00001eb026620	DD
Zm00001eb026630	DD
Zm00001eb026760	DD
Zm00001eb026940	DD
Zm00001eb026980	DD
Zm00001eb027030	DD
Zm00001eb027090	DD
Zm00001eb027220	DD
Zm00001eb027230	DD
Zm00001eb027260	DD
Zm00001eb027390	DD
Zm00001eb027800	DD
Zm00001eb027960	DD
Zm00001eb027980	DD
Zm00001eb027990	DD
Zm00001eb028020	DD
Zm00001eb028100	DD
Zm00001eb028290	DD
Zm00001eb028570	DD
Zm00001eb028740	DD
Zm00001eb028760	DD
Zm00001eb028810	DD
Zm00001eb028990	DD
Zm00001eb029110	DD
Zm00001eb029160	DD
Zm00001eb029380	DD
Zm00001eb029480	DD
Zm00001eb029680	DD
Zm00001eb030040	DD
Zm00001eb030070	DD
Zm00001eb030280	DD
Zm00001eb030490	DD
Zm00001eb030610	DD
Zm00001eb030620	DD
Zm00001eb030940	DD
Zm00001eb031200	DD
Zm00001eb031240	DD
Zm00001eb031440	DD
Zm00001eb031530	DD
Zm00001eb031550	DD
Zm00001eb031870	DD
Zm00001eb031910	DD
Zm00001eb032150	DD
Zm00001eb032360	DD
Zm00001eb032380	DD
Zm00001eb032460	DD
Zm00001eb032510	DD
Zm00001eb032720	DD
Zm00001eb033060	DD
Zm00001eb033400	DD
Zm00001eb033830	DD
Zm00001eb034140	DD
Zm00001eb034170	DD
Zm00001eb034180	DD
Zm00001eb034470	DD
Zm00001eb035600	DD
Zm00001eb035620	DD
Zm00001eb035650	DD
Zm00001eb035790	DD
Zm00001eb036100	DD
Zm00001eb036110	DD
Zm00001eb036180	DD
Zm00001eb036230	DD
Zm00001eb036490	DD
Zm00001eb036740	DD
Zm00001eb037130	DD
Zm00001eb037190	DD
Zm00001eb037430	DD
Zm00001eb037640	DD
Zm00001eb037790	DD
Zm00001eb037970	DD
Zm00001eb038230	DD
Zm00001eb038480	DD
Zm00001eb038740	DD
Zm00001eb038770	DD
Zm00001eb038820	DD
Zm00001eb038880	DD
Zm00001eb039070	DD
Zm00001eb039140	DD
Zm00001eb039370	DD
Zm00001eb039840	DD
Zm00001eb040390	DD
Zm00001eb040720	DD
Zm00001eb041200	DD
Zm00001eb041570	DD
Zm00001eb042390	DD
Zm00001eb042700	DD
Zm00001eb042730	DD
Zm00001eb042750	DD
Zm00001eb042810	DD
Zm00001eb042850	DD
Zm00001eb043160	DD
Zm00001eb043270	DD
Zm00001eb043710	DD
Zm00001eb043840	DD
Zm00001eb044100	DD
Zm00001eb044320	DD
Zm00001eb044430	DD
Zm00001eb044600	DD
Zm00001eb045910	DD
Zm00001eb046110	DD
Zm00001eb046360	DD
Zm00001eb046430	DD
Zm00001eb046490	DD
Zm00001eb046810	DD
Zm00001eb046940	DD
Zm00001eb047100	DD
Zm00001eb047480	DD
Zm00001eb047890	DD
Zm00001eb048280	DD
Zm00001eb048330	DD
Zm00001eb048560	DD
Zm00001eb048580	DD
Zm00001eb048760	DD
Zm00001eb048990	DD
Zm00001eb049100	DD
Zm00001eb049310	DD
Zm00001eb049810	DD
Zm00001eb049870	DD
Zm00001eb050690	DD
Zm00001eb050730	DD
Zm00001eb050990	DD
Zm00001eb051260	DD
Zm00001eb051430	DD
Zm00001eb051440	DD
Zm00001eb051650	DD
Zm00001eb051940	DD
Zm00001eb051970	DD
Zm00001eb052050	DD
Zm00001eb052280	DD
Zm00001eb052330	DD
Zm00001eb053360	DD
Zm00001eb053450	DD
Zm00001eb053480	DD
Zm00001eb053780	DD
Zm00001eb053820	DD
Zm00001eb053890	DD
Zm00001eb053990	DD
Zm00001eb054010	DD
Zm00001eb054140	DD
Zm00001eb054560	DD
Zm00001eb054590	DD
Zm00001eb054640	DD
Zm00001eb054900	DD
Zm00001eb054920	DD
Zm00001eb055170	DD
Zm00001eb055180	DD
Zm00001eb055200	DD
Zm00001eb055340	DD
Zm00001eb055540	DD
Zm00001eb055570	DD
Zm00001eb055680	DD
Zm00001eb056100	DD
Zm00001eb056150	DD
Zm00001eb056340	DD
Zm00001eb056440	DD
Zm00001eb056550	DD
Zm00001eb056570	DD
Zm00001eb056660	DD
Zm00001eb056750	DD
Zm00001eb057500	DD
Zm00001eb057510	DD
Zm00001eb057520	DD
Zm00001eb057920	DD
Zm00001eb058170	DD
Zm00001eb058290	DD
Zm00001eb058330	DD
Zm00001eb058390	DD
Zm00001eb058530	DD
Zm00001eb058560	DD
Zm00001eb058890	DD
Zm00001eb059110	DD
Zm00001eb059630	DD
Zm00001eb059760	DD
Zm00001eb059780	DD
Zm00001eb059820	DD
Zm00001eb059860	DD
Zm00001eb060180	DD
Zm00001eb060300	DD
Zm00001eb060410	DD
Zm00001eb060620	DD
Zm00001eb060820	DD
Zm00001eb062010	DD
Zm00001eb062090	DD
Zm00001eb062160	DD
Zm00001eb062220	DD
Zm00001eb062610	DD
Zm00001eb062650	DD
Zm00001eb062940	DD
Zm00001eb063180	DD
Zm00001eb063450	DD
Zm00001eb063480	DD
Zm00001eb063770	DD
Zm00001eb063820	DD
Zm00001eb064340	DD
Zm00001eb064370	DD
Zm00001eb064550	DD
Zm00001eb064570	DD
Zm00001eb064790	DD
Zm00001eb065260	DD
Zm00001eb065350	DD
Zm00001eb065370	DD
Zm00001eb065540	DD
Zm00001eb065550	DD
Zm00001eb066120	DD
Zm00001eb066340	DD
Zm00001eb066410	DD
Zm00001eb066430	DD
Zm00001eb066670	DD
Zm00001eb066800	DD
Zm00001eb067240	DD
Zm00001eb067320	DD
Zm00001eb067410	DD
Zm00001eb067810	DD
Zm00001eb068000	DD
Zm00001eb068030	DD
Zm00001eb068220	DD
Zm00001eb068810	DD
Zm00001eb068860	DD
Zm00001eb069000	DD
Zm00001eb069020	DD
Zm00001eb069150	DD
Zm00001eb069580	DD
Zm00001eb070300	DD
Zm00001eb070340	DD
Zm00001eb071170	DD
Zm00001eb071630	DD
Zm00001eb071730	DD
Zm00001eb071910	DD
Zm00001eb071930	DD
Zm00001eb072040	DD
Zm00001eb072080	DD
Zm00001eb072540	DD
Zm00001eb073200	DD
Zm00001eb073340	DD
Zm00001eb073410	DD
Zm00001eb073600	DD
Zm00001eb073690	DD
Zm00001eb073880	DD
Zm00001eb073930	DD
Zm00001eb074020	DD
Zm00001eb074130	DD
Zm00001eb074220	DD
Zm00001eb074530	DD
Zm00001eb074610	DD
Zm00001eb075730	DD
Zm00001eb076020	DD
Zm00001eb076310	DD
Zm00001eb076380	DD
Zm00001eb076680	DD
Zm00001eb077440	DD
Zm00001eb077910	DD
Zm00001eb078150	DD
Zm00001eb078280	DD
Zm00001eb078330	DD
Zm00001eb078510	DD
Zm00001eb078910	DD
Zm00001eb079080	DD
Zm00001eb079410	DD
Zm00001eb079420	DD
Zm00001eb079450	DD
Zm00001eb079580	DD
Zm00001eb080410	DD
Zm00001eb080460	DD
Zm00001eb080470	DD
Zm00001eb080650	DD
Zm00001eb080740	DD
Zm00001eb080950	DD
Zm00001eb081040	DD
Zm00001eb081890	DD
Zm00001eb082240	DD
Zm00001eb082250	DD
Zm00001eb082610	DD
Zm00001eb082710	DD
Zm00001eb082800	DD
Zm00001eb082880	DD
Zm00001eb083040	DD
Zm00001eb083130	DD
Zm00001eb083180	DD
Zm00001eb083210	DD
Zm00001eb083260	DD
Zm00001eb083470	DD
Zm00001eb083560	DD
Zm00001eb083580	DD
Zm00001eb083940	DD
Zm00001eb084000	DD
Zm00001eb084330	DD
Zm00001eb084470	DD
Zm00001eb084840	DD
Zm00001eb084920	DD
Zm00001eb085260	DD
Zm00001eb085490	DD
Zm00001eb085500	DD
Zm00001eb085840	DD
Zm00001eb086200	DD
Zm00001eb086260	DD
Zm00001eb086300	DD
Zm00001eb086440	DD
Zm00001eb086650	DD
Zm00001eb086780	DD
Zm00001eb086980	DD
Zm00001eb086990	DD
Zm00001eb087040	DD
Zm00001eb087420	DD
Zm00001eb088030	DD
Zm00001eb088230	DD
Zm00001eb088370	DD
Zm00001eb088470	DD
Zm00001eb088630	DD
Zm00001eb088650	DD
Zm00001eb088980	DD
Zm00001eb089010	DD
Zm00001eb089060	DD
Zm00001eb089110	DD
Zm00001eb089210	DD
Zm00001eb089460	DD
Zm00001eb089850	DD
Zm00001eb090450	DD
Zm00001eb090540	DD
Zm00001eb090640	DD
Zm00001eb090670	DD
Zm00001eb090900	DD
Zm00001eb090910	DD
Zm00001eb091070	DD
Zm00001eb091120	DD
Zm00001eb091130	DD
Zm00001eb091380	DD
Zm00001eb091570	DD
Zm00001eb091580	DD
Zm00001eb091660	DD
Zm00001eb092010	DD
Zm00001eb092020	DD
Zm00001eb092170	DD
Zm00001eb092220	DD
Zm00001eb092240	DD
Zm00001eb092450	DD
Zm00001eb092500	DD
Zm00001eb092580	DD
Zm00001eb092670	DD
Zm00001eb092910	DD
Zm00001eb093400	DD
Zm00001eb093510	DD
Zm00001eb093600	DD
Zm00001eb094360	DD
Zm00001eb094460	DD
Zm00001eb094490	DD
Zm00001eb094510	DD
Zm00001eb094600	DD
Zm00001eb094620	DD
Zm00001eb094680	DD
Zm00001eb094730	DD
Zm00001eb094740	DD
Zm00001eb095430	DD
Zm00001eb095630	DD
Zm00001eb096190	DD
Zm00001eb096230	DD
Zm00001eb096820	DD
Zm00001eb097270	DD
Zm00001eb097300	DD
Zm00001eb097390	DD
Zm00001eb097670	DD
Zm00001eb097710	DD
Zm00001eb097720	DD
Zm00001eb097750	DD
Zm00001eb097790	DD
Zm00001eb097860	DD
Zm00001eb098050	DD
Zm00001eb098320	DD
Zm00001eb098370	DD
Zm00001eb098680	DD
Zm00001eb099090	DD
Zm00001eb099160	DD
Zm00001eb099350	DD
Zm00001eb099360	DD
Zm00001eb099380	DD
Zm00001eb099430	DD
Zm00001eb099500	DD
Zm00001eb099790	DD
Zm00001eb100550	DD
Zm00001eb101520	DD
Zm00001eb101540	DD
Zm00001eb102320	DD
Zm00001eb103270	DD
Zm00001eb103650	DD
Zm00001eb103910	DD
Zm00001eb104380	DD
Zm00001eb104460	DD
Zm00001eb105320	DD
Zm00001eb105710	DD
Zm00001eb105990	DD
Zm00001eb106660	DD
Zm00001eb107070	DD
Zm00001eb107300	DD
Zm00001eb107350	DD
Zm00001eb107360	DD
Zm00001eb108450	DD
Zm00001eb108590	DD
Zm00001eb108610	DD
Zm00001eb108830	DD
Zm00001eb108840	DD
Zm00001eb109000	DD
Zm00001eb109210	DD
Zm00001eb109300	DD
Zm00001eb109460	DD
Zm00001eb109520	DD
Zm00001eb110150	DD
Zm00001eb110230	DD
Zm00001eb110370	DD
Zm00001eb110470	DD
Zm00001eb110600	DD
Zm00001eb110790	DD
Zm00001eb111200	DD
Zm00001eb111480	DD
Zm00001eb112310	DD
Zm00001eb112390	DD
Zm00001eb112560	DD
Zm00001eb112640	DD
Zm00001eb112690	DD
Zm00001eb112700	DD
Zm00001eb112850	DD
Zm00001eb112910	DD
Zm00001eb113130	DD
Zm00001eb113260	DD
Zm00001eb113350	DD
Zm00001eb113390	DD
Zm00001eb113400	DD
Zm00001eb113600	DD
Zm00001eb113690	DD
Zm00001eb113720	DD
Zm00001eb113900	DD
Zm00001eb114130	DD
Zm00001eb114150	DD
Zm00001eb114570	DD
Zm00001eb114730	DD
Zm00001eb114820	DD
Zm00001eb114870	DD
Zm00001eb115040	DD
Zm00001eb115430	DD
Zm00001eb115620	DD
Zm00001eb115750	DD
Zm00001eb115850	DD
Zm00001eb115930	DD
Zm00001eb115970	DD
Zm00001eb116000	DD
Zm00001eb116230	DD
Zm00001eb116330	DD
Zm00001eb116890	DD
Zm00001eb117320	DD
Zm00001eb117580	DD
Zm00001eb118130	DD
Zm00001eb118210	DD
Zm00001eb118410	DD
Zm00001eb118570	DD
Zm00001eb118610	DD
Zm00001eb118620	DD
Zm00001eb118640	DD
Zm00001eb118740	DD
Zm00001eb118770	DD
Zm00001eb119020	DD
Zm00001eb119280	DD
Zm00001eb119620	DD
Zm00001eb119910	DD
Zm00001eb120120	DD
Zm00001eb120460	DD
Zm00001eb120800	DD
Zm00001eb120850	DD
Zm00001eb120940	DD
Zm00001eb120970	DD
Zm00001eb121050	DD
Zm00001eb121090	DD
Zm00001eb121120	DD
Zm00001eb121180	DD
Zm00001eb121260	DD
Zm00001eb121490	DD
Zm00001eb121660	DD
Zm00001eb121710	DD
Zm00001eb121870	DD
Zm00001eb121920	DD
Zm00001eb122020	DD
Zm00001eb122100	DD
Zm00001eb122120	DD
Zm00001eb122360	DD
Zm00001eb123330	DD
Zm00001eb123710	DD
Zm00001eb123830	DD
Zm00001eb124100	DD
Zm00001eb124180	DD
Zm00001eb124200	DD
Zm00001eb124240	DD
Zm00001eb124350	DD
Zm00001eb124590	DD
Zm00001eb125320	DD
Zm00001eb125380	DD
Zm00001eb125510	DD
Zm00001eb126340	DD
Zm00001eb126580	DD
Zm00001eb126960	DD
Zm00001eb127150	DD
Zm00001eb127280	DD
Zm00001eb127550	DD
Zm00001eb127750	DD
Zm00001eb127990	DD
Zm00001eb128050	DD
Zm00001eb128060	DD
Zm00001eb128110	DD
Zm00001eb128580	DD
Zm00001eb128600	DD
Zm00001eb128690	DD
Zm00001eb128720	DD
Zm00001eb128750	DD
Zm00001eb129100	DD
Zm00001eb129130	DD
Zm00001eb129270	DD
Zm00001eb129370	DD
Zm00001eb129620	DD
Zm00001eb129750	DD
Zm00001eb130060	DD
Zm00001eb130070	DD
Zm00001eb130340	DD
Zm00001eb130600	DD
Zm00001eb130760	DD
Zm00001eb131270	DD
Zm00001eb131660	DD
Zm00001eb131820	DD
Zm00001eb131880	DD
Zm00001eb132030	DD
Zm00001eb132040	DD
Zm00001eb132330	DD
Zm00001eb132370	DD
Zm00001eb132380	DD
Zm00001eb132400	DD
Zm00001eb132560	DD
Zm00001eb132650	DD
Zm00001eb132790	DD
Zm00001eb132830	DD
Zm00001eb132850	DD
Zm00001eb132980	DD
Zm00001eb133280	DD
Zm00001eb133310	DD
Zm00001eb133490	DD
Zm00001eb133730	DD
Zm00001eb133950	DD
Zm00001eb134270	DD
Zm00001eb134320	DD
Zm00001eb134350	DD
Zm00001eb134460	DD
Zm00001eb134470	DD
Zm00001eb134820	DD
Zm00001eb134920	DD
Zm00001eb135010	DD
Zm00001eb135170	DD
Zm00001eb135300	DD
Zm00001eb135430	DD
Zm00001eb135660	DD
Zm00001eb135950	DD
Zm00001eb136120	DD
Zm00001eb136830	DD
Zm00001eb136860	DD
Zm00001eb137010	DD
Zm00001eb137040	DD
Zm00001eb137230	DD
Zm00001eb137250	DD
Zm00001eb137260	DD
Zm00001eb137300	DD
Zm00001eb137310	DD
Zm00001eb137350	DD
Zm00001eb137360	DD
Zm00001eb137510	DD
Zm00001eb137860	DD
Zm00001eb138190	DD
Zm00001eb138490	DD
Zm00001eb138540	DD
Zm00001eb138570	DD
Zm00001eb138660	DD
Zm00001eb138750	DD
Zm00001eb138790	DD
Zm00001eb139300	DD
Zm00001eb139440	DD
Zm00001eb139680	DD
Zm00001eb139760	DD
Zm00001eb139810	DD
Zm00001eb139840	DD
Zm00001eb139950	DD
Zm00001eb140280	DD
Zm00001eb140310	DD
Zm00001eb140410	DD
Zm00001eb140500	DD
Zm00001eb140550	DD
Zm00001eb141090	DD
Zm00001eb141480	DD
Zm00001eb141650	DD
Zm00001eb141930	DD
Zm00001eb142070	DD
Zm00001eb142100	DD
Zm00001eb142300	DD
Zm00001eb142350	DD
Zm00001eb142660	DD
Zm00001eb143250	DD
Zm00001eb143610	DD
Zm00001eb143820	DD
Zm00001eb144270	DD
Zm00001eb144410	DD
Zm00001eb144720	DD
Zm00001eb144820	DD
Zm00001eb145610	DD
Zm00001eb145630	DD
Zm00001eb146090	DD
Zm00001eb146370	DD
Zm00001eb146550	DD
Zm00001eb146570	DD
Zm00001eb146830	DD
Zm00001eb147060	DD
Zm00001eb147250	DD
Zm00001eb147280	DD
Zm00001eb147320	DD
Zm00001eb147590	DD
Zm00001eb147670	DD
Zm00001eb147980	DD
Zm00001eb148050	DD
Zm00001eb148160	DD
Zm00001eb148970	DD
Zm00001eb149110	DD
Zm00001eb149140	DD
Zm00001eb149210	DD
Zm00001eb150230	DD
Zm00001eb150250	DD
Zm00001eb150350	DD
Zm00001eb150500	DD
Zm00001eb150930	DD
Zm00001eb150940	DD
Zm00001eb151200	DD
Zm00001eb151350	DD
Zm00001eb151360	DD
Zm00001eb151610	DD
Zm00001eb151770	DD
Zm00001eb151830	DD
Zm00001eb152080	DD
Zm00001eb152130	DD
Zm00001eb152200	DD
Zm00001eb152270	DD
Zm00001eb152330	DD
Zm00001eb152760	DD
Zm00001eb152770	DD
Zm00001eb152820	DD
Zm00001eb152850	DD
Zm00001eb153930	DD
Zm00001eb154120	DD
Zm00001eb154330	DD
Zm00001eb154630	DD
Zm00001eb154700	DD
Zm00001eb155810	DD
Zm00001eb156050	DD
Zm00001eb156140	DD
Zm00001eb156570	DD
Zm00001eb156660	DD
Zm00001eb156970	DD
Zm00001eb157020	DD
Zm00001eb157240	DD
Zm00001eb157670	DD
Zm00001eb157960	DD
Zm00001eb157970	DD
Zm00001eb158130	DD
Zm00001eb158260	DD
Zm00001eb158530	DD
Zm00001eb158750	DD
Zm00001eb158840	DD
Zm00001eb159030	DD
Zm00001eb159130	DD
Zm00001eb159370	DD
Zm00001eb159680	DD
Zm00001eb159690	DD
Zm00001eb159700	DD
Zm00001eb159740	DD
Zm00001eb159750	DD
Zm00001eb159770	DD
Zm00001eb160000	DD
Zm00001eb160130	DD
Zm00001eb160340	DD
Zm00001eb160500	DD
Zm00001eb160630	DD
Zm00001eb160890	DD
Zm00001eb161060	DD
Zm00001eb161100	DD
Zm00001eb161210	DD
Zm00001eb161270	DD
Zm00001eb161510	DD
Zm00001eb161910	DD
Zm00001eb161940	DD
Zm00001eb162340	DD
Zm00001eb162590	DD
Zm00001eb162610	DD
Zm00001eb163160	DD
Zm00001eb163300	DD
Zm00001eb163330	DD
Zm00001eb163380	DD
Zm00001eb163670	DD
Zm00001eb163710	DD
Zm00001eb163860	DD
Zm00001eb163970	DD
Zm00001eb164200	DD
Zm00001eb164370	DD
Zm00001eb164420	DD
Zm00001eb164430	DD
Zm00001eb164710	DD
Zm00001eb164740	DD
Zm00001eb164770	DD
Zm00001eb165050	DD
Zm00001eb165060	DD
Zm00001eb165480	DD
Zm00001eb165500	DD
Zm00001eb165910	DD
Zm00001eb165940	DD
Zm00001eb166050	DD
Zm00001eb166070	DD
Zm00001eb166190	DD
Zm00001eb166430	DD
Zm00001eb166840	DD
Zm00001eb167270	DD
Zm00001eb167340	DD
Zm00001eb167390	DD
Zm00001eb167430	DD
Zm00001eb167470	DD
Zm00001eb167660	DD
Zm00001eb167890	DD
Zm00001eb168050	DD
Zm00001eb168350	DD
Zm00001eb168450	DD
Zm00001eb168590	DD
Zm00001eb168730	DD
Zm00001eb168760	DD
Zm00001eb168780	DD
Zm00001eb168790	DD
Zm00001eb168800	DD
Zm00001eb169220	DD
Zm00001eb169260	DD
Zm00001eb169270	DD
Zm00001eb169420	DD
Zm00001eb169590	DD
Zm00001eb169940	DD
Zm00001eb169950	DD
Zm00001eb169990	DD
Zm00001eb170600	DD
Zm00001eb170670	DD
Zm00001eb170700	DD
Zm00001eb170750	DD
Zm00001eb170870	DD
Zm00001eb171220	DD
Zm00001eb171380	DD
Zm00001eb171430	DD
Zm00001eb171770	DD
Zm00001eb171920	DD
Zm00001eb172000	DD
Zm00001eb172250	DD
Zm00001eb172280	DD
Zm00001eb172660	DD
Zm00001eb172870	DD
Zm00001eb173060	DD
Zm00001eb173480	DD
Zm00001eb173720	DD
Zm00001eb173780	DD
Zm00001eb174430	DD
Zm00001eb175000	DD
Zm00001eb175030	DD
Zm00001eb175040	DD
Zm00001eb175210	DD
Zm00001eb175260	DD
Zm00001eb175430	DD
Zm00001eb175740	DD
Zm00001eb175760	DD
Zm00001eb176050	DD
Zm00001eb176140	DD
Zm00001eb176160	DD
Zm00001eb176250	DD
Zm00001eb176350	DD
Zm00001eb176520	DD
Zm00001eb176580	DD
Zm00001eb176830	DD
Zm00001eb176950	DD
Zm00001eb176990	DD
Zm00001eb177030	DD
Zm00001eb177220	DD
Zm00001eb177460	DD
Zm00001eb177480	DD
Zm00001eb177540	DD
Zm00001eb177590	DD
Zm00001eb177630	DD
Zm00001eb177880	DD
Zm00001eb177940	DD
Zm00001eb178130	DD
Zm00001eb178820	DD
Zm00001eb178950	DD
Zm00001eb179220	DD
Zm00001eb179340	DD
Zm00001eb179630	DD
Zm00001eb179840	DD
Zm00001eb179980	DD
Zm00001eb180010	DD
Zm00001eb180510	DD
Zm00001eb180690	DD
Zm00001eb180710	DD
Zm00001eb180780	DD
Zm00001eb181000	DD
Zm00001eb181020	DD
Zm00001eb181160	DD
Zm00001eb181240	DD
Zm00001eb181890	DD
Zm00001eb182180	DD
Zm00001eb182470	DD
Zm00001eb182560	DD
Zm00001eb182840	DD
Zm00001eb183040	DD
Zm00001eb183060	DD
Zm00001eb183160	DD
Zm00001eb183470	DD
Zm00001eb183810	DD
Zm00001eb184040	DD
Zm00001eb184100	DD
Zm00001eb184330	DD
Zm00001eb184450	DD
Zm00001eb184490	DD
Zm00001eb184960	DD
Zm00001eb185090	DD
Zm00001eb185150	DD
Zm00001eb185400	DD
Zm00001eb185490	DD
Zm00001eb186050	DD
Zm00001eb186270	DD
Zm00001eb186630	DD
Zm00001eb187220	DD
Zm00001eb187280	DD
Zm00001eb187390	DD
Zm00001eb187480	DD
Zm00001eb187520	DD
Zm00001eb187740	DD
Zm00001eb187770	DD
Zm00001eb187830	DD
Zm00001eb188540	DD
Zm00001eb188620	DD
Zm00001eb188640	DD
Zm00001eb188730	DD
Zm00001eb188740	DD
Zm00001eb190260	DD
Zm00001eb190460	DD
Zm00001eb190490	DD
Zm00001eb190520	DD
Zm00001eb190540	DD
Zm00001eb190610	DD
Zm00001eb190720	DD
Zm00001eb190730	DD
Zm00001eb191310	DD
Zm00001eb191350	DD
Zm00001eb191390	DD
Zm00001eb191520	DD
Zm00001eb191710	DD
Zm00001eb192100	DD
Zm00001eb192140	DD
Zm00001eb192150	DD
Zm00001eb192200	DD
Zm00001eb192280	DD
Zm00001eb192690	DD
Zm00001eb193010	DD
Zm00001eb193030	DD
Zm00001eb193170	DD
Zm00001eb193460	DD
Zm00001eb193490	DD
Zm00001eb193510	DD
Zm00001eb193610	DD
Zm00001eb193900	DD
Zm00001eb194340	DD
Zm00001eb194400	DD
Zm00001eb194450	DD
Zm00001eb194710	DD
Zm00001eb194960	DD
Zm00001eb195170	DD
Zm00001eb195870	DD
Zm00001eb196090	DD
Zm00001eb196200	DD
Zm00001eb196240	DD
Zm00001eb196350	DD
Zm00001eb197050	DD
Zm00001eb197200	DD
Zm00001eb197360	DD
Zm00001eb197600	DD
Zm00001eb197830	DD
Zm00001eb198060	DD
Zm00001eb198170	DD
Zm00001eb198330	DD
Zm00001eb198610	DD
Zm00001eb198650	DD
Zm00001eb199020	DD
Zm00001eb199210	DD
Zm00001eb199220	DD
Zm00001eb199580	DD
Zm00001eb199610	DD
Zm00001eb199720	DD
Zm00001eb199750	DD
Zm00001eb200110	DD
Zm00001eb200630	DD
Zm00001eb200810	DD
Zm00001eb201540	DD
Zm00001eb201600	DD
Zm00001eb202060	DD
Zm00001eb202100	DD
Zm00001eb202180	DD
Zm00001eb202280	DD
Zm00001eb202340	DD
Zm00001eb202360	DD
Zm00001eb202580	DD
Zm00001eb202880	DD
Zm00001eb202910	DD
Zm00001eb203050	DD
Zm00001eb203090	DD
Zm00001eb203110	DD
Zm00001eb203140	DD
Zm00001eb203320	DD
Zm00001eb203340	DD
Zm00001eb203540	DD
Zm00001eb203710	DD
Zm00001eb203790	DD
Zm00001eb203950	DD
Zm00001eb203970	DD
Zm00001eb204580	DD
Zm00001eb204740	DD
Zm00001eb204880	DD
Zm00001eb205020	DD
Zm00001eb205240	DD
Zm00001eb205570	DD
Zm00001eb205590	DD
Zm00001eb205640	DD
Zm00001eb205730	DD
Zm00001eb206650	DD
Zm00001eb206810	DD
Zm00001eb207410	DD
Zm00001eb207480	DD
Zm00001eb207520	DD
Zm00001eb207630	DD
Zm00001eb207760	DD
Zm00001eb207910	DD
Zm00001eb207940	DD
Zm00001eb208030	DD
Zm00001eb208170	DD
Zm00001eb208180	DD
Zm00001eb208190	DD
Zm00001eb208800	DD
Zm00001eb208920	DD
Zm00001eb209360	DD
Zm00001eb209400	DD
Zm00001eb209440	DD
Zm00001eb209620	DD
Zm00001eb209720	DD
Zm00001eb210000	DD
Zm00001eb210050	DD
Zm00001eb210170	DD
Zm00001eb210210	DD
Zm00001eb210240	DD
Zm00001eb210610	DD
Zm00001eb210660	DD
Zm00001eb210850	DD
Zm00001eb211130	DD
Zm00001eb211310	DD
Zm00001eb211640	DD
Zm00001eb211670	DD
Zm00001eb212070	DD
Zm00001eb212770	DD
Zm00001eb212850	DD
Zm00001eb213070	DD
Zm00001eb213220	DD
Zm00001eb213330	DD
Zm00001eb213450	DD
Zm00001eb213460	DD
Zm00001eb213530	DD
Zm00001eb213550	DD
Zm00001eb213590	DD
Zm00001eb214460	DD
Zm00001eb214580	DD
Zm00001eb214600	DD
Zm00001eb214700	DD
Zm00001eb214710	DD
Zm00001eb214890	DD
Zm00001eb215170	DD
Zm00001eb215200	DD
Zm00001eb215220	DD
Zm00001eb215370	DD
Zm00001eb215450	DD
Zm00001eb215600	DD
Zm00001eb215650	DD
Zm00001eb215930	DD
Zm00001eb215950	DD
Zm00001eb215970	DD
Zm00001eb216110	DD
Zm00001eb216480	DD
Zm00001eb216550	DD
Zm00001eb216710	DD
Zm00001eb217360	DD
Zm00001eb217520	DD
Zm00001eb217890	DD
Zm00001eb218100	DD
Zm00001eb218640	DD
Zm00001eb219090	DD
Zm00001eb219120	DD
Zm00001eb219250	DD
Zm00001eb219450	DD
Zm00001eb220000	DD
Zm00001eb220120	DD
Zm00001eb220730	DD
Zm00001eb220740	DD
Zm00001eb221120	DD
Zm00001eb221220	DD
Zm00001eb221380	DD
Zm00001eb221480	DD
Zm00001eb221740	DD
Zm00001eb222350	DD
Zm00001eb222480	DD
Zm00001eb222500	DD
Zm00001eb222790	DD
Zm00001eb223520	DD
Zm00001eb223610	DD
Zm00001eb223780	DD
Zm00001eb224250	DD
Zm00001eb224290	DD
Zm00001eb224300	DD
Zm00001eb224360	DD
Zm00001eb224410	DD
Zm00001eb224460	DD
Zm00001eb224760	DD
Zm00001eb224980	DD
Zm00001eb225080	DD
Zm00001eb225630	DD
Zm00001eb225650	DD
Zm00001eb225910	DD
Zm00001eb226090	DD
Zm00001eb226160	DD
Zm00001eb226410	DD
Zm00001eb226560	DD
Zm00001eb226780	DD
Zm00001eb226960	DD
Zm00001eb227120	DD
Zm00001eb227210	DD
Zm00001eb227280	DD
Zm00001eb227330	DD
Zm00001eb227920	DD
Zm00001eb228010	DD
Zm00001eb228070	DD
Zm00001eb228100	DD
Zm00001eb228470	DD
Zm00001eb228710	DD
Zm00001eb228750	DD
Zm00001eb228970	DD
Zm00001eb229450	DD
Zm00001eb229520	DD
Zm00001eb230000	DD
Zm00001eb230240	DD
Zm00001eb230520	DD
Zm00001eb230640	DD
Zm00001eb230970	DD
Zm00001eb231110	DD
Zm00001eb231340	DD
Zm00001eb231450	DD
Zm00001eb231500	DD
Zm00001eb231700	DD
Zm00001eb231800	DD
Zm00001eb231930	DD
Zm00001eb232080	DD
Zm00001eb232330	DD
Zm00001eb232470	DD
Zm00001eb232570	DD
Zm00001eb232900	DD
Zm00001eb232960	DD
Zm00001eb233380	DD
Zm00001eb233400	DD
Zm00001eb233680	DD
Zm00001eb233910	DD
Zm00001eb234170	DD
Zm00001eb234370	DD
Zm00001eb234440	DD
Zm00001eb234760	DD
Zm00001eb234930	DD
Zm00001eb235000	DD
Zm00001eb235010	DD
Zm00001eb235030	DD
Zm00001eb235080	DD
Zm00001eb235130	DD
Zm00001eb235190	DD
Zm00001eb235220	DD
Zm00001eb235250	DD
Zm00001eb235260	DD
Zm00001eb235300	DD
Zm00001eb235380	DD
Zm00001eb235390	DD
Zm00001eb235730	DD
Zm00001eb235770	DD
Zm00001eb236210	DD
Zm00001eb236240	DD
Zm00001eb236470	DD
Zm00001eb236600	DD
Zm00001eb236700	DD
Zm00001eb236830	DD
Zm00001eb236970	DD
Zm00001eb236980	DD
Zm00001eb237030	DD
Zm00001eb237080	DD
Zm00001eb237160	DD
Zm00001eb237660	DD
Zm00001eb237670	DD
Zm00001eb238080	DD
Zm00001eb238100	DD
Zm00001eb238260	DD
Zm00001eb238600	DD
Zm00001eb239070	DD
Zm00001eb239090	DD
Zm00001eb239400	DD
Zm00001eb239640	DD
Zm00001eb239660	DD
Zm00001eb239710	DD
Zm00001eb239730	DD
Zm00001eb239830	DD
Zm00001eb239870	DD
Zm00001eb239910	DD
Zm00001eb240120	DD
Zm00001eb240170	DD
Zm00001eb240350	DD
Zm00001eb240360	DD
Zm00001eb240440	DD
Zm00001eb240470	DD
Zm00001eb241060	DD
Zm00001eb241130	DD
Zm00001eb241410	DD
Zm00001eb241460	DD
Zm00001eb241660	DD
Zm00001eb241670	DD
Zm00001eb241980	DD
Zm00001eb242180	DD
Zm00001eb242670	DD
Zm00001eb242730	DD
Zm00001eb242830	DD
Zm00001eb242870	DD
Zm00001eb243120	DD
Zm00001eb243280	DD
Zm00001eb243600	DD
Zm00001eb243720	DD
Zm00001eb243820	DD
Zm00001eb244070	DD
Zm00001eb244150	DD
Zm00001eb244210	DD
Zm00001eb244410	DD
Zm00001eb244420	DD
Zm00001eb244630	DD
Zm00001eb245020	DD
Zm00001eb245090	DD
Zm00001eb245110	DD
Zm00001eb245150	DD
Zm00001eb245170	DD
Zm00001eb245210	DD
Zm00001eb245280	DD
Zm00001eb245590	DD
Zm00001eb245630	DD
Zm00001eb245900	DD
Zm00001eb245990	DD
Zm00001eb246290	DD
Zm00001eb246440	DD
Zm00001eb246620	DD
Zm00001eb246880	DD
Zm00001eb247180	DD
Zm00001eb247680	DD
Zm00001eb248250	DD
Zm00001eb248370	DD
Zm00001eb248790	DD
Zm00001eb248820	DD
Zm00001eb248840	DD
Zm00001eb249050	DD
Zm00001eb249160	DD
Zm00001eb249270	DD
Zm00001eb249540	DD
Zm00001eb249980	DD
Zm00001eb250050	DD
Zm00001eb250110	DD
Zm00001eb250170	DD
Zm00001eb250200	DD
Zm00001eb250310	DD
Zm00001eb250500	DD
Zm00001eb250510	DD
Zm00001eb250810	DD
Zm00001eb250820	DD
Zm00001eb251120	DD
Zm00001eb251270	DD
Zm00001eb251850	DD
Zm00001eb252660	DD
Zm00001eb252940	DD
Zm00001eb253060	DD
Zm00001eb253210	DD
Zm00001eb253380	DD
Zm00001eb254140	DD
Zm00001eb254590	DD
Zm00001eb255640	DD
Zm00001eb255650	DD
Zm00001eb255810	DD
Zm00001eb255910	DD
Zm00001eb256040	DD
Zm00001eb257390	DD
Zm00001eb257420	DD
Zm00001eb257840	DD
Zm00001eb258350	DD
Zm00001eb258440	DD
Zm00001eb258780	DD
Zm00001eb258850	DD
Zm00001eb258900	DD
Zm00001eb259380	DD
Zm00001eb259520	DD
Zm00001eb259720	DD
Zm00001eb259850	DD
Zm00001eb259900	DD
Zm00001eb260310	DD
Zm00001eb260330	DD
Zm00001eb260440	DD
Zm00001eb260910	DD
Zm00001eb261010	DD
Zm00001eb261340	DD
Zm00001eb261710	DD
Zm00001eb261910	DD
Zm00001eb261920	DD
Zm00001eb262390	DD
Zm00001eb262540	DD
Zm00001eb262590	DD
Zm00001eb262710	DD
Zm00001eb262820	DD
Zm00001eb262850	DD
Zm00001eb263030	DD
Zm00001eb263190	DD
Zm00001eb263220	DD
Zm00001eb264160	DD
Zm00001eb264170	DD
Zm00001eb264190	DD
Zm00001eb264460	DD
Zm00001eb264710	DD
Zm00001eb264770	DD
Zm00001eb264810	DD
Zm00001eb264930	DD
Zm00001eb265310	DD
Zm00001eb265590	DD
Zm00001eb265630	DD
Zm00001eb266270	DD
Zm00001eb266680	DD
Zm00001eb266940	DD
Zm00001eb267110	DD
Zm00001eb267190	DD
Zm00001eb267270	DD
Zm00001eb267590	DD
Zm00001eb267740	DD
Zm00001eb268090	DD
Zm00001eb269030	DD
Zm00001eb269600	DD
Zm00001eb270010	DD
Zm00001eb270170	DD
Zm00001eb270210	DD
Zm00001eb270300	DD
Zm00001eb270370	DD
Zm00001eb270480	DD
Zm00001eb270540	DD
Zm00001eb270590	DD
Zm00001eb270620	DD
Zm00001eb270800	DD
Zm00001eb270820	DD
Zm00001eb271010	DD
Zm00001eb271560	DD
Zm00001eb271600	DD
Zm00001eb271620	DD
Zm00001eb271980	DD
Zm00001eb272140	DD
Zm00001eb272190	DD
Zm00001eb272230	DD
Zm00001eb272460	DD
Zm00001eb273310	DD
Zm00001eb273380	DD
Zm00001eb274630	DD
Zm00001eb274720	DD
Zm00001eb274760	DD
Zm00001eb274820	DD
Zm00001eb274880	DD
Zm00001eb274920	DD
Zm00001eb274980	DD
Zm00001eb275150	DD
Zm00001eb275330	DD
Zm00001eb275370	DD
Zm00001eb276200	DD
Zm00001eb276210	DD
Zm00001eb276430	DD
Zm00001eb276900	DD
Zm00001eb276930	DD
Zm00001eb277090	DD
Zm00001eb277190	DD
Zm00001eb277440	DD
Zm00001eb277490	DD
Zm00001eb277510	DD
Zm00001eb277730	DD
Zm00001eb277790	DD
Zm00001eb278060	DD
Zm00001eb278190	DD
Zm00001eb278250	DD
Zm00001eb278490	DD
Zm00001eb278500	DD
Zm00001eb279400	DD
Zm00001eb279460	DD
Zm00001eb279480	DD
Zm00001eb279630	DD
Zm00001eb279950	DD
Zm00001eb279960	DD
Zm00001eb280100	DD
Zm00001eb280140	DD
Zm00001eb280420	DD
Zm00001eb280640	DD
Zm00001eb280960	DD
Zm00001eb281140	DD
Zm00001eb281300	DD
Zm00001eb281310	DD
Zm00001eb281360	DD
Zm00001eb281370	DD
Zm00001eb281440	DD
Zm00001eb281480	DD
Zm00001eb281490	DD
Zm00001eb281510	DD
Zm00001eb281740	DD
Zm00001eb281970	DD
Zm00001eb282020	DD
Zm00001eb282350	DD
Zm00001eb282360	DD
Zm00001eb282520	DD
Zm00001eb282600	DD
Zm00001eb282690	DD
Zm00001eb282910	DD
Zm00001eb283160	DD
Zm00001eb283210	DD
Zm00001eb283760	DD
Zm00001eb283770	DD
Zm00001eb283780	DD
Zm00001eb283810	DD
Zm00001eb283850	DD
Zm00001eb284670	DD
Zm00001eb284760	DD
Zm00001eb284790	DD
Zm00001eb285100	DD
Zm00001eb285320	DD
Zm00001eb285470	DD
Zm00001eb285550	DD
Zm00001eb285610	DD
Zm00001eb286250	DD
Zm00001eb286300	DD
Zm00001eb286610	DD
Zm00001eb286680	DD
Zm00001eb286820	DD
Zm00001eb286830	DD
Zm00001eb286960	DD
Zm00001eb287010	DD
Zm00001eb287080	DD
Zm00001eb287180	DD
Zm00001eb287390	DD
Zm00001eb287470	DD
Zm00001eb287580	DD
Zm00001eb287790	DD
Zm00001eb287840	DD
Zm00001eb287860	DD
Zm00001eb288000	DD
Zm00001eb288200	DD
Zm00001eb288480	DD
Zm00001eb288520	DD
Zm00001eb288610	DD
Zm00001eb288690	DD
Zm00001eb288700	DD
Zm00001eb288940	DD
Zm00001eb289040	DD
Zm00001eb289060	DD
Zm00001eb289530	DD
Zm00001eb289800	DD
Zm00001eb290110	DD
Zm00001eb290380	DD
Zm00001eb290420	DD
Zm00001eb290590	DD
Zm00001eb290600	DD
Zm00001eb291120	DD
Zm00001eb291290	DD
Zm00001eb291550	DD
Zm00001eb291630	DD
Zm00001eb291750	DD
Zm00001eb291930	DD
Zm00001eb292230	DD
Zm00001eb292410	DD
Zm00001eb292580	DD
Zm00001eb292630	DD
Zm00001eb293030	DD
Zm00001eb293650	DD
Zm00001eb294900	DD
Zm00001eb295030	DD
Zm00001eb295150	DD
Zm00001eb295220	DD
Zm00001eb295530	DD
Zm00001eb295650	DD
Zm00001eb296010	DD
Zm00001eb296180	DD
Zm00001eb296330	DD
Zm00001eb296510	DD
Zm00001eb297250	DD
Zm00001eb297310	DD
Zm00001eb297560	DD
Zm00001eb297890	DD
Zm00001eb298000	DD
Zm00001eb298050	DD
Zm00001eb298090	DD
Zm00001eb298290	DD
Zm00001eb298770	DD
Zm00001eb299390	DD
Zm00001eb299490	DD
Zm00001eb299660	DD
Zm00001eb299700	DD
Zm00001eb299980	DD
Zm00001eb300580	DD
Zm00001eb301100	DD
Zm00001eb301320	DD
Zm00001eb301510	DD
Zm00001eb301560	DD
Zm00001eb301770	DD
Zm00001eb301780	DD
Zm00001eb301890	DD
Zm00001eb301970	DD
Zm00001eb302170	DD
Zm00001eb302180	DD
Zm00001eb302550	DD
Zm00001eb302660	DD
Zm00001eb303100	DD
Zm00001eb303340	DD
Zm00001eb303370	DD
Zm00001eb303440	DD
Zm00001eb303650	DD
Zm00001eb304030	DD
Zm00001eb304220	DD
Zm00001eb304240	DD
Zm00001eb304340	DD
Zm00001eb304680	DD
Zm00001eb304700	DD
Zm00001eb304980	DD
Zm00001eb305140	DD
Zm00001eb305290	DD
Zm00001eb305720	DD
Zm00001eb305780	DD
Zm00001eb305860	DD
Zm00001eb305910	DD
Zm00001eb305960	DD
Zm00001eb305990	DD
Zm00001eb306190	DD
Zm00001eb306200	DD
Zm00001eb306290	DD
Zm00001eb306320	DD
Zm00001eb306360	DD
Zm00001eb306460	DD
Zm00001eb306660	DD
Zm00001eb306770	DD
Zm00001eb306980	DD
Zm00001eb307180	DD
Zm00001eb307520	DD
Zm00001eb307710	DD
Zm00001eb307760	DD
Zm00001eb307980	DD
Zm00001eb308130	DD
Zm00001eb308150	DD
Zm00001eb308250	DD
Zm00001eb308310	DD
Zm00001eb308440	DD
Zm00001eb308580	DD
Zm00001eb308610	DD
Zm00001eb308770	DD
Zm00001eb308890	DD
Zm00001eb309050	DD
Zm00001eb309190	DD
Zm00001eb309420	DD
Zm00001eb309540	DD
Zm00001eb309610	DD
Zm00001eb309850	DD
Zm00001eb309970	DD
Zm00001eb310290	DD
Zm00001eb310530	DD
Zm00001eb310600	DD
Zm00001eb310840	DD
Zm00001eb311020	DD
Zm00001eb311040	DD
Zm00001eb311090	DD
Zm00001eb311210	DD
Zm00001eb311360	DD
Zm00001eb311380	DD
Zm00001eb311410	DD
Zm00001eb311420	DD
Zm00001eb311520	DD
Zm00001eb311530	DD
Zm00001eb311640	DD
Zm00001eb312140	DD
Zm00001eb312350	DD
Zm00001eb312580	DD
Zm00001eb312880	DD
Zm00001eb313170	DD
Zm00001eb313210	DD
Zm00001eb313370	DD
Zm00001eb313840	DD
Zm00001eb314680	DD
Zm00001eb315350	DD
Zm00001eb315670	DD
Zm00001eb316140	DD
Zm00001eb316200	DD
Zm00001eb316320	DD
Zm00001eb316400	DD
Zm00001eb316690	DD
Zm00001eb316840	DD
Zm00001eb317290	DD
Zm00001eb317420	DD
Zm00001eb317600	DD
Zm00001eb317710	DD
Zm00001eb317730	DD
Zm00001eb317830	DD
Zm00001eb318200	DD
Zm00001eb318230	DD
Zm00001eb318310	DD
Zm00001eb318720	DD
Zm00001eb318860	DD
Zm00001eb318950	DD
Zm00001eb319160	DD
Zm00001eb319230	DD
Zm00001eb319850	DD
Zm00001eb319880	DD
Zm00001eb320230	DD
Zm00001eb320250	DD
Zm00001eb320260	DD
Zm00001eb320340	DD
Zm00001eb320400	DD
Zm00001eb320410	DD
Zm00001eb321180	DD
Zm00001eb321370	DD
Zm00001eb321790	DD
Zm00001eb322000	DD
Zm00001eb322240	DD
Zm00001eb322330	DD
Zm00001eb322420	DD
Zm00001eb322640	DD
Zm00001eb322780	DD
Zm00001eb323170	DD
Zm00001eb323510	DD
Zm00001eb323740	DD
Zm00001eb323990	DD
Zm00001eb324030	DD
Zm00001eb324040	DD
Zm00001eb324370	DD
Zm00001eb324620	DD
Zm00001eb324940	DD
Zm00001eb325920	DD
Zm00001eb326160	DD
Zm00001eb326250	DD
Zm00001eb326540	DD
Zm00001eb326550	DD
Zm00001eb326690	DD
Zm00001eb326720	DD
Zm00001eb326860	DD
Zm00001eb327510	DD
Zm00001eb327730	DD
Zm00001eb328070	DD
Zm00001eb328760	DD
Zm00001eb328940	DD
Zm00001eb329240	DD
Zm00001eb329260	DD
Zm00001eb329540	DD
Zm00001eb329750	DD
Zm00001eb329800	DD
Zm00001eb329920	DD
Zm00001eb329950	DD
Zm00001eb329960	DD
Zm00001eb329970	DD
Zm00001eb330120	DD
Zm00001eb330240	DD
Zm00001eb331590	DD
Zm00001eb331980	DD
Zm00001eb332110	DD
Zm00001eb332170	DD
Zm00001eb332480	DD
Zm00001eb332570	DD
Zm00001eb332790	DD
Zm00001eb333000	DD
Zm00001eb333270	DD
Zm00001eb333600	DD
Zm00001eb333830	DD
Zm00001eb333870	DD
Zm00001eb333910	DD
Zm00001eb333930	DD
Zm00001eb334140	DD
Zm00001eb334250	DD
Zm00001eb334490	DD
Zm00001eb334700	DD
Zm00001eb334840	DD
Zm00001eb335740	DD
Zm00001eb336160	DD
Zm00001eb336240	DD
Zm00001eb336410	DD
Zm00001eb336560	DD
Zm00001eb337170	DD
Zm00001eb337380	DD
Zm00001eb337650	DD
Zm00001eb337750	DD
Zm00001eb337830	DD
Zm00001eb337850	DD
Zm00001eb338660	DD
Zm00001eb338680	DD
Zm00001eb338810	DD
Zm00001eb338820	DD
Zm00001eb339160	DD
Zm00001eb339410	DD
Zm00001eb339600	DD
Zm00001eb339710	DD
Zm00001eb339840	DD
Zm00001eb339970	DD
Zm00001eb340030	DD
Zm00001eb340080	DD
Zm00001eb340420	DD
Zm00001eb340470	DD
Zm00001eb340480	DD
Zm00001eb340530	DD
Zm00001eb340580	DD
Zm00001eb340600	DD
Zm00001eb340800	DD
Zm00001eb340810	DD
Zm00001eb341080	DD
Zm00001eb341090	DD
Zm00001eb341170	DD
Zm00001eb341210	DD
Zm00001eb341240	DD
Zm00001eb341290	DD
Zm00001eb341330	DD
Zm00001eb341380	DD
Zm00001eb341620	DD
Zm00001eb341770	DD
Zm00001eb341800	DD
Zm00001eb341940	DD
Zm00001eb342000	DD
Zm00001eb342110	DD
Zm00001eb342130	DD
Zm00001eb342600	DD
Zm00001eb342750	DD
Zm00001eb342980	DD
Zm00001eb343310	DD
Zm00001eb343380	DD
Zm00001eb343970	DD
Zm00001eb344090	DD
Zm00001eb344250	DD
Zm00001eb344380	DD
Zm00001eb345000	DD
Zm00001eb345290	DD
Zm00001eb345430	DD
Zm00001eb345570	DD
Zm00001eb345800	DD
Zm00001eb346100	DD
Zm00001eb346260	DD
Zm00001eb346300	DD
Zm00001eb346740	DD
Zm00001eb346750	DD
Zm00001eb346840	DD
Zm00001eb347030	DD
Zm00001eb347080	DD
Zm00001eb347320	DD
Zm00001eb347380	DD
Zm00001eb347540	DD
Zm00001eb347940	DD
Zm00001eb348070	DD
Zm00001eb348330	DD
Zm00001eb348600	DD
Zm00001eb348690	DD
Zm00001eb348910	DD
Zm00001eb348930	DD
Zm00001eb348970	DD
Zm00001eb349170	DD
Zm00001eb349380	DD
Zm00001eb349430	DD
Zm00001eb349980	DD
Zm00001eb350050	DD
Zm00001eb350060	DD
Zm00001eb350100	DD
Zm00001eb350570	DD
Zm00001eb350670	DD
Zm00001eb350750	DD
Zm00001eb350880	DD
Zm00001eb350900	DD
Zm00001eb351000	DD
Zm00001eb351020	DD
Zm00001eb351180	DD
Zm00001eb351400	DD
Zm00001eb351550	DD
Zm00001eb351700	DD
Zm00001eb352180	DD
Zm00001eb352450	DD
Zm00001eb352740	DD
Zm00001eb352850	DD
Zm00001eb352880	DD
Zm00001eb353150	DD
Zm00001eb353660	DD
Zm00001eb353800	DD
Zm00001eb353940	DD
Zm00001eb354230	DD
Zm00001eb354900	DD
Zm00001eb354930	DD
Zm00001eb354990	DD
Zm00001eb355470	DD
Zm00001eb355880	DD
Zm00001eb355950	DD
Zm00001eb356100	DD
Zm00001eb356250	DD
Zm00001eb356470	DD
Zm00001eb356740	DD
Zm00001eb356890	DD
Zm00001eb357050	DD
Zm00001eb357190	DD
Zm00001eb358030	DD
Zm00001eb359450	DD
Zm00001eb359480	DD
Zm00001eb359580	DD
Zm00001eb359600	DD
Zm00001eb359650	DD
Zm00001eb359680	DD
Zm00001eb360040	DD
Zm00001eb360300	DD
Zm00001eb360340	DD
Zm00001eb360450	DD
Zm00001eb360540	DD
Zm00001eb361870	DD
Zm00001eb362010	DD
Zm00001eb362020	DD
Zm00001eb362040	DD
Zm00001eb363260	DD
Zm00001eb363690	DD
Zm00001eb363780	DD
Zm00001eb364350	DD
Zm00001eb364630	DD
Zm00001eb365150	DD
Zm00001eb365390	DD
Zm00001eb365870	DD
Zm00001eb365890	DD
Zm00001eb365970	DD
Zm00001eb366130	DD
Zm00001eb366170	DD
Zm00001eb366500	DD
Zm00001eb366840	DD
Zm00001eb367030	DD
Zm00001eb367040	DD
Zm00001eb367470	DD
Zm00001eb367930	DD
Zm00001eb368030	DD
Zm00001eb368380	DD
Zm00001eb368630	DD
Zm00001eb368870	DD
Zm00001eb369090	DD
Zm00001eb369200	DD
Zm00001eb369720	DD
Zm00001eb369910	DD
Zm00001eb370180	DD
Zm00001eb370230	DD
Zm00001eb370240	DD
Zm00001eb370490	DD
Zm00001eb370680	DD
Zm00001eb370880	DD
Zm00001eb370910	DD
Zm00001eb371330	DD
Zm00001eb371360	DD
Zm00001eb371700	DD
Zm00001eb372290	DD
Zm00001eb372860	DD
Zm00001eb373200	DD
Zm00001eb373350	DD
Zm00001eb373580	DD
Zm00001eb374130	DD
Zm00001eb374220	DD
Zm00001eb374340	DD
Zm00001eb374430	DD
Zm00001eb374610	DD
Zm00001eb374980	DD
Zm00001eb375080	DD
Zm00001eb375150	DD
Zm00001eb375170	DD
Zm00001eb375310	DD
Zm00001eb375540	DD
Zm00001eb375620	DD
Zm00001eb376490	DD
Zm00001eb376700	DD
Zm00001eb376880	DD
Zm00001eb377240	DD
Zm00001eb377890	DD
Zm00001eb377910	DD
Zm00001eb377950	DD
Zm00001eb377970	DD
Zm00001eb377980	DD
Zm00001eb378070	DD
Zm00001eb378380	DD
Zm00001eb378730	DD
Zm00001eb378970	DD
Zm00001eb379350	DD
Zm00001eb379560	DD
Zm00001eb379620	DD
Zm00001eb379690	DD
Zm00001eb379700	DD
Zm00001eb379840	DD
Zm00001eb379960	DD
Zm00001eb380010	DD
Zm00001eb380180	DD
Zm00001eb380230	DD
Zm00001eb380410	DD
Zm00001eb380800	DD
Zm00001eb381010	DD
Zm00001eb381060	DD
Zm00001eb381180	DD
Zm00001eb381370	DD
Zm00001eb381450	DD
Zm00001eb381480	DD
Zm00001eb381520	DD
Zm00001eb381810	DD
Zm00001eb381870	DD
Zm00001eb381910	DD
Zm00001eb381940	DD
Zm00001eb382030	DD
Zm00001eb382040	DD
Zm00001eb382110	DD
Zm00001eb382130	DD
Zm00001eb382310	DD
Zm00001eb382400	DD
Zm00001eb382420	DD
Zm00001eb382520	DD
Zm00001eb382810	DD
Zm00001eb382850	DD
Zm00001eb382960	DD
Zm00001eb382970	DD
Zm00001eb383200	DD
Zm00001eb383410	DD
Zm00001eb384060	DD
Zm00001eb384470	DD
Zm00001eb384610	DD
Zm00001eb384730	DD
Zm00001eb384980	DD
Zm00001eb385270	DD
Zm00001eb385680	DD
Zm00001eb385780	DD
Zm00001eb385790	DD
Zm00001eb386170	DD
Zm00001eb386190	DD
Zm00001eb386650	DD
Zm00001eb386670	DD
Zm00001eb386710	DD
Zm00001eb386860	DD
Zm00001eb387730	DD
Zm00001eb387740	DD
Zm00001eb387950	DD
Zm00001eb388130	DD
Zm00001eb388140	DD
Zm00001eb388150	DD
Zm00001eb388490	DD
Zm00001eb389100	DD
Zm00001eb389460	DD
Zm00001eb389880	DD
Zm00001eb389940	DD
Zm00001eb390120	DD
Zm00001eb390340	DD
Zm00001eb390410	DD
Zm00001eb391150	DD
Zm00001eb391170	DD
Zm00001eb391300	DD
Zm00001eb391440	DD
Zm00001eb392300	DD
Zm00001eb392620	DD
Zm00001eb392820	DD
Zm00001eb392840	DD
Zm00001eb393010	DD
Zm00001eb393020	DD
Zm00001eb393340	DD
Zm00001eb393630	DD
Zm00001eb393780	DD
Zm00001eb393860	DD
Zm00001eb394460	DD
Zm00001eb394510	DD
Zm00001eb394580	DD
Zm00001eb394720	DD
Zm00001eb395210	DD
Zm00001eb395350	DD
Zm00001eb395670	DD
Zm00001eb395680	DD
Zm00001eb395710	DD
Zm00001eb395960	DD
Zm00001eb396020	DD
Zm00001eb396190	DD
Zm00001eb396320	DD
Zm00001eb396500	DD
Zm00001eb396550	DD
Zm00001eb396810	DD
Zm00001eb397850	DD
Zm00001eb398010	DD
Zm00001eb398210	DD
Zm00001eb398390	DD
Zm00001eb398560	DD
Zm00001eb398700	DD
Zm00001eb398800	DD
Zm00001eb398940	DD
Zm00001eb399460	DD
Zm00001eb399550	DD
Zm00001eb399760	DD
Zm00001eb400250	DD
Zm00001eb400420	DD
Zm00001eb400470	DD
Zm00001eb400960	DD
Zm00001eb401350	DD
Zm00001eb401380	DD
Zm00001eb402150	DD
Zm00001eb402230	DD
Zm00001eb403270	DD
Zm00001eb403350	DD
Zm00001eb403430	DD
Zm00001eb403540	DD
Zm00001eb403790	DD
Zm00001eb404100	DD
Zm00001eb404600	DD
Zm00001eb404900	DD
Zm00001eb405020	DD
Zm00001eb405410	DD
Zm00001eb405490	DD
Zm00001eb405750	DD
Zm00001eb406060	DD
Zm00001eb406270	DD
Zm00001eb407010	DD
Zm00001eb407100	DD
Zm00001eb407270	DD
Zm00001eb407450	DD
Zm00001eb407780	DD
Zm00001eb407950	DD
Zm00001eb407960	DD
Zm00001eb407990	DD
Zm00001eb408090	DD
Zm00001eb408480	DD
Zm00001eb408770	DD
Zm00001eb408880	DD
Zm00001eb409100	DD
Zm00001eb409220	DD
Zm00001eb409400	DD
Zm00001eb409430	DD
Zm00001eb409520	DD
Zm00001eb409650	DD
Zm00001eb409680	DD
Zm00001eb409690	DD
Zm00001eb409720	DD
Zm00001eb409770	DD
Zm00001eb409850	DD
Zm00001eb409910	DD
Zm00001eb409970	DD
Zm00001eb410180	DD
Zm00001eb410210	DD
Zm00001eb410510	DD
Zm00001eb410790	DD
Zm00001eb410870	DD
Zm00001eb410880	DD
Zm00001eb411040	DD
Zm00001eb411050	DD
Zm00001eb411210	DD
Zm00001eb411240	DD
Zm00001eb411480	DD
Zm00001eb411780	DD
Zm00001eb412000	DD
Zm00001eb412280	DD
Zm00001eb412420	DD
Zm00001eb412460	DD
Zm00001eb412470	DD
Zm00001eb412750	DD
Zm00001eb414350	DD
Zm00001eb414460	DD
Zm00001eb414630	DD
Zm00001eb414730	DD
Zm00001eb414800	DD
Zm00001eb414970	DD
Zm00001eb414980	DD
Zm00001eb415140	DD
Zm00001eb415210	DD
Zm00001eb415330	DD
Zm00001eb415390	DD
Zm00001eb415460	DD
Zm00001eb415520	DD
Zm00001eb415700	DD
Zm00001eb415770	DD
Zm00001eb415820	DD
Zm00001eb415990	DD
Zm00001eb416040	DD
Zm00001eb416300	DD
Zm00001eb416360	DD
Zm00001eb416480	DD
Zm00001eb416640	DD
Zm00001eb416650	DD
Zm00001eb417000	DD
Zm00001eb417010	DD
Zm00001eb417060	DD
Zm00001eb417250	DD
Zm00001eb417300	DD
Zm00001eb417550	DD
Zm00001eb417680	DD
Zm00001eb417730	DD
Zm00001eb417800	DD
Zm00001eb417910	DD
Zm00001eb417920	DD
Zm00001eb417990	DD
Zm00001eb418100	DD
Zm00001eb418150	DD
Zm00001eb418270	DD
Zm00001eb418350	DD
Zm00001eb418380	DD
Zm00001eb418470	DD
Zm00001eb418530	DD
Zm00001eb418540	DD
Zm00001eb418770	DD
Zm00001eb418820	DD
Zm00001eb419520	DD
Zm00001eb419580	DD
Zm00001eb419650	DD
Zm00001eb419660	DD
Zm00001eb419930	DD
Zm00001eb419940	DD
Zm00001eb419950	DD
Zm00001eb419980	DD
Zm00001eb420050	DD
Zm00001eb420070	DD
Zm00001eb420130	DD
Zm00001eb420220	DD
Zm00001eb420330	DD
Zm00001eb420350	DD
Zm00001eb420390	DD
Zm00001eb420560	DD
Zm00001eb420650	DD
Zm00001eb420700	DD
Zm00001eb421940	DD
Zm00001eb421970	DD
Zm00001eb422040	DD
Zm00001eb422150	DD
Zm00001eb422200	DD
Zm00001eb423090	DD
Zm00001eb423150	DD
Zm00001eb423320	DD
Zm00001eb423650	DD
Zm00001eb423770	DD
Zm00001eb423890	DD
Zm00001eb424070	DD
Zm00001eb424310	DD
Zm00001eb424460	DD
Zm00001eb424540	DD
Zm00001eb424570	DD
Zm00001eb424750	DD
Zm00001eb425060	DD
Zm00001eb425410	DD
Zm00001eb426010	DD
Zm00001eb426120	DD
Zm00001eb426430	DD
Zm00001eb426550	DD
Zm00001eb427030	DD
Zm00001eb427160	DD
Zm00001eb427200	DD
Zm00001eb427250	DD
Zm00001eb427380	DD
Zm00001eb427700	DD
Zm00001eb427770	DD
Zm00001eb427790	DD
Zm00001eb427860	DD
Zm00001eb428050	DD
Zm00001eb428150	DD
Zm00001eb428220	DD
Zm00001eb428260	DD
Zm00001eb428480	DD
Zm00001eb428600	DD
Zm00001eb428760	DD
Zm00001eb428900	DD
Zm00001eb429220	DD
Zm00001eb429460	DD
Zm00001eb430110	DD
Zm00001eb430120	DD
Zm00001eb430280	DD
Zm00001eb430970	DD
Zm00001eb431140	DD
Zm00001eb431460	DD
Zm00001eb431530	DD
Zm00001eb431980	DD
Zm00001eb432110	DD
Zm00001eb432290	DD
Zm00001eb432800	DD
Zm00001eb432820	DD
Zm00001eb433060	DD
Zm00001eb433110	DD
Zm00001eb433170	DD
Zm00001eb433340	DD
Zm00001eb434210	DD
Zm00001eb434460	DD
